customer_id,signup_month,tenure_months,monthly_charges,total_charges,contract_type,payment_method,internet_service,tech_support,senior_citizen,churn
C100000,2023-10,19,67.23,1217.01,Two year,Bank transfer (automatic),Fiber optic,Yes,0,0
C100001,2023-08,26,31.5,820.23,Month-to-month,Mailed check,No,No,1,1
C100002,2025-05,17,25.22,426.93,Month-to-month,Credit card (automatic),No,No,0,0
C100003,2025-02,15,66.65,953.89,One year,Credit card (automatic),Fiber optic,No,0,0
C100004,2023-09,28,74.98,2184.92,Month-to-month,Mailed check,Fiber optic,Yes,0,0
C100005,2025-06,16,28.22,473.73,Two year,Credit card (automatic),No,No,0,0
C100006,2024-05,22,35.18,790.2,Month-to-month,Bank transfer (automatic),No,Yes,0,0
C100007,2024-01,20,64.87,1267.91,Month-to-month,Electronic check,Fiber optic,Yes,0,0
C100008,2024-05,28,47.09,1261.29,One year,Credit card (automatic),DSL,Yes,1,0
C100009,2025-05,13,50.88,647.06,Month-to-month,Mailed check,DSL,No,0,0
C100010,2022-10,35,75.72,2678.32,Month-to-month,Bank transfer (automatic),Fiber optic,No,0,0
C100011,2024-08,11,23.22,249.97,Month-to-month,Bank transfer (automatic),No,Yes,0,1
C100012,2023-08,23,54.43,1282.32,Month-to-month,Credit card (automatic),DSL,Yes,0,0
C100013,2024-07,21,23.74,522.54,Two year,Bank transfer (automatic),No,Yes,0,0
C100014,2025-09,10,54.19,526.36,Month-to-month,Credit card (automatic),DSL,No,0,0
C100015,2024-05,24,67.35,1696.11,One year,Electronic check,Fiber optic,No,0,0
C100016,2024-07,14,22.73,318.21,One year,Credit card (automatic),No,No,0,0
C100017,2024-12,8,31.71,251.58,Month-to-month,Bank transfer (automatic),No,No,0,0
C100018,2022-10,26,78.68,1983.74,One year,Bank transfer (automatic),Fiber optic,No,0,1
C100019,2025-02,6,34.88,200.32,Month-to-month,Credit card (automatic),No,Yes,0,0
C100020,2024-07,9,35.48,327.13,One year,Electronic check,No,No,0,0
C100021,2023-09,17,37.38,646.36,Month-to-month,Electronic check,No,Yes,0,0
C100022,2023-08,28,26.64,765.81,Two year,Credit card (automatic),No,No,1,0
C100023,2024-05,25,86.23,2094.68,Month-to-month,Credit card (automatic),Fiber optic,No,0,0
C100024,2024-11,19,57.34,1116.46,One year,Bank transfer (automatic),DSL,No,1,0
C100025,2024-07,4,49.3,199.74,Month-to-month,Mailed check,DSL,Yes,0,0
C100026,2025-05,11,50.99,555.13,Month-to-month,Electronic check,DSL,No,0,0
C100027,2025-01,13,55.91,703.06,Month-to-month,Mailed check,DSL,No,0,1
C100028,2025-06,8,60.28,490.19,Month-to-month,Mailed check,DSL,No,0,0
C100029,2024-08,3,53.63,167.48,Month-to-month,Credit card (automatic),DSL,Yes,0,1
C100030,2025-02,17,66.17,1158.8,One year,Bank transfer (automatic),Fiber optic,No,0,0
C100031,2024-06,25,59.74,1565.95,Month-to-month,Mailed check,DSL,Yes,0,0
C100032,2024-07,12,46.1,533.89,One year,Mailed check,DSL,No,0,0
C100033,2022-08,28,52.42,1489.48,Two year,Credit card (automatic),DSL,No,0,0
C100034,2025-02,5,55.26,272.33,Month-to-month,Bank transfer (automatic),DSL,No,0,0
C100035,2024-04,7,66.95,461.34,Month-to-month,Electronic check,Fiber optic,No,0,1
C100036,2024-05,17,40.66,679.84,Month-to-month,Mailed check,No,No,1,1
C100037,2025-05,11,72.1,805.95,One year,Mailed check,Fiber optic,No,0,0
C100038,2024-06,24,67.88,1675.44,Month-to-month,Electronic check,Fiber optic,Yes,0,0
C100039,2024-09,21,30.29,639.42,Month-to-month,Bank transfer (automatic),No,No,1,0
C100040,2024-03,12,58.62,717.48,Two year,Electronic check,Fiber optic,No,1,0
C100041,2025-03,5,57.17,281.63,Month-to-month,Mailed check,DSL,Yes,0,1
C100042,2024-03,11,60.17,661.82,Month-to-month,Mailed check,DSL,No,0,0
C100043,2024-09,22,85.21,1811.1,Two year,Mailed check,Fiber optic,Yes,0,0
C100044,2024-04,25,69.59,1662.0,Two year,Bank transfer (automatic),Fiber optic,No,0,1
C100045,2025-04,11,26.05,285.26,Month-to-month,Bank transfer (automatic),No,No,0,0
C100046,2025-02,3,56.24,176.76,Month-to-month,Electronic check,DSL,No,1,0
C100047,2024-06,5,38.64,201.37,Month-to-month,Electronic check,No,Yes,0,0
C100048,2023-10,21,78.01,1703.28,Month-to-month,Bank transfer (automatic),Fiber optic,No,0,0
C100049,2024-04,12,35.0,414.31,Month-to-month,Credit card (automatic),No,No,0,1
C100050,2024-02,12,79.56,978.57,Month-to-month,Electronic check,Fiber optic,No,0,0
C100051,2024-08,7,58.04,424.01,Month-to-month,Electronic check,DSL,No,1,1
C100052,2025-08,7,63.59,425.57,One year,Credit card (automatic),Fiber optic,No,0,0
C100053,2022-10,28,41.86,1165.75,Two year,Electronic check,DSL,No,0,0
C100054,2023-03,21,41.12,852.47,Two year,Credit card (automatic),DSL,Yes,0,0
C100055,2024-08,10,22.82,236.02,Month-to-month,Credit card (automatic),No,Yes,0,0
C100056,2025-03,16,68.51,1104.71,Month-to-month,Electronic check,Fiber optic,Yes,0,0
C100057,2023-11,18,63.96,1208.64,One year,Electronic check,DSL,No,1,1
C100058,2022-03,43,67.76,2784.46,One year,Credit card (automatic),Fiber optic,Yes,0,0
C100059,2024-11,6,75.6,445.11,Month-to-month,Electronic check,Fiber optic,No,0,0
C100060,2025-03,18,49.14,889.23,Two year,Mailed check,DSL,No,1,0
C100061,2023-10,27,56.16,1473.79,Month-to-month,Electronic check,DSL,Yes,0,1
C100062,2022-06,40,30.42,1273.78,Month-to-month,Bank transfer (automatic),No,Yes,0,0
C100063,2025-11,9,47.46,435.42,Month-to-month,Credit card (automatic),DSL,Yes,0,0
C100064,2024-11,11,31.19,346.76,Two year,Bank transfer (automatic),No,Yes,0,0
C100065,2023-08,24,48.72,1126.79,One year,Electronic check,DSL,Yes,0,0
C100066,2025-04,4,70.72,291.11,Month-to-month,Bank transfer (automatic),Fiber optic,No,0,0
C100067,2023-08,19,70.16,1395.8,One year,Bank transfer (automatic),Fiber optic,No,0,0
C100068,2021-07,53,55.45,3027.58,Two year,Electronic check,DSL,Yes,0,0
C100069,2024-08,21,71.25,1506.07,Month-to-month,Bank transfer (automatic),Fiber optic,Yes,1,0
C100070,2026-05,2,75.55,153.88,Month-to-month,Bank transfer (automatic),Fiber optic,No,0,1
C100071,2025-10,8,77.42,621.39,Month-to-month,Electronic check,Fiber optic,No,0,0
C100072,2025-05,9,31.54,270.72,Month-to-month,Credit card (automatic),No,No,0,1
C100073,2022-04,32,31.21,1035.8,Month-to-month,Mailed check,No,No,0,0
C100074,2024-02,14,42.18,574.8,Two year,Electronic check,DSL,Yes,0,0
C100075,2026-04,3,75.76,223.04,Month-to-month,Electronic check,Fiber optic,No,0,0
C100076,2024-05,15,49.51,773.5,Month-to-month,Mailed check,DSL,Yes,0,1
C100077,2024-04,17,44.44,774.21,Month-to-month,Electronic check,DSL,Yes,0,0
C100078,2025-07,10,52.22,524.83,Month-to-month,Electronic check,DSL,No,1,0
C100079,2024-10,7,71.89,490.86,Month-to-month,Bank transfer (automatic),Fiber optic,No,1,0
C100080,2022-02,56,86.76,5015.73,Two year,Bank transfer (automatic),Fiber optic,No,0,0
C100081,2024-04,28,74.86,2103.29,Two year,Electronic check,Fiber optic,No,0,0
C100082,2023-02,29,34.71,1011.22,Month-to-month,Bank transfer (automatic),No,No,0,0
C100083,2024-07,14,66.55,902.8,Two year,Bank transfer (automatic),Fiber optic,Yes,0,0
C100084,2024-11,9,49.49,442.7,Two year,Mailed check,DSL,Yes,0,0
C100085,2024-07,11,70.43,763.64,Month-to-month,Credit card (automatic),DSL,No,0,1
C100086,2024-08,5,71.18,348.55,Month-to-month,Electronic check,Fiber optic,No,1,0
C100087,2023-03,42,52.13,2183.66,Two year,Electronic check,DSL,Yes,0,0
C100088,2024-01,14,61.65,892.52,Two year,Electronic check,DSL,Yes,0,0
C100089,2022-12,36,48.46,1712.5,One year,Electronic check,DSL,No,0,0
C100090,2025-05,11,72.9,781.53,One year,Mailed check,Fiber optic,No,0,0
C100091,2024-02,21,71.89,1567.39,One year,Electronic check,Fiber optic,No,0,0
C100092,2024-03,18,69.67,1288.27,Month-to-month,Bank transfer (automatic),Fiber optic,No,0,1
C100093,2025-04,5,79.65,400.86,Month-to-month,Credit card (automatic),Fiber optic,No,0,1
C100094,2022-06,46,20.91,979.18,Two year,Bank transfer (automatic),No,Yes,0,0
C100095,2025-11,11,34.66,365.42,Month-to-month,Bank transfer (automatic),No,No,0,0
C100096,2024-12,6,77.58,476.57,Month-to-month,Bank transfer (automatic),Fiber optic,No,1,1
C100097,2023-01,24,80.39,2004.83,Month-to-month,Bank transfer (automatic),Fiber optic,No,0,0
C100098,2023-10,15,49.43,739.45,Two year,Mailed check,DSL,Yes,0,0
C100099,2023-06,20,31.14,644.09,One year,Mailed check,No,No,0,0
C100100,2024-12,17,81.16,1389.29,Month-to-month,Electronic check,Fiber optic,No,0,0
C100101,2024-12,2,46.55,88.78,Month-to-month,Electronic check,DSL,Yes,0,0
C100102,2024-11,8,67.75,515.6,Month-to-month,Bank transfer (automatic),Fiber optic,No,1,1
C100103,2025-03,7,78.49,528.92,Month-to-month,Mailed check,Fiber optic,Yes,1,0
C100104,2023-10,29,33.74,1023.86,One year,Electronic check,No,No,0,0
C100105,2023-12,16,55.81,933.75,Month-to-month,Electronic check,DSL,No,1,1
C100106,2024-10,22,56.12,1178.05,Two year,Bank transfer (automatic),DSL,No,0,0
C100107,2024-03,12,27.83,329.59,Month-to-month,Electronic check,No,No,0,1
C100108,2023-02,23,82.6,1984.67,Month-to-month,Mailed check,Fiber optic,No,1,0
C100109,2023-09,14,50.16,705.96,Two year,Electronic check,DSL,Yes,0,0
C100110,2023-12,13,70.33,940.99,Month-to-month,Electronic check,Fiber optic,No,0,0
C100111,2023-09,18,83.55,1459.42,Month-to-month,Bank transfer (automatic),Fiber optic,No,0,0
C100112,2023-11,17,59.96,978.83,Month-to-month,Electronic check,DSL,No,0,1
C100113,2020-12,68,47.9,3201.94,Two year,Electronic check,DSL,Yes,0,0
C100114,2025-07,8,52.42,427.43,Month-to-month,Credit card (automatic),DSL,No,0,0
C100115,2026-03,4,56.41,235.34,One year,Mailed check,DSL,No,0,0
C100116,2024-07,19,66.0,1289.13,One year,Bank transfer (automatic),Fiber optic,No,0,0
C100117,2025-01,9,54.72,488.02,One year,Bank transfer (automatic),DSL,Yes,0,0
C100118,2024-11,2,73.99,146.1,Month-to-month,Electronic check,Fiber optic,No,0,0
C100119,2024-11,6,73.29,456.03,One year,Mailed check,Fiber optic,Yes,1,1
C100120,2020-04,59,56.87,3361.17,Two year,Mailed check,Fiber optic,No,0,0
C100121,2024-07,7,49.56,345.42,Month-to-month,Electronic check,DSL,No,0,0
C100122,2024-12,3,76.52,224.64,Month-to-month,Electronic check,Fiber optic,Yes,0,0
C100123,2022-02,56,56.92,3248.02,Two year,Bank transfer (automatic),DSL,Yes,0,0
C100124,2024-06,6,29.21,169.16,Month-to-month,Electronic check,No,No,0,0
C100125,2019-12,72,54.94,3911.35,Two year,Electronic check,DSL,Yes,1,0
C100126,2025-04,12,21.11,259.71,Month-to-month,Bank transfer (automatic),No,No,0,0
C100127,2022-02,46,66.31,3103.65,Two year,Mailed check,Fiber optic,Yes,0,0
C100128,2024-08,13,31.68,396.74,Month-to-month,Bank transfer (automatic),No,Yes,0,0
C100129,2023-09,21,29.63,613.39,Month-to-month,Electronic check,No,No,0,1
C100130,2024-10,14,34.58,479.0,Month-to-month,Bank transfer (automatic),No,No,0,0
C100131,2024-08,13,73.46,929.54,Month-to-month,Credit card (automatic),Fiber optic,No,0,1
C100132,2024-07,18,53.52,934.49,Month-to-month,Mailed check,DSL,Yes,0,0
C100133,2023-05,22,78.92,1737.8,Month-to-month,Credit card (automatic),Fiber optic,No,0,1
C100134,2025-03,17,49.58,828.96,One year,Mailed check,DSL,No,0,0
C100135,2024-02,16,69.55,1124.71,Month-to-month,Electronic check,Fiber optic,No,0,1
C100136,2024-12,9,30.39,277.37,Two year,Mailed check,No,No,0,0
C100137,2024-09,14,63.22,925.37,Two year,Mailed check,Fiber optic,Yes,0,0
C100138,2022-07,42,63.51,2691.59,Month-to-month,Credit card (automatic),DSL,No,0,0
C100139,2025-09,8,18.95,156.47,Month-to-month,Electronic check,No,No,0,1
C100140,2024-09,19,53.21,1052.51,Month-to-month,Electronic check,DSL,No,0,0
C100141,2022-09,34,39.76,1341.76,Month-to-month,Credit card (automatic),No,Yes,0,0
C100142,2024-09,22,83.86,1784.86,One year,Electronic check,Fiber optic,Yes,0,0
C100143,2023-12,29,52.25,1481.86,One year,Bank transfer (automatic),DSL,No,1,0
C100144,2025-06,6,61.62,376.54,Month-to-month,Electronic check,DSL,No,0,1
C100145,2023-12,19,34.65,646.62,Month-to-month,Credit card (automatic),No,No,0,1
C100146,2025-01,12,52.05,601.55,Month-to-month,Electronic check,DSL,Yes,0,1
C100147,2025-06,13,32.8,411.02,Month-to-month,Bank transfer (automatic),No,No,0,0
C100148,2021-11,40,63.83,2510.89,Two year,Bank transfer (automatic),Fiber optic,No,0,0
C100149,2025-04,13,59.63,747.65,Two year,Credit card (automatic),Fiber optic,Yes,0,0
C100150,2023-05,19,78.03,1544.53,Month-to-month,Credit card (automatic),Fiber optic,Yes,0,0
C100151,2025-09,3,75.38,214.98,One year,Bank transfer (automatic),Fiber optic,Yes,0,0
C100152,2021-05,46,61.89,2770.72,Two year,Electronic check,Fiber optic,No,0,0
C100153,2023-06,28,71.14,2077.36,One year,Mailed check,Fiber optic,Yes,0,0
C100154,2025-01,15,67.88,1049.43,Month-to-month,Credit card (automatic),Fiber optic,No,0,0
C100155,2023-12,12,50.03,625.87,One year,Bank transfer (automatic),DSL,Yes,1,0
C100156,2024-04,23,27.38,653.5,Month-to-month,Credit card (automatic),No,Yes,0,0
C100157,2022-10,34,79.45,2679.7,Month-to-month,Bank transfer (automatic),Fiber optic,No,0,0
C100158,2021-05,46,66.0,2912.48,Two year,Electronic check,Fiber optic,No,1,0
C100159,2023-09,27,67.43,1881.01,Month-to-month,Electronic check,Fiber optic,Yes,0,0
C100160,2023-11,16,85.29,1347.44,Month-to-month,Electronic check,Fiber optic,No,0,0
C100161,2022-09,30,53.57,1545.24,Two year,Bank transfer (automatic),DSL,Yes,0,0
C100162,2024-01,27,35.38,981.38,Month-to-month,Mailed check,No,No,0,0
C100163,2025-03,16,75.65,1152.94,One year,Electronic check,Fiber optic,Yes,0,0
C100164,2024-07,26,34.45,870.42,One year,Bank transfer (automatic),No,No,0,0
C100165,2024-08,26,32.62,861.36,Month-to-month,Electronic check,No,Yes,0,0
C100166,2024-07,15,74.79,1092.69,One year,Mailed check,Fiber optic,No,0,0
C100167,2025-06,10,75.76,724.74,Month-to-month,Mailed check,Fiber optic,No,0,0
C100168,2024-01,24,50.17,1226.05,One year,Mailed check,DSL,Yes,0,0
C100169,2025-03,7,60.32,413.94,Month-to-month,Electronic check,DSL,No,0,0
C100170,2025-11,5,67.41,351.1,Two year,Bank transfer (automatic),Fiber optic,Yes,0,0
C100171,2023-12,19,51.31,932.31,Two year,Credit card (automatic),DSL,No,0,0
C100172,2024-01,24,57.22,1352.6,Month-to-month,Bank transfer (automatic),DSL,No,1,0
C100173,2023-08,19,77.73,1535.67,Month-to-month,Credit card (automatic),Fiber optic,Yes,0,0
C100174,2024-10,21,46.71,939.68,One year,Electronic check,DSL,Yes,0,0
C100175,2023-09,23,51.81,1236.45,Two year,Electronic check,DSL,No,0,0
C100176,2022-11,40,62.88,2599.86,Two year,Electronic check,Fiber optic,Yes,0,0
C100177,2024-04,28,56.07,1512.22,Month-to-month,Bank transfer (automatic),DSL,No,0,0
C100178,2024-04,27,55.28,1501.34,Two year,Electronic check,DSL,Yes,0,0
C100179,2023-10,18,65.8,1139.28,Month-to-month,Credit card (automatic),DSL,Yes,0,0
C100180,2023-07,19,78.47,1554.62,Month-to-month,Bank transfer (automatic),Fiber optic,Yes,1,0
C100181,2025-08,14,33.98,498.84,One year,Credit card (automatic),No,No,1,0
C100182,2024-09,20,48.47,954.58,Month-to-month,Mailed check,DSL,No,0,0
C100183,2024-12,6,78.23,491.01,Month-to-month,Bank transfer (automatic),Fiber optic,Yes,0,1
C100184,2021-12,40,46.11,1802.78,One year,Mailed check,DSL,No,0,0
C100185,2025-02,8,79.21,640.19,One year,Mailed check,Fiber optic,Yes,0,0
C100186,2024-06,28,44.2,1205.58,Two year,Bank transfer (automatic),DSL,Yes,0,0
C100187,2022-10,37,22.94,808.14,One year,Electronic check,No,Yes,0,0
C100188,2023-08,28,76.53,2110.83,One year,Credit card (automatic),Fiber optic,No,0,0
C100189,2020-03,62,79.08,4874.08,Two year,Bank transfer (automatic),Fiber optic,No,0,0
C100190,2025-01,2,61.35,118.94,Month-to-month,Bank transfer (automatic),DSL,Yes,0,0
C100191,2025-10,11,26.68,293.97,One year,Electronic check,No,No,0,0
C100192,2021-12,36,46.86,1759.6,One year,Electronic check,DSL,Yes,0,0
C100193,2025-08,5,72.43,373.53,Month-to-month,Electronic check,Fiber optic,No,0,0
C100194,2024-12,8,72.75,576.92,One year,Bank transfer (automatic),Fiber optic,Yes,0,0
C100195,2023-02,22,74.54,1626.69,Month-to-month,Electronic check,Fiber optic,No,0,1
C100196,2024-04,16,23.83,395.3,Month-to-month,Credit card (automatic),No,Yes,0,0
C100197,2025-01,21,82.72,1749.39,Month-to-month,Credit card (automatic),Fiber optic,No,0,0
C100198,2024-12,17,76.85,1295.74,Two year,Electronic check,Fiber optic,No,1,0
C100199,2023-07,18,61.91,1089.48,Two year,Bank transfer (automatic),DSL,No,0,1
C100200,2025-10,9,65.04,611.02,Month-to-month,Electronic check,Fiber optic,Yes,0,0
C100201,2024-01,18,70.15,1261.18,Month-to-month,Electronic check,Fiber optic,No,1,0
C100202,2025-01,11,76.51,826.97,Month-to-month,Electronic check,Fiber optic,Yes,1,1
C100203,2023-12,13,72.03,973.77,One year,Credit card (automatic),Fiber optic,Yes,0,0
C100204,2022-08,27,72.3,1987.25,Month-to-month,Credit card (automatic),Fiber optic,No,0,1
C100205,2026-04,5,69.86,362.75,Month-to-month,Electronic check,Fiber optic,No,0,1
C100206,2024-11,1,49.01,48.03,Month-to-month,Electronic check,DSL,Yes,0,1
C100207,2023-01,26,84.16,2292.62,One year,Mailed check,Fiber optic,No,1,0
C100208,2023-06,18,20.24,377.87,One year,Mailed check,No,No,1,0
C100209,2022-09,37,41.25,1547.03,Two year,Electronic check,DSL,No,0,0
C100210,2024-03,8,47.87,401.16,Month-to-month,Credit card (automatic),DSL,No,1,0
C100211,2025-03,14,73.15,1017.91,One year,Credit card (automatic),Fiber optic,Yes,0,1
C100212,2025-03,17,51.16,869.91,One year,Mailed check,DSL,Yes,0,0
C100213,2025-01,10,77.48,782.27,Month-to-month,Credit card (automatic),Fiber optic,Yes,0,1
C100214,2025-10,7,70.76,509.23,Month-to-month,Bank transfer (automatic),Fiber optic,No,0,1
C100215,2022-09,27,75.53,2080.45,Month-to-month,Bank transfer (automatic),Fiber optic,Yes,0,0
C100216,2025-04,4,30.51,127.13,Month-to-month,Credit card (automatic),No,No,0,0
C100217,2025-06,6,39.45,235.99,Month-to-month,Mailed check,No,No,0,1
C100218,2025-07,14,82.67,1165.29,One year,Mailed check,Fiber optic,Yes,0,0
C100219,2024-02,29,29.09,836.47,Month-to-month,Electronic check,No,No,0,0
C100220,2024-09,10,60.13,618.7,Month-to-month,Bank transfer (automatic),DSL,No,0,0
C100221,2025-12,9,55.97,514.72,Month-to-month,Electronic check,DSL,No,0,0
C100222,2024-04,13,79.62,1082.14,Month-to-month,Electronic check,Fiber optic,No,1,1
C100223,2025-02,20,77.31,1618.56,Month-to-month,Mailed check,Fiber optic,Yes,0,0
C100224,2025-01,12,57.22,690.73,One year,Mailed check,DSL,No,0,0
C100225,2023-09,32,80.12,2445.47,Month-to-month,Electronic check,Fiber optic,No,0,1
C100226,2023-07,33,53.15,1769.13,Two year,Electronic check,DSL,No,0,0
C100227,2024-07,14,55.82,793.09,Month-to-month,Credit card (automatic),DSL,No,0,0
C100228,2021-09,52,75.26,3744.19,Two year,Bank transfer (automatic),Fiber optic,Yes,0,0
C100229,2024-10,16,26.79,414.96,Two year,Mailed check,No,No,0,0
C100230,2023-09,32,26.54,880.48,Month-to-month,Credit card (automatic),No,Yes,0,0
C100231,2023-05,20,62.67,1244.86,One year,Credit card (automatic),Fiber optic,Yes,0,1
C100232,2024-10,19,74.55,1476.42,One year,Electronic check,Fiber optic,Yes,1,0
C100233,2024-12,4,59.15,232.41,Month-to-month,Bank transfer (automatic),DSL,No,0,0
C100234,2024-05,6,64.66,406.61,Month-to-month,Electronic check,Fiber optic,No,0,1
C100235,2024-11,12,65.32,797.48,Two year,Mailed check,Fiber optic,No,1,0
C100236,2023-07,32,76.51,2509.26,One year,Bank transfer (automatic),Fiber optic,No,0,0
C100237,2024-09,20,68.14,1376.38,Two year,Electronic check,Fiber optic,No,0,0
C100238,2025-04,12,29.13,351.09,One year,Mailed check,No,No,0,0
C100239,2024-01,24,33.08,811.93,Two year,Electronic check,No,No,0,0
C100240,2022-12,32,52.15,1618.76,One year,Mailed check,DSL,Yes,0,0
C100241,2024-03,16,31.11,497.13,One year,Electronic check,No,No,0,0
C100242,2024-12,18,44.11,829.72,Two year,Credit card (automatic),DSL,No,0,0
C100243,2025-05,17,30.91,546.2,One year,Mailed check,No,Yes,0,0
C100244,2023-12,15,66.97,1047.88,Month-to-month,Electronic check,Fiber optic,Yes,0,0
C100245,2024-05,8,67.22,553.95,Month-to-month,Bank transfer (automatic),Fiber optic,Yes,0,1
C100246,2025-12,8,71.98,592.23,Month-to-month,Electronic check,Fiber optic,Yes,1,0
C100247,2023-07,24,72.29,1808.85,Two year,Bank transfer (automatic),Fiber optic,No,0,0
C100248,2023-04,32,29.11,956.19,One year,Mailed check,No,No,0,0
C100249,2023-11,12,25.26,290.71,Month-to-month,Electronic check,No,No,0,0
C100250,2024-03,12,80.26,970.44,Month-to-month,Electronic check,Fiber optic,No,0,1
C100251,2025-04,3,31.91,91.31,Month-to-month,Electronic check,No,No,0,0
C100252,2025-12,2,81.27,157.3,Month-to-month,Bank transfer (automatic),Fiber optic,No,0,1
C100253,2022-12,38,63.66,2462.23,Two year,Bank transfer (automatic),Fiber optic,No,0,0
C100254,2025-02,9,63.61,596.65,Month-to-month,Electronic check,DSL,Yes,1,1
C100255,2020-07,65,38.29,2367.99,One year,Electronic check,No,Yes,0,0
C100256,2025-10,10,80.47,825.33,Month-to-month,Credit card (automatic),Fiber optic,Yes,0,0
C100257,2026-06,4,77.93,310.38,Month-to-month,Electronic check,Fiber optic,No,0,0
C100258,2024-01,17,74.98,1315.81,One year,Electronic check,Fiber optic,Yes,0,0
C100259,2024-06,27,29.58,809.33,Two year,Bank transfer (automatic),No,No,0,0
C100260,2023-10,25,42.36,1068.27,Two year,Electronic check,DSL,No,0,0
C100261,2024-03,29,65.41,1882.86,Two year,Credit card (automatic),Fiber optic,No,0,0
C100262,2025-04,7,74.38,512.76,Month-to-month,Electronic check,Fiber optic,Yes,0,1
C100263,2022-12,37,48.82,1806.84,Month-to-month,Credit card (automatic),DSL,No,1,0
C100264,2023-07,38,59.21,2288.81,Two year,Mailed check,DSL,No,0,0
C100265,2022-12,40,72.0,2845.09,Two year,Electronic check,Fiber optic,No,1,0
C100266,2025-02,19,65.69,1246.61,Month-to-month,Mailed check,DSL,No,0,1
C100267,2025-01,12,34.74,420.88,Month-to-month,Credit card (automatic),No,Yes,0,1
C100268,2025-09,11,21.62,226.0,Month-to-month,Mailed check,No,No,0,0
C100269,2025-09,4,62.84,244.17,Month-to-month,Electronic check,DSL,Yes,0,0
C100270,2025-11,10,66.3,642.07,Two year,Credit card (automatic),Fiber optic,Yes,0,0
C100271,2026-01,1,58.79,60.99,Two year,Electronic check,DSL,Yes,1,0
C100272,2025-12,3,78.05,243.51,Two year,Electronic check,Fiber optic,Yes,0,0
C100273,2024-03,19,83.11,1528.52,Month-to-month,Electronic check,Fiber optic,Yes,0,0
C100274,2024-11,13,78.44,1039.92,One year,Credit card (automatic),Fiber optic,Yes,0,0
C100275,2023-06,18,71.6,1278.05,Two year,Electronic check,Fiber optic,Yes,1,0
C100276,2022-12,25,71.94,1807.17,One year,Electronic check,Fiber optic,Yes,0,0
C100277,2024-02,20,86.31,1710.71,Month-to-month,Credit card (automatic),Fiber optic,No,1,0
C100278,2025-03,19,30.43,576.35,One year,Bank transfer (automatic),No,No,0,0
C100279,2023-12,15,27.69,423.24,Month-to-month,Electronic check,No,No,0,1
C100280,2024-10,8,77.65,608.15,Month-to-month,Bank transfer (automatic),Fiber optic,No,0,0
C100281,2024-11,5,59.69,284.16,One year,Electronic check,DSL,No,0,0
C100282,2024-03,10,81.67,816.91,Month-to-month,Mailed check,Fiber optic,Yes,0,0
C100283,2024-09,15,23.48,338.04,Month-to-month,Electronic check,No,No,0,0
C100284,2024-07,16,78.48,1313.08,One year,Bank transfer (automatic),Fiber optic,Yes,0,0
C100285,2023-12,29,76.14,2173.19,One year,Bank transfer (automatic),Fiber optic,No,0,0
C100286,2025-07,14,72.93,972.11,Month-to-month,Electronic check,Fiber optic,No,1,1
C100287,2024-11,23,70.05,1608.0,Month-to-month,Electronic check,Fiber optic,Yes,0,1
C100288,2025-01,4,83.58,328.36,Month-to-month,Mailed check,Fiber optic,Yes,0,0
C100289,2025-02,19,39.17,758.08,Month-to-month,Bank transfer (automatic),No,No,0,0
C100290,2023-07,18,62.22,1143.01,One year,Bank transfer (automatic),DSL,No,1,1
C100291,2023-04,37,42.75,1613.13,Two year,Bank transfer (automatic),DSL,Yes,0,0
C100292,2024-09,13,73.74,948.25,Month-to-month,Credit card (automatic),Fiber optic,No,0,1
C100293,2024-01,12,75.34,936.44,Month-to-month,Credit card (automatic),Fiber optic,No,0,1
C100294,2024-05,25,81.01,1933.58,One year,Credit card (automatic),Fiber optic,No,0,0
C100295,2026-02,6,59.85,358.03,Month-to-month,Bank transfer (automatic),DSL,Yes,0,0
C100296,2024-07,18,70.66,1328.8,One year,Electronic check,Fiber optic,No,0,0
C100297,2024-10,5,75.97,376.74,Month-to-month,Bank transfer (automatic),Fiber optic,No,0,0
C100298,2022-04,48,76.28,3838.03,One year,Electronic check,Fiber optic,No,0,0
C100299,2025-01,11,79.49,892.86,Month-to-month,Electronic check,Fiber optic,Yes,0,0
C100300,2025-02,5,85.08,421.54,Month-to-month,Electronic check,Fiber optic,No,0,1
C100301,2024-09,10,83.74,852.69,Month-to-month,Mailed check,Fiber optic,Yes,1,1
C100302,2023-08,18,62.48,1174.89,Month-to-month,Bank transfer (automatic),DSL,No,0,0
C100303,2024-09,22,67.41,1534.81,One year,Mailed check,Fiber optic,No,0,0
C100304,2021-11,36,70.78,2470.41,Month-to-month,Electronic check,Fiber optic,No,1,1
C100305,2024-06,9,44.66,414.64,Two year,Credit card (automatic),DSL,Yes,0,0
C100306,2022-09,26,31.34,792.61,One year,Bank transfer (automatic),No,Yes,0,0
C100307,2026-05,3,72.18,207.88,Month-to-month,Electronic check,Fiber optic,No,0,1
C100308,2024-10,6,58.57,348.02,Month-to-month,Electronic check,DSL,No,0,1
C100309,2025-06,4,79.44,320.69,Month-to-month,Electronic check,Fiber optic,No,1,1
C100310,2024-07,8,52.08,408.82,Two year,Credit card (automatic),DSL,Yes,0,0
C100311,2024-07,25,74.44,1925.6,Two year,Electronic check,Fiber optic,No,1,0
C100312,2025-02,9,49.11,434.3,One year,Credit card (automatic),DSL,Yes,1,0
C100313,2024-03,11,46.31,490.07,Month-to-month,Electronic check,DSL,No,0,0
C100314,2023-08,19,64.94,1233.7,Two year,Bank transfer (automatic),Fiber optic,No,0,0
C100315,2023-10,22,77.21,1721.32,One year,Electronic check,Fiber optic,Yes,0,0
C100316,2024-08,11,64.02,688.45,One year,Mailed check,DSL,Yes,0,0
C100317,2025-03,6,64.06,399.54,Month-to-month,Mailed check,DSL,No,0,1
C100318,2021-07,43,49.6,2039.26,Two year,Electronic check,DSL,No,0,0
C100319,2025-05,11,60.97,677.11,Month-to-month,Credit card (automatic),DSL,Yes,0,0
C100320,2023-12,12,66.89,830.13,Month-to-month,Bank transfer (automatic),Fiber optic,No,1,1
C100321,2024-09,13,60.11,805.7,Two year,Electronic check,DSL,No,0,0
C100322,2022-12,23,75.38,1759.96,One year,Bank transfer (automatic),Fiber optic,Yes,0,0
C100323,2026-06,4,73.98,282.37,Two year,Electronic check,Fiber optic,Yes,0,0
C100324,2021-04,54,43.77,2264.5,Month-to-month,Credit card (automatic),DSL,Yes,0,0
C100325,2024-11,12,78.03,934.66,Month-to-month,Mailed check,Fiber optic,No,0,1
C100326,2023-11,24,83.33,2088.93,One year,Electronic check,Fiber optic,Yes,1,0
C100327,2025-12,5,77.05,369.0,Month-to-month,Electronic check,Fiber optic,No,1,1
C100328,2024-09,17,68.73,1209.61,Two year,Electronic check,Fiber optic,No,0,0
C100329,2020-12,49,49.35,2493.84,Two year,Credit card (automatic),DSL,No,0,0
C100330,2022-11,44,67.96,3125.96,One year,Electronic check,Fiber optic,No,0,0
C100331,2024-05,23,29.63,657.74,One year,Electronic check,No,Yes,0,0
C100332,2025-01,7,67.99,457.12,Month-to-month,Credit card (automatic),Fiber optic,No,0,0
C100333,2022-12,34,72.0,2418.45,Two year,Electronic check,Fiber optic,Yes,0,0
C100334,2024-08,3,78.96,237.32,One year,Electronic check,Fiber optic,Yes,1,0
C100335,2026-03,7,27.72,200.99,Month-to-month,Bank transfer (automatic),No,No,0,1
C100336,2025-01,15,55.4,865.95,One year,Electronic check,DSL,Yes,1,0
C100337,2025-02,3,74.92,220.72,Month-to-month,Credit card (automatic),Fiber optic,No,0,1
C100338,2025-09,10,77.67,801.82,Month-to-month,Bank transfer (automatic),Fiber optic,No,0,0
C100339,2024-04,27,74.76,2086.64,Two year,Electronic check,Fiber optic,No,0,0
C100340,2025-07,9,77.79,693.97,Month-to-month,Mailed check,Fiber optic,No,0,1
C100341,2022-08,27,80.46,2163.24,Month-to-month,Electronic check,Fiber optic,No,0,0
C100342,2020-07,64,75.43,5011.8,One year,Mailed check,Fiber optic,Yes,0,0
C100343,2024-07,20,77.48,1608.01,One year,Bank transfer (automatic),Fiber optic,No,0,0
C100344,2022-11,27,52.8,1491.33,Two year,Bank transfer (automatic),DSL,Yes,0,0
C100345,2022-08,35,32.29,1142.82,Month-to-month,Mailed check,No,Yes,0,1
C100346,2025-05,11,59.45,653.09,Month-to-month,Bank transfer (automatic),DSL,Yes,1,0
C100347,2022-08,27,54.87,1529.9,Month-to-month,Electronic check,DSL,Yes,0,0
C100348,2023-12,11,58.0,611.25,Month-to-month,Credit card (automatic),DSL,Yes,0,0
C100349,2023-09,19,69.95,1378.54,Month-to-month,Electronic check,Fiber optic,No,0,0
C100350,2023-07,30,58.42,1702.93,Two year,Credit card (automatic),Fiber optic,No,0,0
C100351,2025-06,8,75.85,604.95,Month-to-month,Mailed check,Fiber optic,No,0,1
C100352,2026-03,1,70.5,71.81,Month-to-month,Electronic check,Fiber optic,No,0,1
C100353,2024-05,7,66.88,446.06,Month-to-month,Mailed check,DSL,No,0,0
C100354,2023-12,33,46.09,1504.33,Two year,Credit card (automatic),DSL,No,0,0
C100355,2025-11,6,34.87,204.89,Month-to-month,Credit card (automatic),No,No,0,0
C100356,2023-11,31,71.01,2106.28,Month-to-month,Bank transfer (automatic),Fiber optic,Yes,0,0
C100357,2024-12,7,28.93,195.79,One year,Mailed check,No,Yes,0,0
C100358,2025-07,13,48.57,609.91,Month-to-month,Bank transfer (automatic),DSL,Yes,0,1
C100359,2024-02,15,20.61,316.92,Two year,Electronic check,No,Yes,1,0
C100360,2026-01,6,30.78,182.92,One year,Bank transfer (automatic),No,No,0,0
C100361,2025-01,13,66.88,829.99,Two year,Electronic check,Fiber optic,No,0,0
C100362,2026-02,4,79.72,310.04,Month-to-month,Credit card (automatic),Fiber optic,No,0,0
C100363,2024-03,12,62.75,769.82,Month-to-month,Bank transfer (automatic),DSL,Yes,0,1
C100364,2024-05,14,59.7,812.66,Two year,Mailed check,Fiber optic,No,0,0
C100365,2025-09,2,81.56,162.11,Month-to-month,Bank transfer (automatic),Fiber optic,Yes,0,1
C100366,2024-05,7,69.23,492.26,Month-to-month,Electronic check,Fiber optic,Yes,0,0
C100367,2023-07,19,50.8,1009.71,One year,Electronic check,DSL,No,1,0
C100368,2025-03,6,66.59,381.98,Month-to-month,Electronic check,Fiber optic,Yes,0,0
C100369,2024-08,21,63.77,1301.89,One year,Electronic check,Fiber optic,No,1,0
C100370,2024-09,23,57.33,1281.95,Two year,Electronic check,Fiber optic,Yes,0,0
C100371,2023-06,19,69.57,1372.53,One year,Bank transfer (automatic),Fiber optic,No,1,0
C100372,2023-03,26,29.17,762.3,One year,Bank transfer (automatic),No,No,0,0
C100373,2025-07,3,48.37,148.75,Two year,Mailed check,DSL,No,0,0
C100374,2024-02,30,42.06,1256.66,One year,Credit card (automatic),DSL,No,0,0
C100375,2025-06,6,43.26,258.86,Month-to-month,Credit card (automatic),DSL,No,0,0
C100376,2023-07,17,28.86,513.86,One year,Electronic check,No,No,0,0
C100377,2022-05,48,79.73,3698.8,Month-to-month,Mailed check,Fiber optic,No,1,0
C100378,2025-03,12,76.49,908.45,Month-to-month,Credit card (automatic),Fiber optic,No,0,0
C100379,2025-04,16,40.01,671.33,One year,Electronic check,No,Yes,0,0
C100380,2025-08,7,74.77,510.86,Month-to-month,Mailed check,Fiber optic,No,0,1
C100381,2022-05,47,56.89,2569.81,Month-to-month,Credit card (automatic),DSL,Yes,0,0
C100382,2024-09,7,74.87,513.42,Month-to-month,Bank transfer (automatic),Fiber optic,Yes,0,0
C100383,2024-01,24,70.31,1744.12,Month-to-month,Credit card (automatic),Fiber optic,No,0,0
C100384,2022-07,35,71.01,2608.51,One year,Credit card (automatic),Fiber optic,No,1,0
C100385,2023-06,26,60.03,1580.0,Month-to-month,Electronic check,DSL,No,0,0
C100386,2024-08,20,77.27,1621.06,One year,Bank transfer (automatic),Fiber optic,No,0,0
C100387,2024-01,16,71.15,1101.75,Two year,Credit card (automatic),Fiber optic,No,0,0
C100388,2024-09,5,64.49,326.61,Month-to-month,Electronic check,DSL,No,0,1
C100389,2022-11,46,30.34,1408.56,Two year,Electronic check,No,No,0,0
C100390,2023-11,19,56.96,1042.36,Month-to-month,Electronic check,DSL,Yes,0,0
C100391,2023-08,16,39.01,631.39,Month-to-month,Bank transfer (automatic),No,No,0,0
C100392,2025-03,6,50.71,305.37,Month-to-month,Bank transfer (automatic),DSL,Yes,0,0
C100393,2025-01,16,38.57,632.94,Month-to-month,Credit card (automatic),No,No,1,0
C100394,2025-05,15,69.16,1071.69,Month-to-month,Electronic check,Fiber optic,Yes,1,0
C100395,2021-06,48,49.0,2287.1,Two year,Bank transfer (automatic),DSL,Yes,0,0
C100396,2025-04,16,39.58,608.58,Two year,Electronic check,DSL,No,0,0
C100397,2023-11,16,70.51,1176.04,Two year,Credit card (automatic),Fiber optic,Yes,0,0
C100398,2024-09,6,76.95,472.81,Two year,Bank transfer (automatic),Fiber optic,Yes,0,0
C100399,2025-04,8,49.37,389.52,Month-to-month,Bank transfer (automatic),DSL,Yes,0,0
C100400,2023-10,22,53.3,1176.9,Month-to-month,Electronic check,DSL,No,0,0
C100401,2025-09,3,73.67,228.14,Month-to-month,Electronic check,Fiber optic,Yes,1,1
C100402,2022-10,30,70.71,2049.74,One year,Electronic check,Fiber optic,No,0,0
C100403,2024-02,31,62.71,1847.06,Two year,Credit card (automatic),Fiber optic,No,1,0
C100404,2025-02,8,55.23,443.89,Month-to-month,Electronic check,DSL,No,0,0
C100405,2024-05,20,84.42,1619.71,Month-to-month,Credit card (automatic),Fiber optic,No,0,0
C100406,2022-12,36,51.99,1958.14,Month-to-month,Electronic check,DSL,No,0,0
C100407,2023-10,14,70.38,956.13,Two year,Mailed check,Fiber optic,Yes,0,0
C100408,2024-10,12,56.33,691.93,Month-to-month,Electronic check,DSL,No,0,0
C100409,2025-01,13,26.43,350.84,One year,Electronic check,No,No,1,0
C100410,2023-11,19,73.67,1353.02,One year,Mailed check,Fiber optic,Yes,0,0
C100411,2024-04,9,72.71,623.34,Month-to-month,Mailed check,Fiber optic,Yes,0,0
C100412,2024-04,11,32.51,347.96,Month-to-month,Mailed check,No,No,0,1
C100413,2023-11,19,27.18,518.54,Two year,Bank transfer (automatic),No,Yes,0,0
C100414,2024-02,11,63.57,673.14,One year,Electronic check,Fiber optic,Yes,0,0
C100415,2024-07,6,64.21,402.21,Month-to-month,Bank transfer (automatic),Fiber optic,Yes,0,1
C100416,2026-02,3,18.0,55.53,Month-to-month,Bank transfer (automatic),No,Yes,0,0
C100417,2025-02,16,52.54,817.46,Month-to-month,Electronic check,DSL,No,0,0
C100418,2023-02,34,79.98,2614.1,Month-to-month,Mailed check,Fiber optic,Yes,0,0
C100419,2023-09,21,70.62,1418.89,Month-to-month,Electronic check,Fiber optic,Yes,0,1
C100420,2024-06,6,73.52,455.22,Month-to-month,Electronic check,Fiber optic,Yes,0,0
C100421,2025-12,8,26.08,216.61,Month-to-month,Electronic check,No,No,0,1
C100422,2024-01,12,66.99,805.97,One year,Bank transfer (automatic),Fiber optic,No,1,0
C100423,2021-10,49,82.22,4054.81,Two year,Electronic check,Fiber optic,No,0,0
C100424,2021-05,50,22.81,1131.63,Two year,Credit card (automatic),No,No,0,0
C100425,2021-07,46,60.89,2884.55,Two year,Bank transfer (automatic),Fiber optic,No,0,0
C100426,2024-12,17,45.23,797.64,Two year,Electronic check,DSL,Yes,1,0
C100427,2020-07,72,53.25,3762.7,One year,Bank transfer (automatic),DSL,Yes,0,0
C100428,2025-05,9,71.56,669.84,Month-to-month,Electronic check,Fiber optic,No,0,0
C100429,2023-11,12,56.72,663.06,Month-to-month,Electronic check,DSL,No,0,0
C100430,2022-12,29,64.62,1821.59,Two year,Credit card (automatic),Fiber optic,Yes,0,0
C100431,2024-04,19,26.47,520.6,Month-to-month,Mailed check,No,No,0,0
C100432,2023-08,20,50.76,1017.26,Month-to-month,Electronic check,DSL,No,0,0
C100433,2025-05,7,29.45,196.92,Month-to-month,Credit card (automatic),No,No,0,0
C100434,2025-05,15,76.28,1098.65,One year,Credit card (automatic),Fiber optic,No,1,0
C100435,2024-04,9,34.92,307.62,Month-to-month,Mailed check,No,No,0,0
C100436,2024-10,5,61.25,296.4,One year,Bank transfer (automatic),DSL,Yes,0,0
C100437,2024-04,10,67.12,704.51,Month-to-month,Bank transfer (automatic),Fiber optic,Yes,0,0
C100438,2024-01,19,62.76,1218.36,Two year,Bank transfer (automatic),Fiber optic,No,0,0
C100439,2022-10,26,69.49,1795.66,Month-to-month,Mailed check,Fiber optic,No,1,1
C100440,2024-09,3,28.78,88.99,One year,Credit card (automatic),No,No,0,0
C100441,2024-03,15,22.34,328.2,One year,Mailed check,No,Yes,1,0
C100442,2024-02,14,50.87,678.64,Month-to-month,Electronic check,DSL,Yes,1,0
C100443,2024-01,18,73.11,1298.23,Two year,Electronic check,Fiber optic,No,0,0
C100444,2025-08,6,75.42,446.09,Two year,Mailed check,Fiber optic,Yes,0,0
C100445,2025-11,6,56.96,329.46,One year,Electronic check,DSL,No,0,0
C100446,2022-08,35,29.52,1046.68,Two year,Electronic check,No,Yes,0,0
C100447,2024-09,8,71.02,561.72,Month-to-month,Mailed check,Fiber optic,No,0,0
C100448,2024-05,11,30.13,324.75,Month-to-month,Credit card (automatic),No,Yes,0,0
C100449,2024-08,12,36.84,446.7,Month-to-month,Electronic check,No,No,0,0
C100450,2024-09,9,56.77,522.31,One year,Electronic check,DSL,Yes,0,0
C100451,2024-04,22,74.31,1715.04,Two year,Credit card (automatic),Fiber optic,No,1,0
C100452,2025-02,20,74.7,1551.53,Two year,Mailed check,Fiber optic,Yes,1,0
C100453,2023-09,14,25.63,341.43,Two year,Bank transfer (automatic),No,No,0,0
C100454,2025-09,9,78.8,684.5,Month-to-month,Mailed check,Fiber optic,No,0,1
C100455,2024-10,13,52.72,688.46,Month-to-month,Bank transfer (automatic),DSL,Yes,1,0
C100456,2023-09,16,78.57,1252.51,Month-to-month,Electronic check,Fiber optic,Yes,0,0
C100457,2024-09,8,62.36,517.49,Month-to-month,Mailed check,DSL,No,0,0
C100458,2023-01,23,78.32,1858.03,Two year,Bank transfer (automatic),Fiber optic,No,0,0
C100459,2023-01,30,33.57,1010.0,Month-to-month,Electronic check,No,Yes,1,0
C100460,2023-07,39,52.96,2158.2,Two year,Electronic check,DSL,Yes,0,0
C100461,2023-08,38,58.93,2207.87,Two year,Mailed check,DSL,No,0,0
C100462,2024-03,12,69.81,850.46,Month-to-month,Bank transfer (automatic),Fiber optic,No,0,1
C100463,2024-07,17,36.28,628.85,Two year,Mailed check,No,No,0,0
C100464,2024-08,14,53.58,750.76,One year,Bank transfer (automatic),DSL,No,0,0
C100465,2024-06,14,53.63,729.48,One year,Bank transfer (automatic),DSL,Yes,0,0
C100466,2024-08,13,72.29,907.34,Month-to-month,Electronic check,Fiber optic,Yes,0,0
C100467,2023-07,16,67.96,1050.56,Month-to-month,Credit card (automatic),Fiber optic,Yes,0,0
C100468,2023-12,34,63.83,2145.9,Month-to-month,Credit card (automatic),DSL,No,0,0
C100469,2024-12,19,31.22,603.33,One year,Electronic check,No,Yes,0,0
C100470,2026-02,6,26.58,156.45,One year,Mailed check,No,No,0,0
C100471,2023-01,29,71.1,2136.24,Two year,Electronic check,Fiber optic,Yes,0,0
C100472,2024-04,18,48.58,882.83,Two year,Credit card (automatic),DSL,Yes,0,0
C100473,2024-02,22,64.77,1418.39,Month-to-month,Mailed check,Fiber optic,No,0,0
C100474,2023-06,19,49.53,924.27,Two year,Mailed check,DSL,No,0,0
C100475,2024-03,20,66.56,1279.74,Month-to-month,Credit card (automatic),Fiber optic,No,1,0
C100476,2023-06,20,76.43,1536.25,Month-to-month,Bank transfer (automatic),Fiber optic,Yes,1,0
C100477,2026-04,3,64.52,191.2,Month-to-month,Electronic check,DSL,No,0,0
C100478,2024-04,22,46.75,1076.1,Two year,Bank transfer (automatic),DSL,No,0,0
C100479,2025-01,9,55.35,510.23,Two year,Bank transfer (automatic),DSL,No,0,0
C100480,2024-03,11,48.96,518.91,One year,Electronic check,DSL,Yes,1,0
C100481,2025-06,15,54.88,827.81,Month-to-month,Mailed check,DSL,No,0,1
C100482,2022-05,43,69.73,3110.49,Month-to-month,Bank transfer (automatic),Fiber optic,No,0,0
C100483,2025-06,7,78.72,575.24,Month-to-month,Mailed check,Fiber optic,No,0,0
C100484,2024-01,15,60.88,952.61,One year,Credit card (automatic),DSL,Yes,0,0
C100485,2024-12,13,73.15,981.11,One year,Mailed check,Fiber optic,No,0,0
C100486,2023-10,29,33.21,941.63,Month-to-month,Bank transfer (automatic),No,No,0,0
C100487,2025-06,12,78.2,950.8,Month-to-month,Bank transfer (automatic),Fiber optic,No,0,0
C100488,2023-11,18,27.31,501.9,One year,Electronic check,No,Yes,1,0
C100489,2024-04,7,82.84,599.25,Month-to-month,Electronic check,Fiber optic,No,0,1
C100490,2022-08,32,51.89,1724.62,Month-to-month,Credit card (automatic),DSL,No,1,0
C100491,2025-01,4,45.57,182.85,Month-to-month,Bank transfer (automatic),DSL,Yes,0,1
C100492,2023-11,22,66.47,1436.51,One year,Mailed check,Fiber optic,No,1,0
C100493,2023-06,18,32.49,586.35,One year,Electronic check,No,Yes,0,0
C100494,2024-09,20,72.68,1514.95,Month-to-month,Electronic check,Fiber optic,Yes,0,1
C100495,2025-01,4,75.56,303.03,Month-to-month,Electronic check,Fiber optic,No,0,1
C100496,2025-04,12,67.57,781.72,Two year,Mailed check,Fiber optic,Yes,1,0
C100497,2023-07,28,51.69,1437.91,Two year,Bank transfer (automatic),DSL,Yes,1,0
C100498,2022-09,47,59.36,2862.77,One year,Electronic check,DSL,No,0,1
C100499,2024-06,14,37.95,556.46,One year,Bank transfer (automatic),No,No,1,0
C100500,2023-10,26,46.98,1212.02,One year,Credit card (automatic),DSL,No,1,0
C100501,2025-01,17,60.59,1060.64,Month-to-month,Credit card (automatic),DSL,Yes,0,0
C100502,2024-01,15,76.18,1116.74,Month-to-month,Credit card (automatic),Fiber optic,No,0,0
C100503,2025-08,11,61.66,669.01,Two year,Mailed check,Fiber optic,Yes,0,0
C100504,2024-01,16,31.77,498.05,One year,Mailed check,No,Yes,0,0
C100505,2023-10,25,66.09,1681.69,Month-to-month,Mailed check,DSL,Yes,0,0
C100506,2022-09,26,23.17,627.56,Two year,Electronic check,No,No,0,0
C100507,2026-01,5,53.63,276.7,Month-to-month,Credit card (automatic),DSL,No,0,0
C100508,2024-12,10,45.36,457.83,Month-to-month,Bank transfer (automatic),DSL,Yes,0,0
C100509,2024-10,6,74.3,447.35,Month-to-month,Bank transfer (automatic),Fiber optic,No,0,1
C100510,2024-08,16,30.96,512.72,Month-to-month,Electronic check,No,No,1,1
C100511,2025-03,12,86.84,1087.71,Month-to-month,Electronic check,Fiber optic,Yes,1,1
C100512,2024-07,20,44.99,924.93,Two year,Credit card (automatic),DSL,No,0,0
C100513,2024-11,21,77.78,1658.91,One year,Electronic check,Fiber optic,No,0,0
C100514,2024-11,2,54.6,112.44,One year,Electronic check,DSL,No,0,0
C100515,2024-05,15,43.4,650.16,Month-to-month,Bank transfer (automatic),No,No,0,0
C100516,2023-02,34,28.65,966.74,Two year,Bank transfer (automatic),No,No,0,0
C100517,2024-11,10,74.69,781.52,Month-to-month,Electronic check,Fiber optic,Yes,0,0
C100518,2025-12,10,80.08,804.95,Month-to-month,Electronic check,Fiber optic,No,0,1
C100519,2023-10,30,77.93,2355.53,Month-to-month,Bank transfer (automatic),Fiber optic,Yes,0,0
C100520,2024-06,27,77.61,2015.25,One year,Credit card (automatic),Fiber optic,Yes,0,0
C100521,2025-12,7,58.37,409.2,Month-to-month,Mailed check,DSL,No,0,1
C100522,2022-12,25,66.15,1633.69,Month-to-month,Bank transfer (automatic),Fiber optic,Yes,0,0
C100523,2024-11,8,75.13,587.78,One year,Electronic check,Fiber optic,No,0,0
C100524,2025-11,10,32.99,345.24,Month-to-month,Bank transfer (automatic),No,No,1,1
C100525,2024-10,7,70.56,515.13,Month-to-month,Bank transfer (automatic),Fiber optic,Yes,0,1
C100526,2025-01,5,29.34,153.71,Two year,Credit card (automatic),No,No,0,0
C100527,2025-01,17,63.98,1071.33,Month-to-month,Bank transfer (automatic),Fiber optic,Yes,0,1
C100528,2025-10,5,31.53,160.02,Month-to-month,Electronic check,No,No,1,0
C100529,2023-12,17,31.71,528.72,Two year,Electronic check,No,Yes,1,0
C100530,2024-10,17,58.56,990.0,One year,Credit card (automatic),DSL,Yes,0,0
C100531,2024-05,14,79.2,1082.9,Month-to-month,Electronic check,Fiber optic,No,0,1
C100532,2025-01,11,69.68,772.95,Month-to-month,Bank transfer (automatic),Fiber optic,No,0,0
C100533,2024-07,9,21.21,186.86,Month-to-month,Mailed check,No,Yes,0,0
C100534,2025-04,6,60.65,356.37,Month-to-month,Electronic check,DSL,Yes,0,0
C100535,2023-06,39,71.43,2763.84,Two year,Bank transfer (automatic),Fiber optic,No,0,0
C100536,2024-06,13,30.56,378.33,Two year,Mailed check,No,Yes,0,0
C100537,2023-10,13,65.09,879.88,Month-to-month,Credit card (automatic),DSL,No,0,1
C100538,2024-09,7,45.36,308.7,Month-to-month,Electronic check,DSL,Yes,0,0
C100539,2022-06,37,79.82,2991.97,Two year,Electronic check,Fiber optic,Yes,1,0
C100540,2025-10,10,71.63,685.37,Month-to-month,Electronic check,Fiber optic,Yes,1,0
C100541,2024-09,19,73.95,1388.42,Two year,Electronic check,Fiber optic,Yes,0,0
C100542,2023-04,21,54.92,1100.72,Month-to-month,Bank transfer (automatic),DSL,No,1,0
C100543,2023-08,17,72.93,1301.53,Month-to-month,Mailed check,Fiber optic,No,0,0
C100544,2026-05,4,45.95,190.58,Month-to-month,Electronic check,DSL,Yes,0,0
C100545,2023-09,24,23.57,585.59,Two year,Credit card (automatic),No,Yes,0,0
C100546,2024-05,10,57.8,561.02,Month-to-month,Electronic check,DSL,Yes,0,0
C100547,2024-04,27,71.13,1933.71,Two year,Mailed check,Fiber optic,No,0,0
C100548,2023-09,15,80.71,1255.2,Month-to-month,Credit card (automatic),Fiber optic,No,0,1
C100549,2023-04,22,70.85,1539.82,Month-to-month,Bank transfer (automatic),Fiber optic,Yes,1,0
C100550,2022-10,35,57.28,1911.58,One year,Electronic check,DSL,No,0,0
C100551,2023-05,24,75.4,1795.17,Month-to-month,Credit card (automatic),Fiber optic,No,1,1
C100552,2024-11,22,56.6,1294.01,One year,Mailed check,DSL,No,0,0
C100553,2024-03,25,58.08,1395.53,Month-to-month,Electronic check,DSL,No,1,1
C100554,2025-12,8,72.17,553.54,Month-to-month,Electronic check,Fiber optic,Yes,0,0
C100555,2023-05,28,56.51,1597.84,Month-to-month,Credit card (automatic),DSL,Yes,0,0
C100556,2024-02,13,30.37,384.02,Two year,Electronic check,No,No,0,0
C100557,2024-12,13,73.72,947.7,Two year,Credit card (automatic),Fiber optic,Yes,0,0
C100558,2024-09,16,64.03,1014.17,Month-to-month,Electronic check,DSL,Yes,1,0
C100559,2025-10,12,26.19,320.57,Month-to-month,Electronic check,No,No,1,1
C100560,2025-12,7,43.6,290.8,Two year,Credit card (automatic),DSL,No,0,0
C100561,2024-07,16,37.72,613.12,Month-to-month,Credit card (automatic),No,No,0,0
C100562,2024-11,13,42.88,556.91,Two year,Electronic check,DSL,No,0,0
C100563,2025-04,13,78.2,1017.9,One year,Electronic check,Fiber optic,Yes,0,0
C100564,2025-05,14,22.14,316.38,Two year,Bank transfer (automatic),No,No,0,1
C100565,2026-05,2,51.22,103.89,Month-to-month,Mailed check,DSL,No,0,0
C100566,2024-05,13,74.53,986.01,Month-to-month,Mailed check,Fiber optic,Yes,0,0
C100567,2023-06,38,44.09,1641.75,One year,Electronic check,DSL,Yes,1,0
C100568,2023-02,36,69.18,2578.29,Month-to-month,Credit card (automatic),Fiber optic,No,0,0
C100569,2025-01,16,44.96,727.68,Month-to-month,Electronic check,DSL,Yes,1,1
C100570,2024-11,16,54.62,870.45,Two year,Electronic check,DSL,No,1,0
C100571,2025-03,1,54.93,54.94,Month-to-month,Electronic check,DSL,Yes,1,0
C100572,2024-05,10,75.09,731.76,Month-to-month,Electronic check,Fiber optic,No,0,1
C100573,2024-01,25,29.63,762.12,Month-to-month,Mailed check,No,No,0,0
C100574,2024-04,11,29.89,321.5,Month-to-month,Electronic check,No,No,1,0
C100575,2023-12,31,69.11,2159.43,One year,Bank transfer (automatic),Fiber optic,Yes,0,0
C100576,2022-10,30,35.74,1118.71,Month-to-month,Mailed check,No,Yes,0,0
C100577,2025-08,10,18.22,183.14,One year,Electronic check,No,No,1,0
C100578,2024-10,17,60.34,978.41,Two year,Credit card (automatic),Fiber optic,Yes,1,0
C100579,2022-03,40,60.95,2552.14,One year,Mailed check,DSL,No,0,0
C100580,2025-11,4,73.6,296.3,One year,Electronic check,Fiber optic,No,0,0
C100581,2025-01,12,42.85,497.86,Month-to-month,Electronic check,DSL,No,0,1
C100582,2026-04,4,31.92,127.64,Month-to-month,Bank transfer (automatic),No,Yes,1,0
C100583,2024-12,8,59.46,469.45,Two year,Bank transfer (automatic),Fiber optic,Yes,1,0
C100584,2021-11,48,58.4,2780.63,Two year,Bank transfer (automatic),DSL,No,0,0
C100585,2025-09,12,35.52,425.56,Month-to-month,Bank transfer (automatic),No,No,0,0
C100586,2026-03,2,67.58,139.59,Month-to-month,Electronic check,DSL,Yes,0,0
C100587,2024-10,7,28.21,192.35,Month-to-month,Credit card (automatic),No,No,0,1
C100588,2025-10,4,22.7,92.26,Month-to-month,Electronic check,No,No,0,0
C100589,2023-06,17,68.76,1194.53,One year,Electronic check,Fiber optic,No,1,0
C100590,2023-04,21,71.89,1582.18,Month-to-month,Mailed check,Fiber optic,No,0,0
C100591,2022-12,28,52.91,1453.92,Two year,Electronic check,DSL,No,0,0
C100592,2023-01,24,61.01,1420.38,One year,Mailed check,Fiber optic,Yes,0,0
C100593,2024-12,5,29.97,156.37,Month-to-month,Electronic check,No,Yes,0,1
C100594,2024-04,20,44.51,930.35,Two year,Bank transfer (automatic),DSL,No,0,0
C100595,2025-04,14,49.72,715.44,One year,Bank transfer (automatic),DSL,No,0,0
C100596,2022-12,31,83.3,2553.17,Month-to-month,Bank transfer (automatic),Fiber optic,No,1,0
C100597,2023-11,26,78.02,2124.19,One year,Mailed check,Fiber optic,No,1,0
C100598,2020-07,52,73.38,3847.61,Two year,Electronic check,Fiber optic,Yes,0,0
C100599,2025-12,7,54.42,370.21,Two year,Credit card (automatic),DSL,No,1,0
C100600,2025-04,6,53.41,330.89,Month-to-month,Mailed check,DSL,Yes,1,0
C100601,2024-05,11,29.71,326.21,Month-to-month,Mailed check,No,No,1,0
C100602,2024-08,14,41.16,550.75,Two year,Electronic check,DSL,No,0,0
C100603,2024-08,9,43.2,399.61,Two year,Electronic check,DSL,No,0,0
C100604,2026-03,7,55.76,402.68,Month-to-month,Mailed check,DSL,No,0,0
C100605,2025-01,19,65.28,1284.44,One year,Bank transfer (automatic),Fiber optic,Yes,0,0
C100606,2025-10,11,56.94,605.21,One year,Credit card (automatic),DSL,No,1,0
C100607,2024-08,9,54.7,484.24,Month-to-month,Credit card (automatic),DSL,Yes,0,0
C100608,2025-01,5,73.21,376.72,Month-to-month,Mailed check,Fiber optic,No,0,1
C100609,2025-07,2,51.36,105.41,Month-to-month,Mailed check,DSL,Yes,0,1
C100610,2022-11,37,30.3,1164.36,Two year,Bank transfer (automatic),No,No,0,0
C100611,2021-11,36,32.87,1188.97,One year,Electronic check,No,Yes,1,0
C100612,2023-08,27,69.72,1846.81,Month-to-month,Mailed check,Fiber optic,Yes,0,0
C100613,2023-01,22,65.85,1435.74,Two year,Bank transfer (automatic),Fiber optic,No,0,0
C100614,2025-09,10,53.87,527.6,Month-to-month,Electronic check,DSL,No,0,1
C100615,2024-10,23,70.93,1654.62,Two year,Electronic check,Fiber optic,Yes,0,0
C100616,2024-09,6,56.85,340.92,Month-to-month,Mailed check,DSL,No,0,1
C100617,2023-09,17,74.39,1273.13,Month-to-month,Bank transfer (automatic),Fiber optic,No,1,0
C100618,2024-11,8,54.85,446.37,Two year,Electronic check,DSL,No,0,0
C100619,2024-08,23,68.19,1527.46,Two year,Electronic check,Fiber optic,No,0,0
C100620,2022-07,42,44.42,1939.27,One year,Electronic check,DSL,Yes,0,0
C100621,2025-02,7,83.02,554.8,Month-to-month,Credit card (automatic),Fiber optic,Yes,0,1
C100622,2024-05,10,60.88,593.26,Month-to-month,Credit card (automatic),DSL,Yes,1,0
C100623,2024-06,16,42.34,652.0,Two year,Credit card (automatic),DSL,No,0,0
C100624,2025-04,3,76.07,226.18,Month-to-month,Credit card (automatic),Fiber optic,Yes,1,1
C100625,2025-12,4,76.8,320.86,Two year,Electronic check,Fiber optic,Yes,1,0
C100626,2023-05,41,26.97,1141.92,One year,Electronic check,No,Yes,0,0
C100627,2023-10,19,57.43,1090.45,One year,Mailed check,DSL,No,1,0
C100628,2025-12,9,61.66,549.51,Month-to-month,Mailed check,DSL,Yes,0,0
C100629,2024-07,15,76.61,1096.21,Month-to-month,Bank transfer (automatic),Fiber optic,No,0,1
C100630,2025-01,11,63.46,697.4,Two year,Electronic check,DSL,Yes,0,0
C100631,2024-03,17,33.9,562.16,Month-to-month,Credit card (automatic),No,No,0,0
C100632,2024-09,11,51.21,535.2,Two year,Electronic check,DSL,No,0,0
C100633,2024-04,14,29.0,420.01,Month-to-month,Bank transfer (automatic),No,Yes,0,0
C100634,2024-07,25,74.72,1909.54,Month-to-month,Credit card (automatic),Fiber optic,No,0,1
C100635,2024-01,24,47.21,1182.85,Two year,Mailed check,DSL,No,0,0
C100636,2022-12,39,62.32,2422.74,Two year,Bank transfer (automatic),Fiber optic,Yes,0,0
C100637,2025-02,20,69.61,1391.75,Month-to-month,Bank transfer (automatic),Fiber optic,No,0,0
C100638,2023-07,16,71.15,1145.33,One year,Bank transfer (automatic),Fiber optic,No,0,0
C100639,2022-09,43,79.82,3563.47,Month-to-month,Credit card (automatic),Fiber optic,No,0,1
C100640,2025-08,13,70.96,895.35,Two year,Mailed check,Fiber optic,No,0,0
C100641,2026-04,2,76.01,145.46,Month-to-month,Mailed check,Fiber optic,No,0,1
C100642,2023-02,27,84.72,2324.98,One year,Credit card (automatic),Fiber optic,Yes,0,0
C100643,2023-09,19,85.1,1618.41,Month-to-month,Bank transfer (automatic),Fiber optic,No,0,1
C100644,2025-02,15,23.32,353.04,One year,Bank transfer (automatic),No,Yes,0,0
C100645,2024-02,27,73.23,2053.79,Two year,Mailed check,Fiber optic,No,0,0
C100646,2024-12,11,64.88,742.69,One year,Electronic check,Fiber optic,Yes,0,0
C100647,2025-12,2,56.61,111.84,Month-to-month,Mailed check,DSL,No,0,0
C100648,2023-04,28,46.76,1333.97,Month-to-month,Credit card (automatic),DSL,No,0,0
C100649,2025-03,9,51.36,461.88,Month-to-month,Electronic check,DSL,Yes,0,1
C100650,2025-03,7,75.74,533.14,One year,Electronic check,Fiber optic,No,0,0
C100651,2024-12,2,72.27,149.06,Month-to-month,Electronic check,Fiber optic,No,0,1
C100652,2023-05,26,46.33,1178.03,One year,Mailed check,DSL,Yes,0,0
C100653,2025-01,1,70.87,67.97,Month-to-month,Electronic check,Fiber optic,Yes,0,0
C100654,2023-06,35,44.94,1601.57,Two year,Bank transfer (automatic),DSL,Yes,0,0
C100655,2025-05,12,57.47,676.22,Month-to-month,Electronic check,DSL,Yes,0,1
C100656,2023-08,27,60.02,1587.76,One year,Electronic check,DSL,No,0,0
C100657,2024-04,21,67.82,1370.84,Two year,Electronic check,Fiber optic,Yes,0,0
C100658,2021-01,49,56.78,2907.89,Two year,Electronic check,DSL,No,1,0
C100659,2024-09,20,49.36,1020.19,One year,Credit card (automatic),DSL,Yes,0,0
C100660,2023-02,34,68.39,2378.96,Two year,Credit card (automatic),Fiber optic,Yes,1,0
C100661,2024-01,10,85.7,860.71,Month-to-month,Bank transfer (automatic),Fiber optic,No,0,0
C100662,2025-11,4,73.93,281.8,Month-to-month,Credit card (automatic),Fiber optic,Yes,0,1
C100663,2023-04,30,61.42,1929.4,Month-to-month,Electronic check,DSL,No,0,1
C100664,2025-07,4,70.68,274.13,Month-to-month,Credit card (automatic),Fiber optic,Yes,0,0
C100665,2024-08,26,52.68,1399.16,One year,Mailed check,DSL,No,1,0
C100666,2025-11,6,49.85,300.51,Month-to-month,Bank transfer (automatic),DSL,No,0,0
C100667,2025-01,19,75.4,1401.25,Month-to-month,Bank transfer (automatic),Fiber optic,No,0,0
C100668,2020-11,49,70.44,3436.56,Two year,Electronic check,Fiber optic,No,1,0
C100669,2023-01,25,34.54,870.1,Month-to-month,Electronic check,No,Yes,1,0
C100670,2025-03,13,25.33,335.94,One year,Electronic check,No,No,0,0
C100671,2024-04,21,51.8,1114.46,One year,Mailed check,DSL,No,0,0
C100672,2024-04,10,62.13,592.39,Month-to-month,Mailed check,DSL,No,0,1
C100673,2019-11,62,21.55,1385.68,One year,Credit card (automatic),No,Yes,0,0
C100674,2025-01,8,40.15,328.26,Month-to-month,Electronic check,DSL,Yes,0,0
C100675,2024-05,14,71.08,1023.23,Month-to-month,Bank transfer (automatic),Fiber optic,Yes,0,0
C100676,2022-12,23,75.66,1713.59,One year,Mailed check,Fiber optic,Yes,0,0
C100677,2024-02,20,72.5,1478.14,One year,Electronic check,Fiber optic,Yes,0,0
C100678,2024-05,22,44.86,998.0,Two year,Electronic check,DSL,Yes,0,0
C100679,2024-05,10,55.43,545.33,Month-to-month,Mailed check,DSL,Yes,0,0
C100680,2024-01,13,50.6,635.96,One year,Mailed check,DSL,Yes,0,0
C100681,2022-12,29,45.61,1333.64,Month-to-month,Electronic check,DSL,Yes,0,0
C100682,2022-11,28,48.56,1396.39,Two year,Electronic check,DSL,No,0,0
C100683,2024-01,20,79.47,1564.72,Month-to-month,Electronic check,Fiber optic,No,0,0
C100684,2022-07,37,67.33,2582.82,Two year,Credit card (automatic),Fiber optic,Yes,1,0
C100685,2024-02,30,43.72,1359.95,One year,Credit card (automatic),DSL,Yes,0,0
C100686,2024-04,27,65.35,1810.69,Month-to-month,Electronic check,DSL,Yes,0,0
C100687,2024-11,4,21.64,83.34,Two year,Bank transfer (automatic),No,No,0,0
C100688,2023-04,20,57.24,1146.31,Month-to-month,Credit card (automatic),DSL,No,0,0
C100689,2023-09,18,60.01,1132.29,Month-to-month,Electronic check,DSL,Yes,1,0
C100690,2022-02,40,71.53,2792.42,Two year,Electronic check,Fiber optic,Yes,0,0
C100691,2023-11,14,51.41,686.35,One year,Electronic check,DSL,Yes,0,0
C100692,2024-05,17,44.1,751.08,Month-to-month,Electronic check,DSL,Yes,0,0
C100693,2026-02,6,62.03,363.49,Month-to-month,Credit card (automatic),DSL,Yes,0,0
C100694,2025-09,7,23.0,164.87,Month-to-month,Credit card (automatic),No,No,0,0
C100695,2021-07,40,74.83,3125.41,Two year,Mailed check,Fiber optic,Yes,0,0
C100696,2023-04,22,78.67,1718.83,One year,Electronic check,Fiber optic,Yes,0,0
C100697,2021-11,49,21.47,1083.42,One year,Credit card (automatic),No,No,0,0
C100698,2025-07,13,67.58,897.47,Month-to-month,Electronic check,Fiber optic,No,0,0
C100699,2026-01,4,48.24,196.26,Two year,Electronic check,DSL,Yes,0,0
C100700,2024-04,12,77.52,886.73,One year,Electronic check,Fiber optic,No,0,0
C100701,2024-07,10,71.41,730.18,Month-to-month,Credit card (automatic),Fiber optic,Yes,0,0
C100702,2023-01,25,72.56,1864.38,One year,Bank transfer (automatic),Fiber optic,Yes,0,0
C100703,2023-04,24,71.99,1654.32,Month-to-month,Bank transfer (automatic),Fiber optic,Yes,0,0
C100704,2023-06,22,59.71,1367.22,Month-to-month,Bank transfer (automatic),DSL,Yes,0,0
C100705,2021-11,59,46.79,2750.33,Two year,Electronic check,DSL,Yes,0,0
C100706,2023-05,35,64.68,2325.26,Two year,Mailed check,Fiber optic,No,0,0
C100707,2025-07,8,48.81,398.21,Month-to-month,Credit card (automatic),DSL,No,0,0
C100708,2023-01,30,21.22,655.66,Two year,Credit card (automatic),No,Yes,0,0
C100709,2024-07,16,78.38,1194.18,One year,Mailed check,Fiber optic,Yes,0,1
C100710,2025-06,13,48.45,638.87,Two year,Electronic check,DSL,Yes,0,0
C100711,2021-12,38,63.29,2361.21,Two year,Credit card (automatic),Fiber optic,Yes,1,0
C100712,2025-07,7,64.97,449.13,Month-to-month,Mailed check,Fiber optic,No,1,0
C100713,2024-05,29,67.38,1882.81,Two year,Electronic check,Fiber optic,Yes,1,0
C100714,2023-01,26,70.07,1834.81,Month-to-month,Electronic check,Fiber optic,No,0,0
C100715,2024-09,7,68.94,493.29,Month-to-month,Electronic check,Fiber optic,No,0,0
C100716,2024-09,3,50.36,147.21,Month-to-month,Bank transfer (automatic),DSL,No,0,1
C100717,2023-09,15,69.73,1009.98,Two year,Bank transfer (automatic),Fiber optic,Yes,0,0
C100718,2023-04,33,68.03,2346.32,Month-to-month,Electronic check,Fiber optic,Yes,0,1
C100719,2023-04,20,28.16,548.68,Month-to-month,Electronic check,No,Yes,0,0
C100720,2022-01,39,32.91,1261.47,Two year,Mailed check,No,No,0,0
C100721,2024-10,19,26.68,526.26,Month-to-month,Mailed check,No,No,0,0
C100722,2022-01,41,46.42,1887.71,One year,Electronic check,DSL,No,0,0
C100723,2024-10,10,36.33,357.17,Month-to-month,Electronic check,No,Yes,0,0
C100724,2024-06,22,71.47,1504.65,One year,Credit card (automatic),Fiber optic,Yes,0,0
C100725,2024-12,11,73.95,836.9,Month-to-month,Credit card (automatic),Fiber optic,No,0,0
C100726,2025-03,14,33.13,474.76,Month-to-month,Mailed check,No,Yes,0,0
C100727,2024-03,17,28.28,469.83,One year,Bank transfer (automatic),No,No,1,0
C100728,2024-03,20,69.42,1403.58,Two year,Credit card (automatic),Fiber optic,No,0,0
C100729,2024-12,9,43.37,373.06,One year,Electronic check,DSL,Yes,0,0
C100730,2023-09,22,49.96,1069.68,Month-to-month,Credit card (automatic),DSL,No,0,0
C100731,2023-09,16,38.77,639.6,Two year,Mailed check,No,Yes,1,0
C100732,2025-07,5,22.56,117.85,One year,Bank transfer (automatic),No,No,1,1
C100733,2025-02,3,55.41,170.74,Month-to-month,Mailed check,DSL,No,0,0
C100734,2023-02,33,63.25,2133.27,One year,Electronic check,DSL,Yes,0,0
C100735,2024-07,14,79.12,1126.21,Month-to-month,Bank transfer (automatic),Fiber optic,No,1,1
C100736,2026-01,4,56.74,217.28,Month-to-month,Bank transfer (automatic),DSL,Yes,0,0
C100737,2021-02,45,64.19,2904.52,Two year,Electronic check,Fiber optic,Yes,0,0
C100738,2023-10,23,26.26,614.49,Month-to-month,Bank transfer (automatic),No,Yes,1,1
C100739,2023-04,20,53.14,1090.78,Month-to-month,Credit card (automatic),DSL,Yes,1,0
C100740,2024-11,8,77.02,629.18,Month-to-month,Credit card (automatic),Fiber optic,Yes,1,1
C100741,2026-02,5,82.64,406.15,Month-to-month,Bank transfer (automatic),Fiber optic,No,0,0
C100742,2024-01,18,55.71,1010.8,Month-to-month,Electronic check,DSL,No,0,1
C100743,2024-04,15,68.57,1060.18,One year,Electronic check,Fiber optic,No,1,1
C100744,2024-09,6,71.42,428.32,One year,Electronic check,Fiber optic,Yes,0,0
C100745,2024-06,6,78.12,464.61,Month-to-month,Credit card (automatic),Fiber optic,No,0,0
C100746,2026-04,6,77.02,443.18,Month-to-month,Bank transfer (automatic),Fiber optic,No,0,1
C100747,2024-08,6,28.51,171.87,Month-to-month,Credit card (automatic),No,No,0,0
C100748,2024-11,9,48.28,443.58,Month-to-month,Electronic check,DSL,No,0,1
C100749,2023-05,20,34.06,671.25,Two year,Credit card (automatic),No,No,0,0
C100750,2024-03,22,70.43,1588.6,One year,Credit card (automatic),Fiber optic,No,1,0
C100751,2024-05,15,70.47,1109.21,Two year,Bank transfer (automatic),Fiber optic,No,0,0
C100752,2025-01,17,46.54,768.05,Two year,Credit card (automatic),DSL,Yes,0,0
C100753,2024-10,23,50.79,1182.38,Month-to-month,Mailed check,DSL,Yes,0,1
C100754,2026-07,2,77.98,153.4,Month-to-month,Electronic check,Fiber optic,No,0,1
C100755,2025-04,18,21.2,371.77,One year,Electronic check,No,No,1,0
C100756,2022-11,36,65.02,2354.45,One year,Electronic check,Fiber optic,No,0,0
C100757,2025-02,13,64.05,822.98,Month-to-month,Electronic check,DSL,No,0,1
C100758,2023-07,32,59.96,1941.73,Month-to-month,Bank transfer (automatic),DSL,No,1,1
C100759,2024-06,14,74.5,1059.99,One year,Electronic check,Fiber optic,No,0,0
C100760,2023-01,24,22.36,531.94,One year,Electronic check,No,Yes,0,0
C100761,2023-05,19,76.32,1379.55,Month-to-month,Electronic check,Fiber optic,No,0,0
C100762,2025-02,6,54.56,340.87,Month-to-month,Bank transfer (automatic),DSL,Yes,0,1
C100763,2025-06,7,52.35,383.38,Month-to-month,Credit card (automatic),DSL,Yes,0,0
C100764,2022-08,41,50.06,2006.27,Two year,Mailed check,DSL,No,0,0
C100765,2023-03,28,63.41,1839.6,One year,Bank transfer (automatic),Fiber optic,No,0,0
C100766,2023-11,14,42.58,620.71,Month-to-month,Credit card (automatic),DSL,No,1,1
C100767,2024-09,13,56.78,717.53,Month-to-month,Bank transfer (automatic),DSL,No,0,0
C100768,2025-05,8,29.77,237.79,One year,Bank transfer (automatic),No,Yes,0,0
C100769,2024-08,21,73.51,1478.91,One year,Bank transfer (automatic),Fiber optic,No,0,1
C100770,2025-11,9,34.62,309.83,Month-to-month,Credit card (automatic),No,No,0,0
C100771,2025-03,12,78.07,918.73,Month-to-month,Electronic check,Fiber optic,No,1,1
C100772,2024-06,9,63.91,555.82,Month-to-month,Bank transfer (automatic),DSL,Yes,0,0
C100773,2023-12,26,59.88,1565.58,One year,Mailed check,DSL,No,1,0
C100774,2023-12,14,75.35,1015.72,Month-to-month,Electronic check,Fiber optic,Yes,1,1
C100775,2023-11,17,72.95,1221.94,One year,Bank transfer (automatic),Fiber optic,Yes,0,0
C100776,2024-10,6,70.35,437.43,Two year,Credit card (automatic),Fiber optic,No,0,0
C100777,2024-09,9,20.8,190.56,Month-to-month,Credit card (automatic),No,No,0,1
C100778,2025-05,17,80.52,1410.69,Month-to-month,Credit card (automatic),Fiber optic,Yes,0,0
C100779,2025-07,4,78.51,305.67,Month-to-month,Bank transfer (automatic),Fiber optic,Yes,1,0
C100780,2024-04,13,45.05,589.28,Month-to-month,Mailed check,DSL,No,0,0
C100781,2023-08,15,59.9,879.91,Two year,Credit card (automatic),DSL,No,0,0
C100782,2024-11,5,66.43,330.58,Two year,Electronic check,Fiber optic,Yes,1,0
C100783,2023-08,31,54.25,1700.06,Month-to-month,Electronic check,DSL,No,0,0
C100784,2024-01,20,26.74,528.42,Two year,Mailed check,No,No,0,0
C100785,2024-03,14,73.97,1038.6,Month-to-month,Bank transfer (automatic),Fiber optic,Yes,0,0
C100786,2024-05,9,69.37,629.83,Month-to-month,Bank transfer (automatic),DSL,No,0,1
C100787,2026-05,3,73.43,212.11,Month-to-month,Credit card (automatic),Fiber optic,Yes,0,0
C100788,2022-07,29,73.05,2017.11,Month-to-month,Electronic check,Fiber optic,No,0,0
C100789,2025-01,11,55.12,581.44,Month-to-month,Credit card (automatic),DSL,Yes,1,1
C100790,2024-09,4,69.91,290.34,Month-to-month,Bank transfer (automatic),Fiber optic,No,1,1
C100791,2024-07,9,76.75,724.32,Month-to-month,Credit card (automatic),Fiber optic,No,1,1
C100792,2024-01,21,64.07,1297.88,Two year,Electronic check,Fiber optic,Yes,0,0
C100793,2024-05,18,58.0,1028.64,Month-to-month,Bank transfer (automatic),DSL,No,0,0
C100794,2025-10,6,68.74,405.55,Month-to-month,Bank transfer (automatic),Fiber optic,Yes,0,0
C100795,2022-11,33,65.48,2181.2,Two year,Mailed check,Fiber optic,Yes,0,0
C100796,2025-11,4,48.97,192.12,Month-to-month,Electronic check,DSL,No,1,0
C100797,2022-10,37,49.61,1919.29,One year,Electronic check,DSL,No,0,0
C100798,2024-11,18,64.28,1120.36,Month-to-month,Electronic check,Fiber optic,No,0,1
C100799,2025-06,11,40.33,442.78,Month-to-month,Mailed check,DSL,No,0,0
C100800,2023-12,13,28.07,354.71,Month-to-month,Bank transfer (automatic),No,Yes,0,0
C100801,2023-10,16,45.78,725.24,Month-to-month,Bank transfer (automatic),DSL,No,1,1
C100802,2023-10,23,82.4,1838.5,One year,Bank transfer (automatic),Fiber optic,No,0,0
C100803,2025-04,3,27.85,80.11,Month-to-month,Electronic check,No,No,0,1
C100804,2026-02,8,57.05,474.72,One year,Electronic check,DSL,Yes,0,0
C100805,2024-01,16,70.85,1142.96,Two year,Bank transfer (automatic),Fiber optic,Yes,0,0
C100806,2022-01,34,48.62,1681.41,Month-to-month,Bank transfer (automatic),DSL,No,0,0
C100807,2022-03,33,66.48,2172.84,Two year,Bank transfer (automatic),Fiber optic,Yes,0,0
C100808,2023-02,43,32.04,1330.54,Two year,Bank transfer (automatic),No,No,0,0
C100809,2022-10,32,31.65,1060.34,Two year,Credit card (automatic),No,Yes,1,0
C100810,2025-03,8,80.2,631.28,Month-to-month,Credit card (automatic),Fiber optic,No,0,0
C100811,2025-06,15,26.06,400.28,Month-to-month,Bank transfer (automatic),No,Yes,0,0
C100812,2022-08,32,33.5,1115.24,Month-to-month,Electronic check,No,No,0,0
C100813,2023-01,30,46.97,1417.56,Two year,Electronic check,DSL,No,0,0
C100814,2025-03,13,34.87,449.24,One year,Bank transfer (automatic),No,No,0,0
C100815,2023-12,22,56.48,1212.32,Two year,Mailed check,DSL,No,0,0
C100816,2025-03,11,21.76,228.59,Month-to-month,Electronic check,No,Yes,0,0
C100817,2026-01,4,31.66,121.23,Month-to-month,Electronic check,No,Yes,1,0
C100818,2024-10,14,68.43,974.35,Month-to-month,Credit card (automatic),Fiber optic,No,0,0
C100819,2024-06,14,73.97,1079.08,Two year,Electronic check,Fiber optic,Yes,0,0
C100820,2025-11,10,23.23,238.3,Month-to-month,Bank transfer (automatic),No,Yes,0,0
C100821,2023-07,23,54.74,1234.84,One year,Credit card (automatic),DSL,No,0,0
C100822,2024-10,13,73.43,917.71,Two year,Bank transfer (automatic),Fiber optic,Yes,0,0
C100823,2024-01,20,75.4,1463.24,Month-to-month,Electronic check,Fiber optic,No,0,0
C100824,2024-05,26,80.17,2158.97,Month-to-month,Credit card (automatic),Fiber optic,No,0,0
C100825,2021-03,64,52.36,3267.33,Two year,Bank transfer (automatic),DSL,Yes,0,0
C100826,2024-08,14,60.0,843.64,Two year,Electronic check,DSL,Yes,1,0
C100827,2022-09,34,22.19,791.78,One year,Bank transfer (automatic),No,Yes,0,0
C100828,2024-01,18,27.7,523.48,Month-to-month,Electronic check,No,No,0,0
C100829,2025-03,19,18.48,341.14,Month-to-month,Bank transfer (automatic),No,Yes,0,0
C100830,2024-09,14,73.22,1072.08,Month-to-month,Credit card (automatic),Fiber optic,No,0,1
C100831,2025-02,17,67.88,1131.88,Month-to-month,Mailed check,Fiber optic,Yes,0,0
C100832,2024-08,13,66.68,895.66,Month-to-month,Credit card (automatic),Fiber optic,Yes,0,1
C100833,2022-09,30,59.67,1742.78,Two year,Mailed check,Fiber optic,No,1,0
C100834,2024-02,9,27.16,233.17,Month-to-month,Credit card (automatic),No,Yes,0,0
C100835,2025-07,4,54.32,223.87,One year,Bank transfer (automatic),DSL,No,0,0
C100836,2025-01,10,30.47,303.36,Two year,Electronic check,No,No,0,0
C100837,2024-11,9,36.01,339.84,Month-to-month,Credit card (automatic),No,Yes,0,0
C100838,2025-11,10,80.67,794.91,Month-to-month,Credit card (automatic),Fiber optic,No,1,0
C100839,2024-12,14,23.23,320.88,Month-to-month,Mailed check,No,No,0,1
C100840,2025-05,10,25.54,257.09,Month-to-month,Bank transfer (automatic),No,Yes,0,0
C100841,2024-07,14,56.16,809.46,Month-to-month,Electronic check,DSL,No,0,1
C100842,2025-09,10,56.25,535.54,Month-to-month,Electronic check,DSL,Yes,0,1
C100843,2025-01,21,80.28,1708.51,One year,Electronic check,Fiber optic,No,0,0
C100844,2020-11,63,73.27,4497.3,Month-to-month,Mailed check,Fiber optic,Yes,1,0
C100845,2025-04,18,59.61,1043.41,Month-to-month,Electronic check,DSL,Yes,0,0
C100846,2024-08,10,74.14,710.85,Month-to-month,Electronic check,Fiber optic,Yes,0,0
C100847,2024-12,1,77.15,73.36,Month-to-month,Credit card (automatic),Fiber optic,No,0,1
C100848,2021-04,50,77.33,3790.64,Month-to-month,Mailed check,Fiber optic,Yes,0,0
C100849,2024-09,19,54.87,1057.83,Month-to-month,Credit card (automatic),DSL,No,1,0
C100850,2024-04,14,49.14,682.98,Month-to-month,Electronic check,DSL,Yes,0,0
C100851,2025-01,2,31.66,60.89,Month-to-month,Electronic check,No,No,0,0
C100852,2023-11,14,56.66,792.54,One year,Bank transfer (automatic),DSL,No,0,0
C100853,2024-05,17,75.64,1327.41,Month-to-month,Electronic check,Fiber optic,No,1,1
C100854,2025-03,10,58.42,603.85,Month-to-month,Mailed check,Fiber optic,No,0,0
C100855,2026-04,5,26.54,133.78,Two year,Credit card (automatic),No,No,1,0
C100856,2025-08,4,34.07,136.99,Month-to-month,Electronic check,No,No,0,1
C100857,2022-06,51,21.72,1092.85,Two year,Mailed check,No,Yes,1,0
C100858,2024-08,17,78.4,1331.33,One year,Bank transfer (automatic),Fiber optic,No,0,0
C100859,2025-11,10,49.12,504.55,One year,Electronic check,DSL,No,1,0
C100860,2024-09,16,48.68,773.63,Two year,Bank transfer (automatic),DSL,No,0,0
C100861,2024-07,15,76.24,1182.58,Month-to-month,Mailed check,Fiber optic,No,0,0
C100862,2025-10,4,49.47,200.13,Month-to-month,Electronic check,DSL,No,0,1
C100863,2023-09,29,60.47,1737.34,Month-to-month,Mailed check,DSL,Yes,0,0
C100864,2024-04,13,58.19,788.44,Two year,Mailed check,DSL,Yes,1,0
C100865,2023-06,17,68.4,1207.86,Month-to-month,Bank transfer (automatic),Fiber optic,Yes,0,0
C100866,2022-12,40,67.89,2688.08,Two year,Credit card (automatic),Fiber optic,No,0,0
C100867,2026-03,5,41.36,211.79,Month-to-month,Bank transfer (automatic),No,Yes,0,0
C100868,2026-02,8,81.6,680.81,Month-to-month,Mailed check,Fiber optic,No,0,0
C100869,2024-06,19,45.32,868.71,Month-to-month,Credit card (automatic),DSL,No,1,0
C100870,2023-07,28,79.0,2308.7,One year,Bank transfer (automatic),Fiber optic,No,0,0
C100871,2026-01,9,54.47,469.63,Month-to-month,Electronic check,Fiber optic,No,0,0
C100872,2025-01,10,33.69,351.66,Month-to-month,Electronic check,No,Yes,0,1
C100873,2023-08,24,66.86,1633.8,One year,Electronic check,Fiber optic,No,0,0
C100874,2020-11,60,55.56,3219.64,One year,Electronic check,DSL,Yes,0,0
C100875,2025-04,16,73.48,1131.03,One year,Mailed check,Fiber optic,Yes,0,0
C100876,2025-04,8,69.8,571.28,Two year,Electronic check,Fiber optic,Yes,0,0
C100877,2024-12,6,75.51,441.7,One year,Credit card (automatic),Fiber optic,Yes,0,0
C100878,2024-09,14,49.82,664.98,One year,Mailed check,DSL,Yes,0,0
C100879,2023-01,28,68.41,1858.32,One year,Electronic check,Fiber optic,Yes,0,0
C100880,2018-12,72,56.18,3885.2,Two year,Credit card (automatic),DSL,No,0,0
C100881,2023-11,12,75.03,870.68,Month-to-month,Mailed check,Fiber optic,Yes,0,0
C100882,2025-01,16,47.18,757.08,Two year,Electronic check,DSL,No,0,0
C100883,2022-08,45,49.53,2236.23,Two year,Electronic check,DSL,No,0,0
C100884,2024-11,19,73.41,1387.58,Month-to-month,Bank transfer (automatic),Fiber optic,No,0,1
C100885,2024-01,18,72.92,1344.95,Month-to-month,Mailed check,Fiber optic,No,0,1
C100886,2022-04,40,53.26,2027.27,Two year,Bank transfer (automatic),DSL,No,0,0
C100887,2024-10,17,23.58,416.45,One year,Credit card (automatic),No,Yes,0,0
C100888,2025-12,7,84.12,617.68,Month-to-month,Bank transfer (automatic),Fiber optic,No,0,1
C100889,2023-05,34,28.94,1027.72,Two year,Credit card (automatic),No,Yes,0,0
C100890,2026-03,4,43.98,171.79,Month-to-month,Bank transfer (automatic),DSL,Yes,0,0
C100891,2022-07,31,76.65,2466.06,Month-to-month,Bank transfer (automatic),Fiber optic,Yes,0,0
C100892,2024-08,15,66.42,1020.36,One year,Electronic check,Fiber optic,No,0,0
C100893,2024-01,12,74.83,896.53,Month-to-month,Mailed check,Fiber optic,No,0,1
C100894,2024-01,12,54.09,680.8,Month-to-month,Mailed check,DSL,Yes,0,0
C100895,2025-02,14,54.67,744.49,Two year,Mailed check,DSL,No,0,0
C100896,2025-09,11,34.0,377.17,Month-to-month,Mailed check,No,Yes,0,1
C100897,2023-11,21,28.93,590.12,Two year,Bank transfer (automatic),No,No,0,0
C100898,2025-08,11,64.26,689.6,One year,Mailed check,DSL,Yes,0,0
C100899,2024-02,15,50.65,784.93,Month-to-month,Bank transfer (automatic),DSL,No,0,0
C100900,2025-04,2,60.99,123.64,One year,Mailed check,DSL,No,0,0
C100901,2024-11,15,77.36,1185.21,Two year,Credit card (automatic),Fiber optic,Yes,0,0
C100902,2024-11,11,57.02,618.27,Month-to-month,Mailed check,DSL,No,0,0
C100903,2024-02,29,77.75,2350.15,Month-to-month,Bank transfer (automatic),Fiber optic,Yes,0,0
C100904,2025-04,13,60.7,785.61,Month-to-month,Bank transfer (automatic),DSL,No,0,0
C100905,2023-01,26,70.11,1791.45,One year,Mailed check,Fiber optic,Yes,0,0
C100906,2024-02,24,26.96,626.73,Month-to-month,Credit card (automatic),No,Yes,0,0
C100907,2023-09,25,52.28,1276.21,Month-to-month,Credit card (automatic),DSL,Yes,0,1
C100908,2024-02,13,29.35,392.57,Two year,Bank transfer (automatic),No,No,0,0
C100909,2024-12,16,25.99,408.91,One year,Credit card (automatic),No,No,0,0
C100910,2024-02,21,67.67,1395.71,One year,Mailed check,Fiber optic,No,0,0
C100911,2025-05,17,44.39,746.13,Two year,Credit card (automatic),DSL,Yes,0,0
C100912,2025-07,13,69.1,882.77,Month-to-month,Credit card (automatic),Fiber optic,Yes,0,0
C100913,2024-07,7,51.16,358.93,Month-to-month,Bank transfer (automatic),DSL,No,1,0
C100914,2023-11,16,25.1,420.8,One year,Credit card (automatic),No,Yes,0,0
C100915,2025-08,4,75.64,316.12,Month-to-month,Bank transfer (automatic),Fiber optic,Yes,0,0
C100916,2025-11,2,70.34,146.79,Month-to-month,Mailed check,Fiber optic,No,0,0
C100917,2025-03,6,74.95,454.34,One year,Bank transfer (automatic),Fiber optic,No,0,0
C100918,2023-09,25,66.81,1751.24,Month-to-month,Mailed check,DSL,No,0,0
C100919,2025-01,18,79.5,1411.79,One year,Bank transfer (automatic),Fiber optic,Yes,1,0
C100920,2024-05,25,22.43,543.87,One year,Electronic check,No,No,0,0
C100921,2025-12,9,73.21,685.61,Month-to-month,Bank transfer (automatic),Fiber optic,No,0,0
C100922,2023-01,31,47.38,1515.6,Month-to-month,Mailed check,DSL,No,0,0
C100923,2025-10,4,31.17,123.3,Month-to-month,Mailed check,No,No,1,1
C100924,2025-02,6,54.32,317.46,One year,Electronic check,DSL,No,0,0
C100925,2023-10,31,28.64,876.29,Two year,Electronic check,No,No,1,0
C100926,2024-09,17,46.5,785.15,One year,Bank transfer (automatic),DSL,Yes,1,0
C100927,2024-09,25,71.1,1837.0,Month-to-month,Mailed check,Fiber optic,Yes,0,0
C100928,2024-07,18,77.73,1383.67,One year,Electronic check,Fiber optic,No,0,0
C100929,2025-08,10,57.38,572.71,Month-to-month,Electronic check,DSL,No,0,0
C100930,2024-07,5,49.79,241.09,Month-to-month,Mailed check,DSL,Yes,0,0
C100931,2025-04,3,47.3,145.19,Month-to-month,Electronic check,DSL,No,1,1
C100932,2021-10,48,74.56,3624.31,Month-to-month,Electronic check,Fiber optic,No,1,0
C100933,2026-01,3,74.26,214.93,Month-to-month,Bank transfer (automatic),Fiber optic,Yes,1,0
C100934,2022-12,39,45.08,1719.92,One year,Bank transfer (automatic),DSL,No,0,0
C100935,2023-06,17,67.15,1119.95,Two year,Credit card (automatic),Fiber optic,No,1,0
C100936,2024-11,19,25.89,497.56,One year,Electronic check,No,No,0,0
C100937,2023-07,18,51.48,882.28,Month-to-month,Electronic check,DSL,No,0,0
C100938,2023-02,23,72.43,1679.78,Month-to-month,Electronic check,Fiber optic,Yes,0,1
C100939,2025-06,8,30.45,237.67,One year,Bank transfer (automatic),No,No,0,0
C100940,2026-04,2,75.54,157.26,Month-to-month,Electronic check,Fiber optic,Yes,1,1
C100941,2024-06,10,37.53,387.39,Month-to-month,Electronic check,No,No,0,0
C100942,2023-04,21,73.19,1546.13,One year,Bank transfer (automatic),Fiber optic,No,1,0
C100943,2025-12,6,79.83,469.29,Month-to-month,Mailed check,Fiber optic,No,0,1
C100944,2022-04,32,61.06,1907.79,Two year,Mailed check,Fiber optic,No,0,0
C100945,2024-09,14,55.91,748.2,Month-to-month,Bank transfer (automatic),DSL,No,0,1
C100946,2024-10,6,72.77,431.45,Month-to-month,Credit card (automatic),Fiber optic,Yes,0,0
C100947,2024-07,17,79.34,1301.34,Month-to-month,Mailed check,Fiber optic,No,0,1
C100948,2023-09,21,54.32,1155.39,One year,Electronic check,DSL,No,1,1
C100949,2023-04,22,84.45,1925.12,Month-to-month,Mailed check,Fiber optic,Yes,0,0
C100950,2023-10,31,69.41,2060.83,Month-to-month,Electronic check,Fiber optic,Yes,0,0
C100951,2025-09,4,50.73,210.93,Month-to-month,Electronic check,DSL,No,0,1
C100952,2023-02,31,71.05,2181.37,Two year,Mailed check,Fiber optic,No,0,0
C100953,2023-10,33,54.22,1704.87,Month-to-month,Electronic check,DSL,No,0,0
C100954,2026-02,5,49.34,236.43,Month-to-month,Electronic check,DSL,No,0,1
C100955,2024-11,7,71.24,473.76,Two year,Bank transfer (automatic),Fiber optic,No,0,1
C100956,2023-01,26,49.83,1307.5,One year,Credit card (automatic),DSL,No,0,0
C100957,2024-08,11,77.7,835.04,Month-to-month,Electronic check,Fiber optic,No,0,1
C100958,2022-09,36,42.6,1528.77,One year,Bank transfer (automatic),DSL,Yes,1,0
C100959,2022-08,43,28.24,1242.14,Month-to-month,Credit card (automatic),No,Yes,0,0
C100960,2024-07,6,29.74,177.0,One year,Electronic check,No,No,0,0
C100961,2024-09,8,56.02,434.58,Month-to-month,Bank transfer (automatic),DSL,No,0,0
C100962,2024-06,17,54.79,962.91,Two year,Electronic check,DSL,Yes,0,0
C100963,2025-05,2,53.53,103.92,Month-to-month,Credit card (automatic),DSL,No,0,0
C100964,2025-01,3,57.69,176.96,Month-to-month,Electronic check,DSL,No,0,1
C100965,2025-12,7,74.58,531.85,Month-to-month,Electronic check,Fiber optic,Yes,0,0
C100966,2021-04,53,79.4,4334.91,Month-to-month,Credit card (automatic),Fiber optic,No,0,0
C100967,2024-11,19,65.77,1242.84,Month-to-month,Bank transfer (automatic),Fiber optic,No,0,0
C100968,2025-05,9,18.0,168.95,One year,Electronic check,No,Yes,0,0
C100969,2025-01,6,37.52,216.59,Month-to-month,Bank transfer (automatic),No,No,0,0
C100970,2024-10,5,65.59,329.15,Two year,Credit card (automatic),Fiber optic,Yes,1,1
C100971,2024-10,10,64.78,661.19,Month-to-month,Mailed check,Fiber optic,No,0,1
C100972,2024-04,9,74.04,690.66,Month-to-month,Electronic check,Fiber optic,Yes,0,1
C100973,2025-09,13,68.89,908.9,One year,Electronic check,Fiber optic,No,0,1
C100974,2024-07,22,55.01,1229.77,One year,Credit card (automatic),DSL,Yes,0,0
C100975,2025-02,14,55.75,816.56,One year,Electronic check,DSL,No,0,0
C100976,2023-02,27,50.3,1346.05,One year,Electronic check,DSL,Yes,0,0
C100977,2025-08,12,60.57,729.29,Month-to-month,Electronic check,DSL,Yes,0,0
C100978,2022-09,45,61.73,2826.19,Two year,Electronic check,Fiber optic,No,0,0
C100979,2022-09,26,57.9,1470.56,One year,Mailed check,Fiber optic,Yes,0,0
C100980,2024-07,18,75.89,1350.62,Month-to-month,Mailed check,Fiber optic,Yes,0,0
C100981,2024-01,22,28.45,637.67,Month-to-month,Electronic check,No,Yes,1,0
C100982,2024-02,10,43.63,431.69,Month-to-month,Electronic check,DSL,No,0,1
C100983,2024-09,13,32.46,439.23,One year,Electronic check,No,Yes,0,0
C100984,2025-05,12,40.41,488.25,Two year,Electronic check,DSL,No,0,1
C100985,2025-11,8,54.33,443.09,Month-to-month,Electronic check,DSL,No,0,1
C100986,2025-10,5,59.6,287.93,Month-to-month,Bank transfer (automatic),DSL,Yes,0,0
C100987,2023-12,23,56.54,1361.58,Month-to-month,Electronic check,DSL,Yes,0,1
C100988,2023-02,30,54.0,1700.08,One year,Electronic check,DSL,Yes,0,0
C100989,2023-02,21,69.15,1476.83,One year,Bank transfer (automatic),Fiber optic,No,1,0
C100990,2024-10,14,53.81,731.48,One year,Bank transfer (automatic),DSL,Yes,0,0
C100991,2020-03,59,53.65,3178.82,Two year,Bank transfer (automatic),DSL,No,0,0
C100992,2026-01,9,48.93,422.71,One year,Credit card (automatic),DSL,No,1,0
C100993,2024-04,19,68.21,1238.39,Month-to-month,Electronic check,Fiber optic,Yes,0,0
C100994,2023-04,33,76.73,2482.21,One year,Electronic check,Fiber optic,Yes,0,0
C100995,2024-07,6,66.11,385.67,Month-to-month,Electronic check,DSL,No,0,1
C100996,2022-12,24,59.57,1495.19,Two year,Electronic check,DSL,No,0,0
C100997,2022-01,47,53.24,2564.3,Two year,Credit card (automatic),Fiber optic,Yes,0,0
C100998,2023-09,15,82.51,1264.11,Month-to-month,Bank transfer (automatic),Fiber optic,No,0,0
C100999,2024-03,17,71.19,1241.88,Month-to-month,Bank transfer (automatic),Fiber optic,No,0,1
C101000,2025-03,9,85.8,761.37,Month-to-month,Credit card (automatic),Fiber optic,Yes,0,0
C101001,2024-03,22,44.37,1024.33,Two year,Credit card (automatic),DSL,No,0,0
C101002,2026-02,8,68.23,550.25,Month-to-month,Mailed check,Fiber optic,No,0,1
C101003,2024-03,15,71.7,1044.23,One year,Credit card (automatic),Fiber optic,No,0,0
C101004,2025-10,4,72.59,295.4,Month-to-month,Mailed check,Fiber optic,No,1,1
C101005,2025-05,1,52.89,53.17,Month-to-month,Electronic check,DSL,No,0,1
C101006,2025-02,11,80.66,896.94,Month-to-month,Mailed check,Fiber optic,No,0,1
C101007,2025-10,10,82.42,804.98,Month-to-month,Credit card (automatic),Fiber optic,Yes,0,0
C101008,2024-02,11,66.34,735.95,One year,Bank transfer (automatic),Fiber optic,No,0,0
C101009,2022-11,26,84.84,2111.96,Month-to-month,Mailed check,Fiber optic,Yes,0,0
C101010,2023-09,30,61.62,1906.89,Two year,Credit card (automatic),Fiber optic,No,0,0
C101011,2024-09,19,51.37,986.27,Month-to-month,Mailed check,DSL,No,0,0
C101012,2023-07,25,68.0,1727.71,One year,Bank transfer (automatic),DSL,No,0,0
C101013,2024-08,8,57.22,461.27,Month-to-month,Electronic check,DSL,No,0,0
C101014,2025-04,7,71.06,521.66,Month-to-month,Electronic check,Fiber optic,Yes,0,0
C101015,2023-02,22,76.58,1614.44,Month-to-month,Electronic check,Fiber optic,No,1,1
C101016,2025-04,6,79.23,473.84,Month-to-month,Credit card (automatic),Fiber optic,Yes,0,1
C101017,2025-10,5,77.02,391.7,Month-to-month,Credit card (automatic),Fiber optic,Yes,0,0
C101018,2019-06,72,79.68,5795.61,One year,Electronic check,Fiber optic,Yes,0,0
C101019,2023-07,16,63.81,1043.62,Two year,Electronic check,Fiber optic,Yes,0,0
C101020,2024-08,10,51.08,535.32,Month-to-month,Electronic check,DSL,No,1,0
C101021,2024-06,10,49.66,495.84,Month-to-month,Bank transfer (automatic),DSL,No,0,1
C101022,2024-07,4,50.02,206.03,Month-to-month,Mailed check,DSL,No,0,1
C101023,2023-10,19,75.25,1429.4,Month-to-month,Bank transfer (automatic),Fiber optic,Yes,0,0
C101024,2024-02,12,46.42,570.42,One year,Electronic check,DSL,Yes,1,0
C101025,2024-02,30,56.74,1702.08,Month-to-month,Electronic check,DSL,Yes,0,1
C101026,2024-07,23,54.4,1245.17,Two year,Credit card (automatic),DSL,No,0,0
C101027,2024-11,12,64.66,811.95,One year,Bank transfer (automatic),Fiber optic,Yes,0,0
C101028,2025-02,2,26.22,53.41,Month-to-month,Electronic check,No,No,0,1
C101029,2024-07,16,26.94,438.9,Month-to-month,Electronic check,No,Yes,0,1
C101030,2023-11,15,51.48,773.71,One year,Electronic check,DSL,No,0,0
C101031,2024-11,2,71.01,135.89,One year,Electronic check,Fiber optic,No,0,0
C101032,2024-06,21,60.43,1251.08,Month-to-month,Electronic check,DSL,Yes,1,0
C101033,2025-05,6,80.88,463.43,Month-to-month,Bank transfer (automatic),Fiber optic,No,0,0
C101034,2022-09,31,70.15,2226.89,Month-to-month,Electronic check,Fiber optic,No,0,0
C101035,2024-11,14,54.75,789.26,Two year,Mailed check,DSL,Yes,0,0
C101036,2025-12,9,83.25,714.15,Month-to-month,Mailed check,Fiber optic,Yes,0,0
C101037,2024-06,18,82.26,1480.51,Month-to-month,Electronic check,Fiber optic,No,0,0
C101038,2023-12,17,30.03,530.98,One year,Mailed check,No,No,0,0
C101039,2023-06,17,50.27,820.93,Two year,Credit card (automatic),DSL,No,0,0
C101040,2024-01,28,19.18,529.38,Two year,Electronic check,No,Yes,0,0
C101041,2024-01,19,52.52,959.85,Month-to-month,Bank transfer (automatic),DSL,No,0,0
C101042,2024-11,9,46.04,414.3,Month-to-month,Electronic check,DSL,No,0,0
C101043,2024-11,12,81.84,985.29,Month-to-month,Electronic check,Fiber optic,No,0,1
C101044,2021-12,38,67.42,2534.26,Two year,Electronic check,Fiber optic,Yes,0,0
C101045,2024-08,8,29.48,243.8,Month-to-month,Bank transfer (automatic),No,No,0,0
C101046,2024-12,21,71.3,1483.78,Month-to-month,Mailed check,Fiber optic,No,1,0
C101047,2023-11,29,60.54,1687.09,Two year,Bank transfer (automatic),Fiber optic,No,0,0
C101048,2024-12,22,57.08,1293.05,One year,Electronic check,DSL,Yes,0,0
C101049,2023-10,16,33.01,513.0,Month-to-month,Bank transfer (automatic),No,Yes,0,1
C101050,2024-04,18,80.6,1483.22,Month-to-month,Electronic check,Fiber optic,Yes,0,0
C101051,2023-09,23,64.49,1473.56,Month-to-month,Electronic check,Fiber optic,No,1,1
C101052,2025-09,8,82.91,644.6,Month-to-month,Bank transfer (automatic),Fiber optic,No,0,0
C101053,2025-01,15,54.25,781.16,Month-to-month,Electronic check,DSL,No,0,1
C101054,2021-05,59,34.66,2111.76,Month-to-month,Mailed check,No,Yes,0,0
C101055,2024-11,21,59.19,1208.04,Month-to-month,Bank transfer (automatic),Fiber optic,No,0,0
C101056,2024-08,17,30.06,535.97,Two year,Bank transfer (automatic),No,No,0,0
C101057,2024-10,12,71.56,860.66,One year,Bank transfer (automatic),Fiber optic,Yes,1,0
C101058,2024-09,8,73.68,602.83,Month-to-month,Electronic check,Fiber optic,Yes,0,1
C101059,2023-09,19,71.41,1365.78,One year,Electronic check,Fiber optic,No,0,1
C101060,2024-06,20,71.42,1499.57,Month-to-month,Mailed check,Fiber optic,No,1,1
C101061,2025-01,14,42.13,574.46,Two year,Electronic check,DSL,Yes,0,0
C101062,2020-10,72,61.41,4373.54,Two year,Electronic check,Fiber optic,No,0,0
C101063,2024-02,9,75.16,702.33,Month-to-month,Electronic check,Fiber optic,Yes,0,0
C101064,2025-11,7,37.87,256.91,Month-to-month,Mailed check,No,No,0,0
C101065,2024-10,12,36.64,445.35,Month-to-month,Mailed check,No,No,0,0
C101066,2024-05,15,56.38,879.26,Month-to-month,Electronic check,DSL,Yes,0,0
C101067,2024-06,8,52.07,437.04,Month-to-month,Electronic check,DSL,Yes,0,1
C101068,2025-02,18,67.38,1249.23,Month-to-month,Electronic check,DSL,No,0,1
C101069,2024-12,20,76.09,1456.37,One year,Electronic check,Fiber optic,No,0,0
C101070,2022-10,25,32.37,814.74,One year,Bank transfer (automatic),No,Yes,1,0
C101071,2024-11,10,67.01,682.64,Month-to-month,Electronic check,Fiber optic,No,0,0
C101072,2023-06,36,30.33,1070.67,One year,Electronic check,No,No,0,0
C101073,2022-11,24,61.57,1503.87,Two year,Credit card (automatic),Fiber optic,No,0,0
C101074,2024-10,8,87.49,728.66,Month-to-month,Mailed check,Fiber optic,No,0,1
C101075,2025-04,8,24.95,202.52,Month-to-month,Electronic check,No,Yes,0,0
C101076,2025-06,12,49.16,589.55,One year,Bank transfer (automatic),DSL,Yes,0,0
C101077,2023-08,20,71.1,1458.81,Month-to-month,Bank transfer (automatic),Fiber optic,Yes,0,0
C101078,2023-06,22,50.58,1090.14,One year,Credit card (automatic),DSL,Yes,0,0
C101079,2023-06,24,59.02,1440.32,Month-to-month,Credit card (automatic),DSL,Yes,1,0
C101080,2020-08,56,75.02,4203.95,Month-to-month,Bank transfer (automatic),Fiber optic,No,0,0
C101081,2025-11,3,50.85,154.24,Two year,Electronic check,DSL,No,0,0
C101082,2024-01,14,79.31,1109.28,Month-to-month,Mailed check,Fiber optic,Yes,0,0
C101083,2020-10,53,43.7,2296.39,One year,Electronic check,DSL,No,0,0
C101084,2024-06,26,79.49,1974.11,Month-to-month,Mailed check,Fiber optic,No,0,0
C101085,2025-05,7,51.41,364.25,Two year,Credit card (automatic),DSL,No,0,0
C101086,2023-08,18,23.38,440.92,Two year,Electronic check,No,No,0,0
C101087,2024-11,14,75.79,1045.59,Month-to-month,Credit card (automatic),Fiber optic,Yes,0,1
C101088,2025-01,13,72.68,956.62,One year,Mailed check,Fiber optic,No,1,1
C101089,2024-09,10,59.26,605.85,Month-to-month,Electronic check,Fiber optic,Yes,0,0
C101090,2025-03,17,61.05,1048.62,One year,Credit card (automatic),DSL,No,0,0
C101091,2023-09,32,79.25,2637.5,One year,Mailed check,Fiber optic,Yes,0,0
C101092,2025-07,11,47.16,541.17,Month-to-month,Mailed check,DSL,No,0,0
C101093,2023-01,24,67.47,1679.39,One year,Mailed check,Fiber optic,Yes,0,0
C101094,2024-02,27,77.12,2065.71,Two year,Electronic check,Fiber optic,Yes,0,0
C101095,2023-09,36,78.99,2741.28,Month-to-month,Electronic check,Fiber optic,Yes,0,0
C101096,2025-02,8,32.33,256.07,Month-to-month,Bank transfer (automatic),No,No,0,0
C101097,2023-09,16,53.22,853.48,Two year,Credit card (automatic),DSL,Yes,0,0
C101098,2025-12,9,77.24,663.35,Month-to-month,Bank transfer (automatic),Fiber optic,Yes,0,0
C101099,2024-05,17,65.61,1153.1,One year,Credit card (automatic),Fiber optic,Yes,1,0
C101100,2023-06,17,68.61,1211.36,One year,Credit card (automatic),Fiber optic,Yes,0,0
C101101,2024-12,6,35.98,218.73,Month-to-month,Electronic check,No,Yes,0,1
C101102,2024-04,17,78.94,1352.74,Month-to-month,Bank transfer (automatic),Fiber optic,No,0,1
C101103,2020-02,58,56.7,3251.56,Month-to-month,Bank transfer (automatic),DSL,Yes,0,0
C101104,2024-11,22,71.11,1639.2,Month-to-month,Electronic check,Fiber optic,No,0,1
C101105,2024-06,5,80.94,402.12,Month-to-month,Mailed check,Fiber optic,No,0,0
C101106,2025-11,7,23.0,156.27,One year,Bank transfer (automatic),No,Yes,0,0
C101107,2023-11,15,83.89,1316.35,Month-to-month,Credit card (automatic),Fiber optic,No,0,0
C101108,2024-09,7,25.65,185.57,Month-to-month,Credit card (automatic),No,Yes,0,0
C101109,2022-05,35,49.77,1711.86,Month-to-month,Mailed check,DSL,No,0,0
C101110,2025-09,4,75.18,302.47,Month-to-month,Bank transfer (automatic),Fiber optic,Yes,1,0
C101111,2023-11,22,54.08,1199.9,One year,Mailed check,DSL,Yes,0,0
C101112,2025-06,4,75.58,313.72,Month-to-month,Credit card (automatic),Fiber optic,No,0,1
C101113,2025-02,15,20.86,314.39,One year,Bank transfer (automatic),No,No,0,0
C101114,2024-05,6,77.53,461.37,Month-to-month,Credit card (automatic),Fiber optic,No,0,0
C101115,2023-11,25,77.88,1964.88,One year,Credit card (automatic),Fiber optic,Yes,0,0
C101116,2022-10,31,50.11,1626.78,Two year,Electronic check,DSL,No,1,0
C101117,2024-01,20,45.72,873.46,Month-to-month,Credit card (automatic),DSL,Yes,0,0
C101118,2024-01,32,67.73,2199.25,Two year,Bank transfer (automatic),Fiber optic,Yes,0,0
C101119,2026-04,1,68.2,65.35,Month-to-month,Electronic check,Fiber optic,No,0,0
C101120,2023-06,17,43.41,720.47,Month-to-month,Electronic check,DSL,Yes,1,1
C101121,2023-10,22,71.71,1608.51,Month-to-month,Bank transfer (automatic),Fiber optic,No,0,0
C101122,2024-02,24,78.74,1929.47,Two year,Electronic check,Fiber optic,Yes,0,0
C101123,2023-12,21,52.3,1134.94,One year,Electronic check,DSL,No,0,0
C101124,2023-10,24,48.96,1179.81,Two year,Bank transfer (automatic),DSL,Yes,0,0
C101125,2023-12,17,76.26,1335.57,One year,Electronic check,Fiber optic,Yes,0,0
C101126,2024-07,5,78.67,393.48,Month-to-month,Mailed check,Fiber optic,No,0,1
C101127,2024-09,10,20.01,194.13,One year,Bank transfer (automatic),No,No,0,1
C101128,2023-08,35,80.21,2792.03,Two year,Electronic check,Fiber optic,No,0,0
C101129,2022-06,32,51.79,1603.02,Two year,Bank transfer (automatic),DSL,Yes,0,0
C101130,2024-10,21,34.24,722.34,One year,Electronic check,No,No,0,0
C101131,2023-11,25,47.03,1177.64,Two year,Credit card (automatic),DSL,Yes,0,0
C101132,2023-11,30,63.27,1852.78,Month-to-month,Mailed check,Fiber optic,No,0,0
C101133,2023-12,21,68.3,1432.33,Two year,Credit card (automatic),Fiber optic,Yes,0,0
C101134,2022-02,34,20.99,721.06,Two year,Bank transfer (automatic),No,Yes,0,0
C101135,2022-10,34,79.03,2669.49,One year,Credit card (automatic),Fiber optic,No,0,1
C101136,2020-12,70,46.5,3165.03,Month-to-month,Mailed check,DSL,Yes,0,0
C101137,2025-04,10,75.16,785.71,Month-to-month,Mailed check,Fiber optic,Yes,0,0
C101138,2025-07,10,54.2,558.4,Two year,Electronic check,DSL,No,0,0
C101139,2023-11,20,53.15,1032.49,Two year,Mailed check,DSL,No,0,0
C101140,2021-10,51,65.99,3357.65,Two year,Mailed check,Fiber optic,No,0,0
C101141,2023-03,36,58.32,2073.94,Two year,Bank transfer (automatic),Fiber optic,Yes,0,0
C101142,2022-09,27,62.96,1784.34,One year,Electronic check,Fiber optic,Yes,0,0
C101143,2022-02,38,46.06,1789.05,Two year,Mailed check,DSL,Yes,0,0
C101144,2023-11,22,66.54,1485.69,Month-to-month,Mailed check,Fiber optic,No,1,0
C101145,2024-01,12,29.55,342.09,Month-to-month,Bank transfer (automatic),No,No,0,0
C101146,2020-07,59,64.42,3683.04,Two year,Bank transfer (automatic),Fiber optic,Yes,0,0
C101147,2024-07,21,67.24,1472.95,Month-to-month,Mailed check,Fiber optic,Yes,0,1
C101148,2023-05,33,66.46,2181.99,Month-to-month,Mailed check,Fiber optic,Yes,0,0
C101149,2025-07,1,62.45,59.42,One year,Mailed check,Fiber optic,No,1,0
C101150,2025-12,2,74.66,149.27,Month-to-month,Bank transfer (automatic),Fiber optic,Yes,0,1
C101151,2023-08,18,24.4,444.39,One year,Bank transfer (automatic),No,No,0,0
C101152,2025-06,7,55.15,377.97,Month-to-month,Electronic check,DSL,No,0,0
C101153,2024-01,19,50.14,945.56,Two year,Electronic check,DSL,Yes,0,0
C101154,2025-11,10,73.78,721.28,Month-to-month,Bank transfer (automatic),Fiber optic,No,0,0
C101155,2019-12,72,54.48,3899.8,Two year,Bank transfer (automatic),DSL,No,1,0
C101156,2023-08,31,43.96,1428.75,One year,Electronic check,DSL,No,0,0
C101157,2022-02,40,56.72,2259.54,One year,Mailed check,DSL,Yes,0,0
C101158,2024-11,2,77.36,159.46,Month-to-month,Electronic check,Fiber optic,Yes,0,1
C101159,2023-10,27,73.81,1918.87,Month-to-month,Bank transfer (automatic),Fiber optic,Yes,0,0
C101160,2025-08,14,25.15,362.31,Month-to-month,Electronic check,No,No,0,0
C101161,2022-06,41,53.04,2176.05,One year,Bank transfer (automatic),DSL,Yes,0,0
C101162,2023-12,24,77.69,1839.69,Month-to-month,Bank transfer (automatic),Fiber optic,No,0,0
C101163,2023-08,15,44.4,671.09,One year,Credit card (automatic),DSL,Yes,0,0
C101164,2026-01,6,58.66,346.7,Month-to-month,Credit card (automatic),DSL,No,0,1
C101165,2024-08,17,85.43,1497.29,Month-to-month,Mailed check,Fiber optic,No,0,0
C101166,2023-11,34,54.61,1910.43,Month-to-month,Bank transfer (automatic),DSL,No,0,1
C101167,2021-07,42,79.82,3261.92,One year,Bank transfer (automatic),Fiber optic,Yes,1,0
C101168,2024-04,12,77.85,927.85,Month-to-month,Credit card (automatic),Fiber optic,No,0,1
C101169,2019-09,68,70.58,4625.92,Two year,Mailed check,Fiber optic,No,1,0
C101170,2022-11,33,67.8,2126.78,One year,Electronic check,Fiber optic,No,0,0
C101171,2025-05,7,27.95,191.67,Month-to-month,Credit card (automatic),No,Yes,0,0
C101172,2024-10,6,49.12,296.51,Month-to-month,Electronic check,DSL,No,1,0
C101173,2023-11,14,35.66,512.19,Month-to-month,Credit card (automatic),No,No,0,0
C101174,2025-06,12,50.53,633.64,Month-to-month,Electronic check,DSL,No,0,0
C101175,2024-09,22,85.57,1868.02,Month-to-month,Mailed check,Fiber optic,Yes,0,0
C101176,2024-03,16,30.23,459.66,Two year,Credit card (automatic),No,No,1,0
C101177,2023-11,13,55.16,727.83,One year,Bank transfer (automatic),DSL,No,0,0
C101178,2025-03,4,22.06,85.65,Month-to-month,Bank transfer (automatic),No,No,0,1
C101179,2023-05,25,75.99,1914.19,One year,Electronic check,Fiber optic,Yes,1,0
C101180,2025-12,3,26.28,78.46,Two year,Electronic check,No,No,0,0
C101181,2022-12,33,51.62,1665.67,Month-to-month,Electronic check,DSL,No,0,1
C101182,2026-05,2,71.06,139.26,Month-to-month,Bank transfer (automatic),Fiber optic,No,0,0
C101183,2025-09,3,45.35,133.9,One year,Mailed check,DSL,Yes,0,0
C101184,2024-06,7,55.06,372.88,Month-to-month,Electronic check,DSL,No,1,0
C101185,2024-01,11,74.0,830.75,Month-to-month,Mailed check,Fiber optic,Yes,0,0
C101186,2024-11,9,67.12,597.71,Month-to-month,Credit card (automatic),Fiber optic,Yes,0,0
C101187,2024-04,11,78.09,877.73,Month-to-month,Credit card (automatic),Fiber optic,Yes,0,1
C101188,2024-05,19,81.77,1566.43,Two year,Mailed check,Fiber optic,Yes,1,0
C101189,2025-01,8,66.46,517.17,Month-to-month,Credit card (automatic),Fiber optic,Yes,0,0
C101190,2024-07,19,74.32,1386.84,Month-to-month,Mailed check,Fiber optic,No,0,1
C101191,2025-02,1,64.95,67.7,Month-to-month,Electronic check,DSL,No,0,0
C101192,2026-02,7,64.34,446.86,Two year,Mailed check,Fiber optic,Yes,1,0
C101193,2025-06,3,77.64,223.91,Month-to-month,Credit card (automatic),Fiber optic,No,0,1
C101194,2023-07,32,55.16,1790.4,One year,Electronic check,DSL,No,0,0
C101195,2024-09,8,72.95,574.39,Two year,Electronic check,Fiber optic,No,0,0
C101196,2023-10,24,66.0,1578.56,Month-to-month,Credit card (automatic),DSL,No,0,0
C101197,2025-04,3,61.26,178.38,One year,Bank transfer (automatic),Fiber optic,No,0,1
C101198,2021-11,42,51.75,2067.6,Two year,Bank transfer (automatic),DSL,No,0,0
C101199,2025-01,17,68.99,1182.76,One year,Bank transfer (automatic),Fiber optic,No,0,0
C101200,2024-01,15,68.76,1024.61,Two year,Bank transfer (automatic),Fiber optic,Yes,1,0
C101201,2026-01,4,27.87,110.43,Two year,Electronic check,No,No,1,0
C101202,2024-12,7,73.24,534.37,Month-to-month,Bank transfer (automatic),Fiber optic,No,0,0
C101203,2024-04,13,23.48,297.95,Month-to-month,Electronic check,No,Yes,0,0
C101204,2026-01,7,65.88,465.14,One year,Electronic check,Fiber optic,Yes,0,0
C101205,2023-10,30,67.75,2098.94,Month-to-month,Credit card (automatic),DSL,No,0,1
C101206,2025-01,16,63.71,1014.77,One year,Electronic check,Fiber optic,Yes,0,0
C101207,2024-06,7,82.36,591.12,Month-to-month,Electronic check,Fiber optic,No,0,1
C101208,2023-12,27,44.39,1205.66,Two year,Electronic check,DSL,Yes,0,0
C101209,2024-10,12,75.57,893.33,Month-to-month,Credit card (automatic),Fiber optic,Yes,0,1
C101210,2023-11,26,62.41,1688.71,Two year,Credit card (automatic),DSL,Yes,1,0
C101211,2025-09,10,34.77,343.42,Month-to-month,Electronic check,No,No,0,0
C101212,2024-07,23,60.37,1382.79,Two year,Mailed check,Fiber optic,No,1,0
C101213,2024-05,11,52.98,591.39,Month-to-month,Bank transfer (automatic),DSL,No,0,0
C101214,2023-07,30,71.84,2175.38,One year,Bank transfer (automatic),Fiber optic,Yes,0,0
C101215,2025-02,3,36.18,108.68,Month-to-month,Electronic check,No,No,1,1
C101216,2024-10,5,30.28,154.28,Month-to-month,Electronic check,No,Yes,1,0
C101217,2024-05,14,27.85,397.45,One year,Bank transfer (automatic),No,Yes,0,1
C101218,2025-09,9,40.32,363.95,Month-to-month,Electronic check,No,Yes,0,0
C101219,2024-02,11,64.48,709.68,Month-to-month,Bank transfer (automatic),DSL,Yes,0,0
C101220,2023-07,25,76.19,1840.88,One year,Electronic check,Fiber optic,No,0,0
C101221,2024-06,11,71.24,800.17,Month-to-month,Credit card (automatic),Fiber optic,No,0,0
C101222,2023-04,20,18.0,377.68,One year,Bank transfer (automatic),No,Yes,0,0
C101223,2024-09,7,47.33,324.38,Month-to-month,Bank transfer (automatic),DSL,No,0,0
C101224,2025-09,2,65.74,127.54,Month-to-month,Bank transfer (automatic),Fiber optic,Yes,0,0
C101225,2023-08,26,52.43,1423.09,One year,Electronic check,DSL,Yes,0,0
C101226,2022-10,48,34.43,1637.91,One year,Electronic check,No,No,0,0
C101227,2023-10,18,62.45,1145.71,Two year,Mailed check,DSL,No,0,0
C101228,2025-03,14,35.24,491.93,Two year,Bank transfer (automatic),No,No,0,0
C101229,2024-07,17,24.54,419.79,One year,Credit card (automatic),No,Yes,0,0
C101230,2022-09,38,54.32,2029.88,One year,Mailed check,DSL,Yes,0,0
C101231,2024-06,18,77.41,1431.09,Month-to-month,Bank transfer (automatic),Fiber optic,No,0,0
C101232,2022-09,27,41.24,1113.93,Two year,Electronic check,DSL,No,0,0
C101233,2023-06,26,69.76,1810.5,Month-to-month,Electronic check,Fiber optic,No,0,0
C101234,2022-06,32,48.02,1545.99,Two year,Electronic check,DSL,Yes,0,0
C101235,2024-02,14,81.78,1195.01,Two year,Credit card (automatic),Fiber optic,Yes,0,0
C101236,2024-09,10,57.32,591.45,Month-to-month,Mailed check,DSL,No,0,1
C101237,2024-09,23,64.11,1409.64,One year,Mailed check,Fiber optic,No,0,0
C101238,2023-12,31,69.45,2122.62,One year,Bank transfer (automatic),Fiber optic,No,0,0
C101239,2022-12,35,74.69,2523.71,One year,Electronic check,Fiber optic,No,0,0
C101240,2021-09,41,53.49,2283.43,Month-to-month,Electronic check,DSL,No,0,0
C101241,2024-05,29,50.66,1431.86,One year,Electronic check,DSL,No,0,0
C101242,2024-04,10,59.39,609.74,Month-to-month,Electronic check,DSL,Yes,0,0
C101243,2024-04,18,36.01,655.61,Two year,Mailed check,No,No,1,0
C101244,2024-04,17,79.3,1384.1,One year,Electronic check,Fiber optic,No,0,0
C101245,2024-08,16,70.2,1142.22,One year,Bank transfer (automatic),Fiber optic,No,0,1
C101246,2023-12,23,26.61,599.03,Two year,Credit card (automatic),No,Yes,0,0
C101247,2025-08,13,50.95,662.24,One year,Credit card (automatic),DSL,Yes,0,0
C101248,2024-11,13,78.34,985.06,One year,Electronic check,Fiber optic,No,1,0
C101249,2021-12,50,26.47,1287.97,One year,Mailed check,No,No,0,0
C101250,2024-09,15,60.46,872.82,One year,Electronic check,Fiber optic,Yes,0,0
C101251,2023-08,32,57.89,1922.15,Month-to-month,Electronic check,DSL,Yes,0,0
C101252,2022-12,33,72.18,2330.89,Two year,Bank transfer (automatic),Fiber optic,No,0,0
C101253,2023-06,19,27.57,504.53,Month-to-month,Mailed check,No,No,0,0
C101254,2025-06,14,86.12,1174.45,Month-to-month,Bank transfer (automatic),Fiber optic,No,0,0
C101255,2025-05,7,68.75,469.85,One year,Credit card (automatic),Fiber optic,No,0,0
C101256,2026-01,3,83.51,241.14,Month-to-month,Electronic check,Fiber optic,No,0,1
C101257,2024-08,24,60.97,1492.18,Two year,Credit card (automatic),Fiber optic,No,0,0
C101258,2023-07,21,56.66,1209.66,Month-to-month,Electronic check,DSL,No,0,0
C101259,2023-10,27,25.15,685.11,Month-to-month,Credit card (automatic),No,No,0,0
C101260,2024-11,11,54.56,622.32,Month-to-month,Bank transfer (automatic),DSL,Yes,0,0
C101261,2021-02,53,32.17,1628.96,Two year,Electronic check,No,Yes,0,0
C101262,2024-08,22,65.58,1458.2,Two year,Mailed check,Fiber optic,No,0,0
C101263,2023-11,14,70.81,1000.06,Month-to-month,Electronic check,Fiber optic,Yes,1,0
C101264,2024-11,2,28.66,58.56,Month-to-month,Bank transfer (automatic),No,No,0,1
C101265,2024-02,12,97.56,1150.3,Month-to-month,Electronic check,Fiber optic,Yes,0,0
C101266,2023-12,28,56.21,1562.22,Month-to-month,Credit card (automatic),DSL,No,1,0
C101267,2022-08,40,69.86,2749.36,Two year,Electronic check,Fiber optic,Yes,0,0
C101268,2024-12,16,57.61,911.65,Month-to-month,Credit card (automatic),DSL,Yes,0,0
C101269,2021-10,45,40.3,1838.9,Two year,Electronic check,DSL,Yes,1,0
C101270,2025-08,7,74.53,509.1,Two year,Bank transfer (automatic),Fiber optic,No,0,0
C101271,2023-02,21,34.27,746.15,Month-to-month,Credit card (automatic),No,Yes,0,0
C101272,2024-07,22,18.1,417.87,One year,Electronic check,No,Yes,1,0
C101273,2024-07,24,89.43,2130.44,Month-to-month,Electronic check,Fiber optic,No,1,1
C101274,2024-05,18,69.02,1303.33,Two year,Bank transfer (automatic),Fiber optic,No,0,0
C101275,2023-05,20,48.3,964.27,Month-to-month,Bank transfer (automatic),DSL,No,1,0
C101276,2026-03,7,56.88,379.04,Month-to-month,Credit card (automatic),DSL,No,0,1
C101277,2021-12,38,66.55,2630.67,One year,Electronic check,Fiber optic,No,0,0
C101278,2022-09,30,65.34,1928.13,Month-to-month,Credit card (automatic),Fiber optic,Yes,0,0
C101279,2023-05,20,73.36,1402.71,Month-to-month,Credit card (automatic),Fiber optic,Yes,0,0
C101280,2023-03,30,53.63,1558.12,Month-to-month,Bank transfer (automatic),DSL,Yes,1,0
C101281,2021-08,39,59.55,2374.49,Two year,Electronic check,Fiber optic,Yes,0,0
C101282,2024-01,24,50.32,1175.44,Month-to-month,Electronic check,DSL,No,0,1
C101283,2021-10,57,62.8,3663.1,Two year,Credit card (automatic),Fiber optic,No,0,0
C101284,2024-09,25,50.66,1308.5,One year,Bank transfer (automatic),DSL,No,0,0
C101285,2025-01,8,78.89,657.0,Month-to-month,Bank transfer (automatic),Fiber optic,Yes,1,1
C101286,2025-02,19,75.85,1499.7,Month-to-month,Credit card (automatic),Fiber optic,No,0,0
C101287,2023-12,31,54.8,1644.53,Month-to-month,Electronic check,DSL,Yes,0,0
C101288,2021-08,39,58.05,2277.2,Two year,Bank transfer (automatic),Fiber optic,Yes,1,0
C101289,2024-10,18,74.83,1398.57,Month-to-month,Bank transfer (automatic),Fiber optic,Yes,0,0
C101290,2025-11,7,46.27,315.57,One year,Credit card (automatic),DSL,No,1,0
C101291,2024-02,13,64.69,882.94,Month-to-month,Bank transfer (automatic),Fiber optic,No,0,0
C101292,2025-10,5,35.27,180.52,Month-to-month,Mailed check,No,No,1,0
C101293,2022-10,27,47.01,1324.32,Month-to-month,Electronic check,DSL,No,0,1
C101294,2025-05,11,55.56,599.6,Month-to-month,Credit card (automatic),DSL,No,0,0
C101295,2025-03,9,72.08,629.43,Month-to-month,Bank transfer (automatic),Fiber optic,Yes,0,0
C101296,2024-05,29,63.28,1917.63,Two year,Mailed check,Fiber optic,No,0,0
C101297,2021-09,44,36.12,1554.57,One year,Credit card (automatic),No,Yes,0,0
C101298,2024-04,9,51.4,481.3,Month-to-month,Electronic check,DSL,Yes,0,0
C101299,2024-12,18,24.4,424.72,Two year,Mailed check,No,No,0,0
C101300,2024-05,14,67.59,932.87,One year,Credit card (automatic),Fiber optic,Yes,0,0
C101301,2022-08,40,51.66,2092.98,Two year,Bank transfer (automatic),DSL,No,0,0
C101302,2023-11,15,74.04,1156.34,Month-to-month,Credit card (automatic),Fiber optic,Yes,0,1
C101303,2026-03,7,70.79,493.61,Month-to-month,Credit card (automatic),Fiber optic,Yes,1,1
C101304,2023-07,16,49.46,799.21,Month-to-month,Mailed check,DSL,No,0,0
C101305,2022-06,34,50.35,1682.17,Two year,Electronic check,DSL,No,0,0
C101306,2024-09,13,51.1,644.06,Month-to-month,Credit card (automatic),DSL,Yes,0,0
C101307,2025-06,10,82.35,843.32,One year,Mailed check,Fiber optic,No,0,0
C101308,2025-01,15,51.85,796.02,Month-to-month,Bank transfer (automatic),DSL,Yes,0,0
C101309,2026-03,7,54.81,397.64,One year,Mailed check,DSL,Yes,0,0
C101310,2025-07,14,50.05,676.22,Two year,Electronic check,DSL,Yes,0,0
C101311,2025-04,10,70.27,671.68,One year,Electronic check,Fiber optic,No,0,0
C101312,2020-03,64,34.2,2216.21,One year,Bank transfer (automatic),No,Yes,1,0
C101313,2025-12,2,58.48,116.83,Month-to-month,Bank transfer (automatic),DSL,Yes,0,0
C101314,2026-01,8,32.17,260.59,One year,Mailed check,No,Yes,0,0
C101315,2024-07,10,78.3,762.55,Month-to-month,Electronic check,Fiber optic,No,0,1
C101316,2026-01,7,20.31,146.8,Month-to-month,Mailed check,No,Yes,1,1
C101317,2024-05,21,77.64,1621.46,Month-to-month,Bank transfer (automatic),Fiber optic,Yes,0,0
C101318,2024-02,9,73.52,673.41,Month-to-month,Electronic check,Fiber optic,No,0,1
C101319,2025-11,4,71.92,278.91,Month-to-month,Bank transfer (automatic),Fiber optic,No,0,1
C101320,2024-09,17,92.76,1505.9,One year,Bank transfer (automatic),Fiber optic,Yes,1,0
C101321,2025-09,13,21.16,271.17,Month-to-month,Mailed check,No,Yes,0,0
C101322,2026-01,9,29.46,263.18,Month-to-month,Bank transfer (automatic),No,Yes,0,0
C101323,2022-01,39,67.97,2632.16,Two year,Credit card (automatic),Fiber optic,No,0,0
C101324,2024-07,22,71.51,1532.22,One year,Electronic check,Fiber optic,No,1,0
C101325,2025-01,20,62.92,1254.3,Two year,Electronic check,Fiber optic,Yes,0,0
C101326,2023-03,22,76.35,1680.67,Month-to-month,Electronic check,Fiber optic,No,0,1
C101327,2024-05,21,68.26,1402.84,Month-to-month,Bank transfer (automatic),Fiber optic,Yes,1,1
C101328,2025-07,13,73.7,942.01,One year,Credit card (automatic),Fiber optic,Yes,0,0
C101329,2025-08,9,55.94,506.45,Month-to-month,Bank transfer (automatic),DSL,No,0,0
C101330,2025-02,17,27.33,443.46,One year,Credit card (automatic),No,Yes,0,0
C101331,2023-11,13,54.56,676.74,Month-to-month,Bank transfer (automatic),DSL,Yes,0,0
C101332,2025-01,2,64.5,128.13,Month-to-month,Electronic check,DSL,No,0,1
C101333,2025-02,6,58.47,335.48,Month-to-month,Electronic check,DSL,No,0,1
C101334,2024-05,12,56.04,689.05,Month-to-month,Bank transfer (automatic),DSL,Yes,1,0
C101335,2024-04,30,71.55,2165.14,Two year,Bank transfer (automatic),Fiber optic,No,0,0
C101336,2024-07,17,55.24,894.59,Month-to-month,Mailed check,DSL,No,0,0
C101337,2024-10,8,58.31,458.53,Month-to-month,Mailed check,DSL,No,1,1
C101338,2024-10,6,51.36,295.46,Month-to-month,Mailed check,DSL,Yes,0,1
C101339,2022-03,34,66.06,2337.28,One year,Electronic check,DSL,Yes,0,0
C101340,2024-01,14,31.13,427.57,Month-to-month,Bank transfer (automatic),No,No,0,0
C101341,2025-05,1,91.96,90.88,Month-to-month,Bank transfer (automatic),Fiber optic,No,1,0
C101342,2025-04,14,63.9,920.29,Two year,Credit card (automatic),DSL,No,0,0
C101343,2023-09,25,68.98,1675.59,One year,Electronic check,Fiber optic,No,0,0
C101344,2025-04,6,76.44,445.24,Month-to-month,Credit card (automatic),Fiber optic,Yes,0,0
C101345,2024-11,16,77.19,1272.99,Month-to-month,Electronic check,Fiber optic,No,0,0
C101346,2024-03,17,56.2,958.56,Two year,Electronic check,DSL,No,0,0
C101347,2025-02,6,75.79,443.67,Month-to-month,Credit card (automatic),Fiber optic,No,0,0
C101348,2022-04,36,62.24,2163.95,Month-to-month,Credit card (automatic),DSL,No,0,0
C101349,2025-04,18,42.25,782.67,One year,Credit card (automatic),DSL,No,0,0
C101350,2025-05,12,26.34,306.72,Month-to-month,Electronic check,No,Yes,0,0
C101351,2025-03,14,70.85,991.02,One year,Electronic check,Fiber optic,Yes,0,0
C101352,2025-12,5,51.0,247.1,Month-to-month,Bank transfer (automatic),DSL,Yes,0,1
C101353,2024-07,5,44.61,220.28,Month-to-month,Credit card (automatic),DSL,No,0,0
C101354,2025-04,11,80.3,846.55,Month-to-month,Mailed check,Fiber optic,No,0,0
C101355,2024-06,11,48.36,505.9,Month-to-month,Electronic check,DSL,No,1,1
C101356,2023-12,13,67.95,890.12,One year,Mailed check,Fiber optic,Yes,0,0
C101357,2023-06,38,55.13,2109.44,Two year,Electronic check,DSL,No,0,0
C101358,2023-04,24,62.35,1449.98,Month-to-month,Electronic check,DSL,No,0,1
C101359,2025-03,3,71.61,208.33,Month-to-month,Bank transfer (automatic),Fiber optic,No,1,0
C101360,2022-02,33,44.38,1504.54,Two year,Electronic check,DSL,No,0,0
C101361,2024-02,11,67.12,734.38,One year,Bank transfer (automatic),Fiber optic,Yes,0,0
C101362,2024-01,26,61.69,1620.62,Month-to-month,Bank transfer (automatic),DSL,No,0,1
C101363,2024-07,11,37.03,398.36,Month-to-month,Mailed check,No,Yes,0,0
C101364,2025-01,17,71.02,1217.74,Two year,Mailed check,Fiber optic,Yes,0,1
C101365,2025-03,5,56.48,280.09,Month-to-month,Credit card (automatic),DSL,Yes,1,1
C101366,2023-03,20,47.09,920.54,Month-to-month,Bank transfer (automatic),DSL,No,0,0
C101367,2023-07,28,77.79,2189.81,Month-to-month,Credit card (automatic),Fiber optic,Yes,0,1
C101368,2024-09,3,79.71,228.83,Month-to-month,Mailed check,Fiber optic,Yes,0,1
C101369,2023-04,28,69.99,1886.56,Two year,Bank transfer (automatic),Fiber optic,No,0,0
C101370,2024-04,9,51.81,463.65,Two year,Credit card (automatic),DSL,Yes,0,0
C101371,2021-04,46,62.81,2833.75,Two year,Electronic check,Fiber optic,No,1,0
C101372,2024-08,26,62.01,1661.74,Month-to-month,Electronic check,DSL,No,0,0
C101373,2024-04,23,44.64,995.57,One year,Credit card (automatic),DSL,No,0,0
C101374,2025-07,14,54.9,740.47,Month-to-month,Mailed check,DSL,Yes,0,0
C101375,2019-04,72,77.75,5355.44,Month-to-month,Electronic check,Fiber optic,Yes,0,0
C101376,2024-06,11,81.85,928.86,Month-to-month,Credit card (automatic),Fiber optic,Yes,0,0
C101377,2024-12,7,56.92,412.79,Two year,Electronic check,DSL,No,1,0
C101378,2025-11,9,61.84,578.89,Month-to-month,Bank transfer (automatic),DSL,Yes,0,1
C101379,2023-11,32,70.19,2333.0,One year,Bank transfer (automatic),Fiber optic,No,0,0
C101380,2023-09,17,88.94,1568.52,Month-to-month,Bank transfer (automatic),Fiber optic,No,1,1
C101381,2025-02,15,81.53,1281.02,Month-to-month,Mailed check,Fiber optic,No,1,0
C101382,2024-10,11,72.88,793.52,Month-to-month,Electronic check,Fiber optic,Yes,1,0
C101383,2023-11,14,73.27,1042.0,Month-to-month,Credit card (automatic),Fiber optic,No,0,0
C101384,2025-05,10,79.56,759.16,Month-to-month,Credit card (automatic),Fiber optic,Yes,1,0
C101385,2024-02,25,26.0,673.8,One year,Electronic check,No,No,0,0
C101386,2025-05,13,19.94,250.02,Two year,Electronic check,No,Yes,0,0
C101387,2025-04,9,75.5,691.86,Month-to-month,Mailed check,Fiber optic,No,0,0
C101388,2023-02,30,55.37,1632.26,Two year,Electronic check,Fiber optic,Yes,0,0
C101389,2025-08,7,57.15,403.56,Month-to-month,Credit card (automatic),DSL,No,0,1
C101390,2024-12,17,58.83,1029.43,Month-to-month,Credit card (automatic),DSL,Yes,0,1
C101391,2025-07,2,53.4,106.89,Month-to-month,Electronic check,DSL,Yes,0,0
C101392,2026-04,5,75.9,396.6,Two year,Credit card (automatic),Fiber optic,Yes,0,0
C101393,2025-09,12,35.11,413.28,Month-to-month,Credit card (automatic),No,Yes,0,0
C101394,2024-09,10,68.89,693.06,Month-to-month,Bank transfer (automatic),Fiber optic,Yes,0,0
C101395,2025-02,10,69.27,717.5,Two year,Credit card (automatic),Fiber optic,No,0,0
C101396,2022-08,27,47.48,1288.57,Two year,Electronic check,DSL,Yes,0,0
C101397,2023-07,28,28.06,788.38,Month-to-month,Credit card (automatic),No,No,0,0
C101398,2024-08,19,57.48,1079.72,Two year,Electronic check,DSL,Yes,0,0
C101399,2024-09,6,33.75,208.12,Month-to-month,Mailed check,No,No,0,0
C101400,2025-06,14,48.49,669.3,One year,Bank transfer (automatic),DSL,No,0,1
C101401,2022-02,51,54.15,2692.07,One year,Electronic check,DSL,Yes,0,0
C101402,2019-09,67,64.47,4159.08,Two year,Bank transfer (automatic),Fiber optic,No,0,0
C101403,2023-07,30,52.09,1551.36,Month-to-month,Mailed check,DSL,No,1,0
C101404,2025-05,7,62.04,424.98,One year,Mailed check,DSL,No,1,0
C101405,2024-08,14,90.28,1325.81,Month-to-month,Bank transfer (automatic),Fiber optic,Yes,0,0
C101406,2024-02,18,82.67,1504.59,One year,Electronic check,Fiber optic,No,0,0
C101407,2023-11,16,54.46,914.27,One year,Electronic check,DSL,No,0,0
C101408,2023-01,32,70.1,2287.02,Two year,Electronic check,Fiber optic,Yes,0,1
C101409,2023-04,26,75.12,2021.01,Two year,Credit card (automatic),Fiber optic,Yes,0,0
C101410,2024-10,6,53.41,308.03,One year,Bank transfer (automatic),DSL,Yes,0,0
C101411,2025-12,9,66.44,609.41,Month-to-month,Mailed check,Fiber optic,Yes,0,0
C101412,2023-04,30,85.91,2478.97,Month-to-month,Bank transfer (automatic),Fiber optic,Yes,0,0
C101413,2022-11,39,20.47,770.1,Two year,Bank transfer (automatic),No,No,0,0
C101414,2024-06,19,79.25,1442.11,One year,Electronic check,Fiber optic,No,0,0
C101415,2022-11,42,76.56,3255.31,One year,Electronic check,Fiber optic,Yes,0,0
C101416,2023-12,17,83.16,1435.0,One year,Bank transfer (automatic),Fiber optic,Yes,0,0
C101417,2026-01,7,80.18,549.49,Month-to-month,Electronic check,Fiber optic,No,0,1
C101418,2024-08,24,68.47,1708.26,One year,Credit card (automatic),Fiber optic,No,0,0
C101419,2020-04,72,78.51,5892.06,One year,Electronic check,Fiber optic,No,1,0
C101420,2024-07,5,52.82,272.15,Month-to-month,Bank transfer (automatic),DSL,No,0,0
C101421,2022-04,41,21.74,902.58,Two year,Mailed check,No,No,0,0
C101422,2024-02,23,58.01,1347.27,Two year,Bank transfer (automatic),Fiber optic,No,0,0
C101423,2024-06,9,74.26,661.19,Month-to-month,Credit card (automatic),Fiber optic,Yes,0,0
C101424,2026-08,2,58.87,117.23,Two year,Mailed check,Fiber optic,No,0,0
C101425,2024-11,2,63.62,122.67,Month-to-month,Electronic check,DSL,No,0,1
C101426,2025-04,10,65.57,685.58,Month-to-month,Bank transfer (automatic),Fiber optic,No,1,1
C101427,2024-05,21,66.72,1413.64,Two year,Electronic check,Fiber optic,No,0,0
C101428,2022-09,28,69.98,1935.95,One year,Electronic check,Fiber optic,Yes,1,0
C101429,2023-08,33,51.63,1652.97,Two year,Bank transfer (automatic),DSL,Yes,1,0
C101430,2024-10,19,69.8,1313.84,Month-to-month,Electronic check,Fiber optic,No,0,0
C101431,2024-04,17,81.81,1344.57,Month-to-month,Electronic check,Fiber optic,Yes,0,0
C101432,2025-05,12,75.98,938.94,Month-to-month,Mailed check,Fiber optic,Yes,0,0
C101433,2023-10,21,50.49,1083.83,Two year,Mailed check,DSL,No,0,0
C101434,2024-11,9,71.1,655.67,Month-to-month,Credit card (automatic),Fiber optic,Yes,0,1
C101435,2025-04,5,58.3,296.88,Month-to-month,Electronic check,DSL,No,0,1
C101436,2024-08,16,83.38,1386.65,Month-to-month,Mailed check,Fiber optic,No,0,0
C101437,2022-12,27,88.17,2304.95,One year,Bank transfer (automatic),Fiber optic,No,1,0
C101438,2024-12,4,69.35,278.08,Month-to-month,Credit card (automatic),Fiber optic,No,0,1
C101439,2025-03,10,27.98,283.07,One year,Electronic check,No,Yes,1,0
C101440,2025-02,16,41.36,693.64,One year,Bank transfer (automatic),DSL,No,0,0
C101441,2024-11,16,79.08,1247.89,Month-to-month,Bank transfer (automatic),Fiber optic,No,0,1
C101442,2024-08,23,66.81,1502.33,Month-to-month,Electronic check,Fiber optic,No,0,1
C101443,2021-07,50,73.65,3520.14,One year,Electronic check,Fiber optic,No,0,0
C101444,2024-11,2,82.41,172.57,Month-to-month,Bank transfer (automatic),Fiber optic,Yes,0,0
C101445,2021-04,51,25.13,1250.03,Two year,Electronic check,No,No,1,0
C101446,2021-03,48,66.41,3063.75,One year,Electronic check,Fiber optic,Yes,0,0
C101447,2023-09,29,60.71,1830.44,One year,Bank transfer (automatic),DSL,No,1,0
C101448,2023-06,18,59.26,1112.7,Month-to-month,Electronic check,DSL,Yes,1,0
C101449,2025-07,9,22.02,199.0,One year,Electronic check,No,Yes,0,0
C101450,2023-04,29,51.44,1457.65,Two year,Mailed check,DSL,No,0,0
C101451,2023-04,19,63.88,1213.02,Two year,Credit card (automatic),Fiber optic,No,1,1
C101452,2025-10,12,36.36,419.36,Month-to-month,Bank transfer (automatic),No,No,1,0
C101453,2023-02,28,75.74,2042.94,Month-to-month,Electronic check,Fiber optic,No,0,0
C101454,2023-04,31,59.77,1849.09,Two year,Electronic check,DSL,No,0,0
C101455,2022-05,39,66.41,2679.07,One year,Credit card (automatic),Fiber optic,No,0,0
C101456,2024-07,8,76.36,589.16,Month-to-month,Bank transfer (automatic),Fiber optic,Yes,0,1
C101457,2023-04,36,27.53,1005.35,Two year,Bank transfer (automatic),No,Yes,0,0
C101458,2023-11,12,73.53,867.63,One year,Electronic check,Fiber optic,No,1,1
C101459,2023-06,18,68.6,1179.97,One year,Electronic check,Fiber optic,Yes,0,1
C101460,2024-01,21,39.29,804.63,One year,Electronic check,DSL,No,0,0
C101461,2022-12,34,54.67,1778.7,Two year,Credit card (automatic),DSL,No,0,0
C101462,2023-03,26,75.32,1897.19,Month-to-month,Credit card (automatic),Fiber optic,No,0,0
C101463,2025-04,12,64.01,753.15,Two year,Electronic check,Fiber optic,Yes,1,0
C101464,2025-12,2,71.99,139.28,Month-to-month,Bank transfer (automatic),Fiber optic,No,1,0
C101465,2024-03,23,20.58,468.79,Two year,Credit card (automatic),No,No,0,0
C101466,2025-02,18,39.45,674.82,Two year,Credit card (automatic),DSL,No,0,0
C101467,2025-09,5,61.23,291.73,Month-to-month,Mailed check,DSL,No,0,0
C101468,2023-04,19,78.43,1529.71,Month-to-month,Electronic check,Fiber optic,No,0,0
C101469,2025-06,16,66.89,1099.87,Month-to-month,Credit card (automatic),Fiber optic,Yes,0,0
C101470,2021-11,39,84.15,3243.59,Two year,Electronic check,Fiber optic,Yes,1,0
C101471,2021-07,54,62.24,3523.25,Two year,Electronic check,Fiber optic,No,1,0
C101472,2023-08,31,59.29,1796.29,Month-to-month,Electronic check,DSL,Yes,0,0
C101473,2025-01,15,69.02,1060.92,Two year,Mailed check,Fiber optic,Yes,0,0
C101474,2024-12,17,20.02,338.4,Two year,Electronic check,No,Yes,1,0
C101475,2025-04,8,30.9,243.29,One year,Bank transfer (automatic),No,No,0,0
C101476,2025-07,9,73.89,650.93,Month-to-month,Credit card (automatic),Fiber optic,No,1,0
C101477,2024-07,14,65.18,887.87,Two year,Mailed check,Fiber optic,No,0,0
C101478,2024-03,13,76.91,1016.1,Two year,Credit card (automatic),Fiber optic,Yes,0,0
C101479,2025-09,5,78.74,375.18,Month-to-month,Credit card (automatic),Fiber optic,Yes,1,0
C101480,2021-10,39,54.92,2228.55,Two year,Bank transfer (automatic),DSL,Yes,0,0
C101481,2023-03,43,67.71,2840.04,Two year,Bank transfer (automatic),Fiber optic,No,0,0
C101482,2023-05,38,29.71,1126.85,Two year,Credit card (automatic),No,No,0,0
C101483,2021-05,43,27.44,1167.03,Two year,Bank transfer (automatic),No,Yes,0,0
C101484,2019-10,64,72.0,4814.84,Two year,Electronic check,Fiber optic,Yes,1,0
C101485,2025-12,8,49.17,380.32,Month-to-month,Credit card (automatic),DSL,Yes,0,0
C101486,2020-10,62,60.75,3715.73,Month-to-month,Mailed check,Fiber optic,No,0,0
C101487,2025-02,12,63.14,769.93,Month-to-month,Credit card (automatic),DSL,No,0,1
C101488,2024-07,25,52.71,1289.1,One year,Mailed check,DSL,No,1,0
C101489,2025-01,4,75.43,303.07,One year,Electronic check,Fiber optic,No,0,0
C101490,2025-01,11,70.89,742.9,Month-to-month,Bank transfer (automatic),Fiber optic,Yes,0,0
C101491,2022-05,32,73.66,2451.91,Month-to-month,Bank transfer (automatic),Fiber optic,No,0,0
C101492,2023-12,26,81.12,2180.51,One year,Mailed check,Fiber optic,No,0,0
C101493,2024-07,12,77.18,891.36,Month-to-month,Credit card (automatic),Fiber optic,Yes,0,1
C101494,2023-08,17,68.23,1186.48,Month-to-month,Mailed check,DSL,No,0,1
C101495,2025-07,10,60.35,577.02,Month-to-month,Electronic check,DSL,No,0,1
C101496,2023-06,31,67.99,2196.76,One year,Bank transfer (automatic),Fiber optic,No,0,1
C101497,2022-02,41,30.25,1193.12,Two year,Electronic check,No,No,0,0
C101498,2024-10,8,38.89,306.73,One year,Mailed check,No,No,0,0
C101499,2024-09,16,56.32,933.34,Month-to-month,Electronic check,DSL,Yes,0,0
C101500,2026-04,5,78.87,382.79,Month-to-month,Electronic check,Fiber optic,Yes,0,0
C101501,2023-10,19,36.08,714.86,Two year,Credit card (automatic),No,No,0,0
C101502,2023-07,23,36.53,854.23,Two year,Electronic check,DSL,Yes,0,0
C101503,2024-05,20,79.21,1580.2,Month-to-month,Bank transfer (automatic),Fiber optic,No,1,1
C101504,2023-05,22,77.08,1631.74,Two year,Bank transfer (automatic),Fiber optic,No,0,0
C101505,2025-06,14,64.39,915.59,Two year,Electronic check,Fiber optic,Yes,0,0
C101506,2024-07,15,56.87,860.62,Two year,Credit card (automatic),DSL,No,0,0
C101507,2024-08,14,54.97,763.6,Month-to-month,Electronic check,DSL,No,0,1
C101508,2025-10,10,44.85,444.17,Month-to-month,Mailed check,DSL,Yes,0,0
C101509,2025-09,12,79.74,965.41,Month-to-month,Bank transfer (automatic),Fiber optic,No,1,0
C101510,2023-01,22,50.54,1102.01,Two year,Bank transfer (automatic),DSL,Yes,0,0
C101511,2022-05,39,68.55,2722.43,Two year,Electronic check,Fiber optic,No,0,0
C101512,2024-07,7,78.88,548.63,Month-to-month,Credit card (automatic),Fiber optic,No,1,1
C101513,2024-12,15,49.3,774.98,Month-to-month,Credit card (automatic),DSL,No,0,0
C101514,2025-04,6,59.63,359.71,Month-to-month,Mailed check,DSL,No,0,0
C101515,2024-02,11,49.53,525.26,Month-to-month,Bank transfer (automatic),DSL,No,0,0
C101516,2024-12,12,36.68,460.76,Two year,Mailed check,No,No,0,0
C101517,2024-04,18,61.83,1166.98,Month-to-month,Mailed check,DSL,Yes,0,0
C101518,2023-08,18,81.23,1534.22,One year,Mailed check,Fiber optic,Yes,0,0
C101519,2025-06,16,74.79,1173.38,One year,Electronic check,Fiber optic,Yes,0,0
C101520,2023-12,21,48.06,993.44,Two year,Bank transfer (automatic),DSL,No,0,0
C101521,2024-11,8,24.47,186.09,One year,Electronic check,No,Yes,0,1
C101522,2023-08,18,70.32,1314.84,Month-to-month,Electronic check,Fiber optic,Yes,0,0
C101523,2023-01,26,70.96,1883.66,One year,Mailed check,Fiber optic,No,0,0
C101524,2025-10,8,48.68,380.93,One year,Electronic check,DSL,Yes,0,0
C101525,2026-06,3,52.55,152.71,Two year,Bank transfer (automatic),DSL,No,1,0
C101526,2023-11,31,47.97,1545.06,One year,Mailed check,DSL,Yes,0,0
C101527,2024-11,6,71.27,421.41,Month-to-month,Electronic check,Fiber optic,Yes,0,1
C101528,2025-07,10,27.71,278.84,Month-to-month,Electronic check,No,Yes,0,1
C101529,2023-02,26,67.34,1690.97,One year,Electronic check,Fiber optic,No,0,0
C101530,2024-05,7,52.95,358.64,Month-to-month,Bank transfer (automatic),DSL,Yes,0,0
C101531,2022-12,30,54.1,1604.77,Two year,Electronic check,DSL,Yes,0,0
C101532,2025-11,9,69.7,611.66,Month-to-month,Bank transfer (automatic),Fiber optic,No,1,0
C101533,2025-03,8,43.38,337.41,Two year,Bank transfer (automatic),DSL,Yes,0,0
C101534,2025-10,6,73.93,439.47,Month-to-month,Mailed check,Fiber optic,No,0,0
C101535,2024-10,9,23.16,202.38,Month-to-month,Electronic check,No,No,0,0
C101536,2024-01,23,80.02,1922.22,One year,Electronic check,Fiber optic,No,1,0
C101537,2025-01,10,50.81,512.36,Month-to-month,Electronic check,DSL,No,0,1
C101538,2023-01,31,50.89,1505.6,Two year,Electronic check,DSL,Yes,0,0
C101539,2024-09,16,74.72,1162.08,One year,Credit card (automatic),Fiber optic,No,0,0
C101540,2023-07,17,47.43,802.17,Month-to-month,Electronic check,DSL,No,0,0
C101541,2026-01,8,22.53,178.98,Two year,Electronic check,No,Yes,0,0
C101542,2022-06,35,68.22,2432.43,One year,Credit card (automatic),Fiber optic,No,0,0
C101543,2023-08,27,79.69,2210.28,Month-to-month,Credit card (automatic),Fiber optic,No,0,0
C101544,2023-04,26,79.99,2094.37,Two year,Mailed check,Fiber optic,No,0,0
C101545,2024-02,14,66.14,912.66,Month-to-month,Mailed check,DSL,No,0,1
C101546,2024-09,5,62.64,303.42,Month-to-month,Electronic check,DSL,Yes,1,0
C101547,2025-03,18,64.56,1108.29,One year,Credit card (automatic),Fiber optic,No,0,0
C101548,2024-03,23,47.54,1045.34,One year,Bank transfer (automatic),DSL,No,0,0
C101549,2024-11,23,61.12,1393.17,One year,Mailed check,DSL,Yes,0,0
C101550,2024-05,21,36.75,733.27,Two year,Electronic check,No,No,0,0
C101551,2024-10,20,79.77,1569.64,Month-to-month,Mailed check,Fiber optic,No,0,0
C101552,2024-10,9,55.43,474.31,Two year,Bank transfer (automatic),DSL,No,0,0
C101553,2025-06,9,27.43,255.78,Month-to-month,Electronic check,No,No,0,0
C101554,2025-05,6,65.3,380.48,Month-to-month,Mailed check,DSL,No,0,0
C101555,2023-02,32,25.61,832.93,Month-to-month,Electronic check,No,Yes,0,0
C101556,2022-05,52,65.34,3530.9,Month-to-month,Bank transfer (automatic),Fiber optic,No,0,0
C101557,2019-03,72,76.81,5745.76,One year,Electronic check,Fiber optic,No,0,0
C101558,2024-04,19,65.5,1284.67,Two year,Credit card (automatic),Fiber optic,Yes,0,0
C101559,2025-02,20,42.81,867.62,Two year,Mailed check,DSL,Yes,0,0
C101560,2025-06,14,34.07,463.73,One year,Mailed check,No,No,1,0
C101561,2023-10,18,44.03,786.56,Month-to-month,Mailed check,DSL,Yes,1,1
C101562,2024-05,7,31.53,218.71,One year,Mailed check,No,No,1,0
C101563,2024-03,14,52.32,739.09,Month-to-month,Electronic check,DSL,No,1,1
C101564,2025-07,8,64.61,511.13,Month-to-month,Mailed check,DSL,Yes,0,1
C101565,2024-10,13,55.54,692.62,One year,Electronic check,DSL,No,0,0
C101566,2025-07,9,81.44,699.49,Month-to-month,Electronic check,Fiber optic,No,0,1
C101567,2024-07,23,65.49,1492.25,One year,Credit card (automatic),Fiber optic,Yes,0,0
C101568,2023-01,25,58.84,1525.53,Two year,Electronic check,Fiber optic,Yes,1,0
C101569,2024-12,20,27.83,568.03,Month-to-month,Credit card (automatic),No,No,1,0
C101570,2025-03,9,78.67,694.27,Month-to-month,Credit card (automatic),Fiber optic,Yes,1,0
C101571,2026-02,5,69.43,362.25,Two year,Bank transfer (automatic),Fiber optic,Yes,0,0
C101572,2023-10,25,61.9,1571.69,Month-to-month,Electronic check,DSL,No,0,1
C101573,2024-11,16,78.28,1294.93,Month-to-month,Bank transfer (automatic),Fiber optic,Yes,0,0
C101574,2025-10,3,23.7,73.4,Month-to-month,Credit card (automatic),No,No,1,1
C101575,2024-04,18,71.79,1308.0,Two year,Mailed check,Fiber optic,Yes,0,0
C101576,2024-07,20,76.03,1587.45,Month-to-month,Electronic check,Fiber optic,Yes,0,1
C101577,2025-10,4,62.62,249.23,Month-to-month,Electronic check,DSL,Yes,0,0
C101578,2024-05,23,49.44,1169.59,Month-to-month,Mailed check,DSL,Yes,0,0
C101579,2025-04,5,65.02,315.47,Two year,Electronic check,Fiber optic,No,1,0
C101580,2024-09,9,55.18,518.58,One year,Electronic check,DSL,No,0,0
C101581,2024-08,5,38.48,196.83,Month-to-month,Bank transfer (automatic),No,No,0,0
C101582,2024-03,8,49.4,386.16,Two year,Mailed check,DSL,No,1,0
C101583,2026-01,6,58.58,354.55,Month-to-month,Electronic check,DSL,Yes,0,1
C101584,2022-11,31,50.81,1499.83,Two year,Credit card (automatic),DSL,No,0,0
C101585,2023-12,13,74.75,974.34,Month-to-month,Electronic check,Fiber optic,No,0,0
C101586,2025-09,11,81.91,924.56,Month-to-month,Electronic check,Fiber optic,No,0,1
C101587,2023-09,33,28.26,919.98,Two year,Electronic check,No,No,0,0
C101588,2023-11,32,72.34,2370.31,Month-to-month,Electronic check,Fiber optic,No,0,1
C101589,2024-11,12,51.99,638.23,Month-to-month,Mailed check,DSL,No,0,1
C101590,2023-07,20,67.16,1401.55,Two year,Electronic check,Fiber optic,Yes,0,0
C101591,2024-07,10,70.85,741.12,Month-to-month,Credit card (automatic),Fiber optic,Yes,0,1
C101592,2024-03,15,73.57,1071.35,Month-to-month,Credit card (automatic),Fiber optic,Yes,0,0
C101593,2024-12,6,75.35,444.13,Month-to-month,Electronic check,Fiber optic,No,0,1
C101594,2023-05,22,76.72,1641.4,Month-to-month,Bank transfer (automatic),Fiber optic,Yes,0,0
C101595,2022-06,34,49.09,1650.57,Month-to-month,Bank transfer (automatic),DSL,Yes,1,1
C101596,2023-05,30,52.48,1501.89,Month-to-month,Credit card (automatic),DSL,No,0,0
C101597,2023-12,17,26.57,450.84,One year,Electronic check,No,No,0,0
C101598,2026-07,3,48.22,150.25,One year,Bank transfer (automatic),DSL,Yes,0,0
C101599,2025-12,10,51.52,526.83,Month-to-month,Electronic check,DSL,Yes,0,0
C101600,2024-09,15,60.4,911.9,Month-to-month,Electronic check,DSL,No,0,0
C101601,2025-06,5,63.18,308.0,Month-to-month,Credit card (automatic),DSL,No,0,0
C101602,2024-11,4,28.12,109.63,Month-to-month,Electronic check,No,No,0,0
C101603,2022-08,41,48.53,1906.65,One year,Mailed check,DSL,Yes,0,0
C101604,2023-12,28,74.51,1999.23,Month-to-month,Electronic check,Fiber optic,No,1,0
C101605,2023-01,23,29.31,691.94,One year,Credit card (automatic),No,Yes,0,0
C101606,2023-04,26,59.15,1605.86,Month-to-month,Mailed check,DSL,No,0,0
C101607,2024-06,6,52.62,326.67,Month-to-month,Electronic check,DSL,No,0,1
C101608,2024-11,8,51.75,432.09,Month-to-month,Bank transfer (automatic),DSL,No,0,1
C101609,2024-09,19,65.31,1189.16,Two year,Electronic check,DSL,Yes,0,0
C101610,2024-07,20,45.04,887.8,One year,Electronic check,DSL,Yes,0,0
C101611,2024-12,5,74.41,362.29,Two year,Bank transfer (automatic),Fiber optic,No,1,0
C101612,2025-01,18,61.74,1066.6,One year,Credit card (automatic),DSL,No,0,0
C101613,2025-02,15,73.48,1073.14,Month-to-month,Bank transfer (automatic),Fiber optic,Yes,0,1
C101614,2022-10,30,32.64,993.03,Month-to-month,Electronic check,No,No,0,0
C101615,2023-09,20,44.94,897.31,Month-to-month,Electronic check,DSL,Yes,0,0
C101616,2021-11,44,52.95,2425.11,One year,Bank transfer (automatic),DSL,No,0,0
C101617,2025-03,12,61.96,716.2,Month-to-month,Electronic check,DSL,No,0,0
C101618,2026-03,6,55.72,340.44,Month-to-month,Bank transfer (automatic),DSL,Yes,0,0
C101619,2021-10,43,69.23,3003.03,Two year,Mailed check,Fiber optic,No,0,0
C101620,2024-07,21,82.41,1772.25,One year,Credit card (automatic),Fiber optic,Yes,0,0
C101621,2025-07,15,59.91,895.8,Month-to-month,Mailed check,DSL,No,1,0
C101622,2025-01,8,59.25,451.97,Month-to-month,Credit card (automatic),DSL,No,0,1
C101623,2024-06,12,50.14,595.18,Month-to-month,Mailed check,DSL,No,0,0
C101624,2025-01,12,60.33,703.07,Month-to-month,Bank transfer (automatic),Fiber optic,Yes,0,0
C101625,2025-06,6,77.24,454.57,Month-to-month,Electronic check,Fiber optic,No,0,0
C101626,2025-10,2,75.03,145.93,Month-to-month,Mailed check,Fiber optic,No,0,1
C101627,2024-06,11,79.58,887.12,Month-to-month,Electronic check,Fiber optic,No,0,1
C101628,2022-11,26,69.75,1890.18,Two year,Electronic check,Fiber optic,Yes,0,0
C101629,2023-08,36,72.27,2509.94,One year,Mailed check,Fiber optic,No,0,0
C101630,2023-11,31,52.98,1624.05,One year,Electronic check,DSL,Yes,1,0
C101631,2022-06,32,68.34,2140.07,Month-to-month,Credit card (automatic),Fiber optic,No,0,1
C101632,2025-08,6,63.93,368.82,Month-to-month,Credit card (automatic),Fiber optic,No,0,1
C101633,2023-12,19,69.69,1310.78,Month-to-month,Bank transfer (automatic),Fiber optic,Yes,0,0
C101634,2024-11,23,62.38,1477.2,Two year,Mailed check,Fiber optic,No,0,0
C101635,2024-02,24,74.73,1753.17,Month-to-month,Electronic check,Fiber optic,Yes,0,1
C101636,2024-05,15,65.2,954.53,Month-to-month,Electronic check,Fiber optic,Yes,0,0
C101637,2024-09,17,47.74,846.32,Two year,Electronic check,DSL,Yes,0,0
C101638,2023-10,30,83.58,2544.12,One year,Bank transfer (automatic),Fiber optic,No,0,0
C101639,2024-05,22,54.55,1174.1,Month-to-month,Credit card (automatic),DSL,Yes,0,0
C101640,2023-05,25,53.09,1265.09,One year,Electronic check,DSL,No,0,0
C101641,2024-09,11,55.09,635.74,Month-to-month,Electronic check,DSL,No,0,0
C101642,2024-03,24,70.27,1766.76,Two year,Electronic check,Fiber optic,Yes,0,0
C101643,2025-05,17,71.84,1241.91,Month-to-month,Mailed check,Fiber optic,No,0,0
C101644,2023-12,28,26.61,717.14,Two year,Electronic check,No,No,0,0
C101645,2024-08,9,71.75,660.2,Month-to-month,Mailed check,Fiber optic,No,0,0
C101646,2023-01,26,60.04,1553.68,Two year,Electronic check,Fiber optic,Yes,0,0
C101647,2024-04,12,35.84,410.59,One year,Electronic check,No,Yes,0,0
C101648,2022-09,26,45.31,1134.65,Two year,Bank transfer (automatic),DSL,No,1,0
C101649,2024-09,19,78.6,1424.93,Two year,Credit card (automatic),Fiber optic,Yes,0,0
C101650,2024-01,16,48.21,741.66,One year,Electronic check,DSL,No,1,0
C101651,2025-06,13,46.85,612.38,Month-to-month,Electronic check,DSL,Yes,0,0
C101652,2023-10,15,41.62,639.02,Month-to-month,Electronic check,No,No,0,0
C101653,2023-12,11,46.12,531.59,Month-to-month,Bank transfer (automatic),DSL,Yes,0,0
C101654,2024-11,12,18.0,226.46,Month-to-month,Mailed check,No,Yes,0,0
C101655,2023-09,22,21.32,483.7,Month-to-month,Bank transfer (automatic),No,No,0,0
C101656,2025-12,3,29.17,83.56,Month-to-month,Mailed check,No,Yes,1,0
C101657,2023-04,26,63.97,1655.29,One year,Credit card (automatic),Fiber optic,No,0,0
C101658,2024-02,27,65.62,1691.85,Two year,Electronic check,Fiber optic,No,0,0
C101659,2024-06,13,62.8,827.58,Month-to-month,Electronic check,Fiber optic,No,1,0
C101660,2024-05,18,75.52,1312.65,Two year,Mailed check,Fiber optic,Yes,1,0
C101661,2025-10,7,32.52,231.21,Month-to-month,Mailed check,No,No,0,0
C101662,2023-07,21,61.4,1257.56,Two year,Electronic check,Fiber optic,Yes,0,0
C101663,2024-07,8,58.11,471.95,One year,Credit card (automatic),Fiber optic,Yes,0,0
C101664,2026-08,1,24.58,25.15,Month-to-month,Bank transfer (automatic),No,Yes,0,0
C101665,2022-12,35,78.9,2703.07,Month-to-month,Credit card (automatic),Fiber optic,No,1,0
C101666,2025-01,6,34.06,214.41,Two year,Credit card (automatic),No,Yes,1,0
C101667,2025-01,15,51.39,750.06,One year,Mailed check,DSL,Yes,1,0
C101668,2024-10,18,47.59,822.14,Two year,Credit card (automatic),DSL,Yes,0,0
C101669,2023-10,22,65.53,1453.77,Two year,Bank transfer (automatic),Fiber optic,Yes,0,0
C101670,2024-09,16,73.83,1170.78,One year,Mailed check,Fiber optic,No,0,0
C101671,2023-06,19,74.29,1458.13,Two year,Bank transfer (automatic),Fiber optic,No,0,1
C101672,2024-05,13,49.74,647.65,Two year,Credit card (automatic),DSL,No,0,0
C101673,2024-12,4,48.36,188.7,Two year,Bank transfer (automatic),DSL,Yes,0,0
C101674,2023-11,15,34.68,521.46,Month-to-month,Bank transfer (automatic),No,No,1,0
C101675,2023-05,24,83.97,2088.53,Month-to-month,Electronic check,Fiber optic,Yes,0,0
C101676,2025-02,7,73.28,499.46,Month-to-month,Credit card (automatic),Fiber optic,Yes,1,0
C101677,2024-10,18,55.51,961.32,Month-to-month,Mailed check,DSL,Yes,0,0
C101678,2022-02,50,23.09,1197.57,Two year,Bank transfer (automatic),No,No,0,0
C101679,2025-01,15,28.08,436.43,Two year,Bank transfer (automatic),No,No,1,0
C101680,2025-06,15,69.44,1078.1,Month-to-month,Mailed check,Fiber optic,Yes,1,0
C101681,2024-11,4,63.53,248.38,Month-to-month,Electronic check,DSL,Yes,1,0
C101682,2024-06,6,35.32,218.19,Month-to-month,Bank transfer (automatic),No,No,1,1
C101683,2024-07,8,39.22,306.14,One year,Electronic check,No,Yes,1,0
C101684,2024-04,23,68.64,1597.79,One year,Electronic check,Fiber optic,No,1,0
C101685,2024-07,7,87.42,588.76,Month-to-month,Electronic check,Fiber optic,Yes,1,1
C101686,2023-11,21,76.47,1592.94,Month-to-month,Bank transfer (automatic),Fiber optic,Yes,1,1
C101687,2024-03,9,54.2,507.67,Month-to-month,Electronic check,DSL,No,0,1
C101688,2024-12,4,82.55,314.35,Month-to-month,Electronic check,Fiber optic,No,0,0
C101689,2024-01,25,62.88,1517.57,Two year,Credit card (automatic),Fiber optic,Yes,0,0
C101690,2024-09,12,69.2,841.96,Two year,Mailed check,Fiber optic,Yes,0,0
C101691,2023-10,22,29.06,658.18,Month-to-month,Credit card (automatic),No,No,0,0
C101692,2025-09,4,77.51,308.09,Month-to-month,Mailed check,Fiber optic,No,0,0
C101693,2025-07,2,27.34,56.12,Month-to-month,Electronic check,No,No,0,0
C101694,2023-12,17,51.76,921.56,Month-to-month,Bank transfer (automatic),DSL,No,0,0
C101695,2025-09,6,27.72,169.57,Month-to-month,Mailed check,No,Yes,1,1
C101696,2024-12,17,53.26,900.25,Month-to-month,Credit card (automatic),DSL,Yes,0,0
C101697,2024-04,17,55.47,955.27,Month-to-month,Electronic check,DSL,Yes,0,0
C101698,2023-12,16,76.73,1203.93,Two year,Credit card (automatic),Fiber optic,Yes,0,0
C101699,2022-03,32,42.06,1291.5,Month-to-month,Mailed check,DSL,No,0,0
C101700,2023-05,20,55.2,1064.82,Two year,Credit card (automatic),DSL,Yes,0,0
C101701,2020-10,50,69.17,3436.91,One year,Electronic check,Fiber optic,No,0,0
C101702,2025-03,12,53.93,633.13,Month-to-month,Bank transfer (automatic),DSL,Yes,0,0
C101703,2025-05,5,23.48,112.05,Month-to-month,Electronic check,No,No,1,0
C101704,2025-07,9,55.28,491.45,Month-to-month,Credit card (automatic),DSL,No,0,0
C101705,2025-05,12,72.65,902.51,Month-to-month,Electronic check,Fiber optic,No,0,0
C101706,2022-05,52,67.65,3370.5,Two year,Mailed check,Fiber optic,Yes,0,0
C101707,2023-10,16,72.5,1206.64,Two year,Bank transfer (automatic),Fiber optic,No,0,0
C101708,2023-05,32,78.81,2436.01,Month-to-month,Mailed check,Fiber optic,No,0,0
C101709,2024-03,11,83.52,914.95,Month-to-month,Bank transfer (automatic),Fiber optic,No,0,1
C101710,2025-06,10,51.45,534.62,Month-to-month,Bank transfer (automatic),DSL,No,0,0
C101711,2025-05,4,56.89,217.94,One year,Electronic check,DSL,Yes,0,0
C101712,2021-10,51,75.8,3898.65,One year,Bank transfer (automatic),Fiber optic,No,1,0
C101713,2022-07,40,72.53,2974.3,One year,Mailed check,Fiber optic,No,0,0
C101714,2024-01,18,79.11,1434.83,Two year,Bank transfer (automatic),Fiber optic,Yes,0,0
C101715,2025-05,13,46.77,580.1,Two year,Electronic check,DSL,Yes,0,0
C101716,2024-07,17,29.71,507.39,One year,Mailed check,No,Yes,0,0
C101717,2025-10,5,56.83,274.14,Month-to-month,Credit card (automatic),DSL,No,0,0
C101718,2023-01,22,22.81,497.05,Month-to-month,Credit card (automatic),No,No,0,0
C101719,2023-08,38,60.39,2231.52,One year,Credit card (automatic),DSL,No,0,0
C101720,2021-11,39,26.96,1078.4,Two year,Bank transfer (automatic),No,No,0,0
C101721,2025-08,4,74.62,307.65,One year,Electronic check,Fiber optic,Yes,0,0
C101722,2022-04,32,84.48,2624.03,Month-to-month,Mailed check,Fiber optic,No,0,1
C101723,2026-02,5,54.09,274.27,One year,Electronic check,DSL,Yes,0,0
C101724,2025-12,2,30.24,62.34,Month-to-month,Bank transfer (automatic),No,Yes,0,0
C101725,2023-01,33,51.0,1672.21,Two year,Electronic check,DSL,Yes,1,0
C101726,2025-05,10,68.97,718.47,Month-to-month,Credit card (automatic),Fiber optic,No,0,0
C101727,2023-11,30,52.72,1537.0,Month-to-month,Electronic check,DSL,Yes,0,0
C101728,2024-06,28,74.09,1997.02,Month-to-month,Electronic check,Fiber optic,No,0,1
C101729,2022-11,26,72.59,1821.87,One year,Credit card (automatic),Fiber optic,No,1,0
C101730,2024-03,17,83.27,1474.03,Month-to-month,Electronic check,Fiber optic,Yes,0,0
C101731,2026-03,5,80.57,407.69,Month-to-month,Electronic check,Fiber optic,No,0,0
C101732,2024-02,12,68.47,790.15,One year,Mailed check,Fiber optic,No,0,0
C101733,2022-09,39,68.86,2655.73,Two year,Credit card (automatic),Fiber optic,No,0,0
C101734,2022-05,30,61.2,1800.45,One year,Electronic check,DSL,Yes,1,0
C101735,2025-06,13,61.66,831.8,One year,Mailed check,Fiber optic,Yes,0,0
C101736,2025-02,13,70.64,904.96,One year,Electronic check,Fiber optic,No,0,0
C101737,2023-09,24,44.96,1034.32,One year,Bank transfer (automatic),DSL,No,0,0
C101738,2024-01,17,89.66,1449.68,Month-to-month,Electronic check,Fiber optic,No,0,0
C101739,2025-02,13,59.63,780.71,Month-to-month,Bank transfer (automatic),DSL,Yes,0,0
C101740,2024-03,23,27.02,599.77,Month-to-month,Mailed check,No,No,0,0
C101741,2024-10,22,74.79,1726.45,Month-to-month,Credit card (automatic),Fiber optic,No,0,1
C101742,2024-05,9,70.07,656.28,Month-to-month,Bank transfer (automatic),Fiber optic,No,0,1
C101743,2023-12,20,40.75,816.61,One year,Bank transfer (automatic),No,Yes,1,0
C101744,2023-04,21,61.24,1311.69,Month-to-month,Mailed check,Fiber optic,Yes,0,1
C101745,2024-06,16,52.56,815.62,Two year,Electronic check,DSL,No,0,0
C101746,2024-06,9,54.57,467.57,Month-to-month,Electronic check,DSL,Yes,0,1
C101747,2025-05,12,68.83,786.84,Month-to-month,Mailed check,Fiber optic,Yes,0,1
C101748,2025-09,7,49.09,345.93,Two year,Electronic check,DSL,No,0,0
C101749,2023-03,20,45.28,875.69,Month-to-month,Electronic check,DSL,No,0,1
C101750,2026-02,4,84.42,344.93,Month-to-month,Mailed check,Fiber optic,Yes,0,0
C101751,2021-10,42,55.15,2363.1,Month-to-month,Electronic check,DSL,No,0,0
C101752,2022-02,36,58.29,2195.45,One year,Electronic check,DSL,No,0,0
C101753,2023-10,22,52.09,1177.13,Month-to-month,Mailed check,DSL,No,0,0
C101754,2023-01,29,58.67,1712.25,Two year,Bank transfer (automatic),DSL,Yes,0,0
C101755,2022-08,28,75.21,2073.39,Month-to-month,Electronic check,Fiber optic,No,0,1
C101756,2025-04,18,59.24,1115.12,One year,Bank transfer (automatic),DSL,No,0,0
C101757,2024-03,14,56.2,762.14,One year,Electronic check,DSL,Yes,0,0
C101758,2024-01,13,29.8,375.77,Month-to-month,Credit card (automatic),No,Yes,0,0
C101759,2022-04,43,75.0,3267.1,Two year,Mailed check,Fiber optic,No,0,1
C101760,2026-02,8,55.11,462.34,Month-to-month,Mailed check,No,Yes,0,0
C101761,2024-03,8,22.01,168.74,One year,Bank transfer (automatic),No,Yes,0,0
C101762,2022-11,31,71.27,2317.61,One year,Mailed check,Fiber optic,No,1,0
C101763,2023-02,29,64.24,1842.93,One year,Mailed check,Fiber optic,No,0,0
C101764,2024-03,13,57.49,757.76,Month-to-month,Mailed check,DSL,Yes,0,0
C101765,2024-08,23,73.35,1718.16,One year,Credit card (automatic),Fiber optic,No,0,0
C101766,2023-01,25,86.66,2178.86,Month-to-month,Credit card (automatic),Fiber optic,No,0,0
C101767,2026-03,5,73.46,382.66,Month-to-month,Mailed check,Fiber optic,No,0,0
C101768,2023-07,38,60.71,2266.17,Month-to-month,Credit card (automatic),DSL,No,0,0
C101769,2024-07,25,18.0,460.59,One year,Electronic check,No,Yes,0,0
C101770,2023-06,22,75.91,1677.27,Month-to-month,Mailed check,Fiber optic,No,0,1
C101771,2023-12,26,63.78,1702.53,Two year,Mailed check,Fiber optic,No,0,0
C101772,2023-05,20,33.55,695.5,Month-to-month,Electronic check,No,Yes,0,1
C101773,2025-07,15,36.91,547.62,Month-to-month,Credit card (automatic),No,Yes,0,0
C101774,2024-11,18,51.4,879.92,Month-to-month,Credit card (automatic),DSL,No,0,0
C101775,2025-04,5,78.24,402.45,Month-to-month,Credit card (automatic),Fiber optic,Yes,1,0
C101776,2021-06,54,69.86,3634.12,One year,Bank transfer (automatic),Fiber optic,No,0,0
C101777,2024-09,15,72.28,1060.44,One year,Mailed check,Fiber optic,Yes,1,0
C101778,2022-02,54,77.47,4214.72,Month-to-month,Bank transfer (automatic),Fiber optic,No,1,1
C101779,2024-08,18,68.98,1202.9,Month-to-month,Electronic check,Fiber optic,Yes,0,1
C101780,2025-12,10,24.01,248.63,Month-to-month,Credit card (automatic),No,No,0,0
C101781,2022-11,37,58.0,2099.35,One year,Electronic check,DSL,No,1,0
C101782,2024-08,21,46.54,960.7,Two year,Credit card (automatic),DSL,Yes,0,0
C101783,2020-05,67,79.68,5457.7,One year,Bank transfer (automatic),Fiber optic,No,0,0
C101784,2024-08,10,61.35,589.93,One year,Electronic check,Fiber optic,No,1,0
C101785,2021-09,38,34.41,1328.49,One year,Electronic check,No,No,0,0
C101786,2022-06,40,72.05,2745.79,One year,Mailed check,Fiber optic,Yes,1,0
C101787,2023-09,27,68.44,1882.86,Two year,Electronic check,Fiber optic,No,1,0
C101788,2023-04,40,75.88,3003.97,Month-to-month,Credit card (automatic),Fiber optic,No,0,0
C101789,2023-09,15,18.92,291.29,Two year,Electronic check,No,Yes,0,0
C101790,2024-06,8,61.73,471.69,Month-to-month,Mailed check,DSL,No,0,0
C101791,2024-03,11,52.42,600.24,Month-to-month,Electronic check,DSL,Yes,0,0
C101792,2024-02,17,63.99,1071.25,Two year,Electronic check,Fiber optic,No,0,0
C101793,2023-08,28,67.99,1882.61,Month-to-month,Electronic check,DSL,No,0,1
C101794,2025-12,9,25.51,222.06,Two year,Credit card (automatic),No,Yes,1,0
C101795,2025-08,13,45.42,568.55,Two year,Bank transfer (automatic),DSL,No,0,0
C101796,2024-05,9,79.88,686.89,Month-to-month,Credit card (automatic),Fiber optic,Yes,0,0
C101797,2022-07,31,31.58,940.55,Month-to-month,Mailed check,No,No,0,0
C101798,2020-12,53,56.66,3019.32,Two year,Electronic check,DSL,No,1,0
C101799,2025-10,7,55.5,397.38,Month-to-month,Electronic check,DSL,No,1,0
C101800,2024-10,24,58.53,1348.82,One year,Mailed check,DSL,Yes,1,0
C101801,2023-11,34,42.31,1385.18,Month-to-month,Electronic check,No,No,0,1
C101802,2023-12,14,25.45,341.72,Month-to-month,Electronic check,No,No,0,0
C101803,2024-09,5,72.25,360.86,Month-to-month,Bank transfer (automatic),Fiber optic,No,0,1
C101804,2022-07,37,59.38,2135.88,Two year,Electronic check,Fiber optic,Yes,0,0
C101805,2025-02,5,77.28,372.72,Month-to-month,Bank transfer (automatic),Fiber optic,No,0,1
C101806,2021-07,44,51.35,2241.48,Two year,Bank transfer (automatic),DSL,Yes,0,0
C101807,2025-09,9,62.58,568.42,Month-to-month,Bank transfer (automatic),DSL,No,1,0
C101808,2024-10,4,29.83,115.48,Month-to-month,Mailed check,No,Yes,0,1
C101809,2025-05,11,54.49,616.01,Month-to-month,Bank transfer (automatic),DSL,Yes,0,0
C101810,2025-02,16,76.17,1230.43,Month-to-month,Mailed check,Fiber optic,Yes,0,0
C101811,2023-10,19,53.6,1044.89,Month-to-month,Electronic check,DSL,Yes,1,0
C101812,2022-11,26,74.21,1896.58,One year,Electronic check,Fiber optic,No,0,0
C101813,2024-12,20,56.36,1115.12,Month-to-month,Electronic check,DSL,No,0,1
C101814,2021-12,51,58.23,3112.47,Month-to-month,Mailed check,DSL,No,0,1
C101815,2024-01,16,51.43,831.51,One year,Bank transfer (automatic),DSL,Yes,0,0
C101816,2023-08,21,33.3,674.94,Month-to-month,Bank transfer (automatic),No,Yes,0,0
C101817,2024-04,19,54.3,1053.81,Two year,Electronic check,DSL,Yes,0,0
C101818,2025-05,4,73.04,299.28,Month-to-month,Electronic check,Fiber optic,No,0,1
C101819,2024-08,6,74.51,467.84,Month-to-month,Electronic check,Fiber optic,No,0,0
C101820,2024-10,17,49.54,846.17,Two year,Credit card (automatic),DSL,Yes,0,0
C101821,2023-09,22,64.64,1434.81,One year,Electronic check,Fiber optic,Yes,0,0
C101822,2026-01,2,49.89,97.84,One year,Mailed check,DSL,No,0,1
C101823,2020-07,52,76.56,4003.65,One year,Electronic check,Fiber optic,No,1,0
C101824,2024-09,24,80.08,1833.29,Month-to-month,Bank transfer (automatic),Fiber optic,Yes,1,0
C101825,2023-10,16,30.83,509.23,One year,Mailed check,No,Yes,0,0
C101826,2024-01,23,23.92,560.88,Month-to-month,Electronic check,No,Yes,0,0
C101827,2025-03,11,60.87,681.8,Month-to-month,Mailed check,DSL,Yes,0,0
C101828,2024-10,19,86.11,1665.67,Month-to-month,Bank transfer (automatic),Fiber optic,No,0,0
C101829,2024-02,21,78.56,1603.14,Month-to-month,Mailed check,Fiber optic,No,1,1
C101830,2022-01,37,29.98,1058.7,Month-to-month,Credit card (automatic),No,Yes,1,1
C101831,2023-09,15,22.42,337.24,Two year,Credit card (automatic),No,No,0,0
C101832,2025-10,5,74.92,376.1,Month-to-month,Mailed check,Fiber optic,Yes,0,0
C101833,2025-11,8,66.03,546.9,Two year,Credit card (automatic),Fiber optic,Yes,1,0
C101834,2025-07,14,53.81,766.78,Month-to-month,Credit card (automatic),DSL,Yes,0,0
C101835,2025-07,5,37.74,185.46,Month-to-month,Mailed check,No,Yes,0,1
C101836,2024-05,7,35.3,247.55,Month-to-month,Bank transfer (automatic),No,No,0,0
C101837,2025-01,8,52.94,424.87,Month-to-month,Mailed check,DSL,Yes,0,0
C101838,2025-05,13,69.53,922.0,Two year,Mailed check,Fiber optic,Yes,0,0
C101839,2024-02,24,52.77,1298.58,One year,Mailed check,DSL,No,1,0
C101840,2024-12,12,52.4,636.16,Month-to-month,Credit card (automatic),DSL,Yes,0,0
C101841,2024-07,25,63.94,1655.14,One year,Credit card (automatic),Fiber optic,Yes,0,0
C101842,2023-07,16,59.97,942.17,Month-to-month,Electronic check,DSL,Yes,0,0
C101843,2025-10,8,82.09,677.72,Month-to-month,Bank transfer (automatic),Fiber optic,Yes,0,0
C101844,2024-10,21,49.16,984.39,One year,Bank transfer (automatic),DSL,Yes,0,0
C101845,2024-05,19,71.08,1395.81,Month-to-month,Credit card (automatic),Fiber optic,No,0,0
C101846,2023-08,25,77.45,1899.35,One year,Mailed check,Fiber optic,Yes,1,0
C101847,2022-09,29,68.0,2010.37,One year,Electronic check,Fiber optic,Yes,0,0
C101848,2023-05,38,46.68,1811.33,Month-to-month,Electronic check,DSL,No,0,1
C101849,2023-09,24,52.34,1240.59,Month-to-month,Electronic check,DSL,Yes,1,0
C101850,2024-01,19,83.14,1536.89,Month-to-month,Electronic check,Fiber optic,Yes,0,0
C101851,2024-02,25,65.86,1688.3,Two year,Electronic check,Fiber optic,Yes,0,0
C101852,2025-05,12,71.11,836.87,Month-to-month,Electronic check,Fiber optic,Yes,0,1
C101853,2025-07,11,72.17,779.85,Month-to-month,Credit card (automatic),Fiber optic,No,1,0
C101854,2022-06,42,21.9,933.13,One year,Mailed check,No,Yes,0,0
C101855,2024-09,11,47.09,527.89,Month-to-month,Mailed check,DSL,Yes,0,0
C101856,2025-04,8,53.43,406.29,Month-to-month,Bank transfer (automatic),DSL,No,0,1
C101857,2024-06,24,21.58,518.02,Month-to-month,Electronic check,No,No,1,0
C101858,2025-03,12,27.61,342.03,Month-to-month,Bank transfer (automatic),No,No,0,1
C101859,2024-04,29,56.58,1624.95,Month-to-month,Credit card (automatic),DSL,Yes,0,0
C101860,2023-02,36,31.06,1101.51,One year,Mailed check,No,Yes,1,0
C101861,2026-01,9,54.16,493.3,Month-to-month,Mailed check,DSL,Yes,0,0
C101862,2023-02,26,22.81,574.8,Month-to-month,Electronic check,No,Yes,1,0
C101863,2024-08,10,72.53,756.16,Month-to-month,Mailed check,Fiber optic,Yes,1,0
C101864,2024-06,14,77.07,1050.2,Month-to-month,Bank transfer (automatic),Fiber optic,No,0,1
C101865,2023-04,21,33.72,721.91,Month-to-month,Electronic check,No,No,0,0
C101866,2024-09,11,25.96,290.6,Two year,Mailed check,No,No,0,0
C101867,2024-03,19,48.58,942.68,One year,Mailed check,DSL,Yes,0,0
C101868,2024-06,15,75.5,1170.93,Month-to-month,Electronic check,Fiber optic,No,0,1
C101869,2023-11,29,72.88,2118.32,Month-to-month,Electronic check,Fiber optic,Yes,0,0
C101870,2023-06,29,65.89,1987.85,One year,Mailed check,Fiber optic,No,0,0
C101871,2025-07,11,56.84,632.19,Month-to-month,Electronic check,DSL,No,0,0
C101872,2024-03,21,50.71,1114.24,Two year,Bank transfer (automatic),DSL,No,0,0
C101873,2023-08,32,23.35,716.67,Month-to-month,Credit card (automatic),No,Yes,0,0
C101874,2025-10,7,71.21,515.59,Month-to-month,Bank transfer (automatic),Fiber optic,No,0,0
C101875,2024-12,15,70.86,1076.46,One year,Electronic check,Fiber optic,No,0,1
C101876,2024-12,20,62.86,1305.95,One year,Mailed check,Fiber optic,No,0,0
C101877,2025-01,7,50.64,349.19,Month-to-month,Bank transfer (automatic),DSL,No,0,0
C101878,2025-07,12,54.39,662.67,Two year,Bank transfer (automatic),DSL,Yes,0,0
C101879,2021-01,47,47.66,2243.0,Two year,Credit card (automatic),DSL,No,0,0
C101880,2024-11,11,50.21,566.71,Month-to-month,Mailed check,DSL,Yes,0,0
C101881,2025-05,12,36.5,444.94,Month-to-month,Electronic check,No,Yes,1,0
C101882,2022-11,24,57.1,1424.25,Month-to-month,Mailed check,DSL,No,0,1
C101883,2025-08,6,59.17,352.52,Month-to-month,Credit card (automatic),DSL,Yes,0,1
C101884,2024-06,15,67.29,1017.64,One year,Bank transfer (automatic),Fiber optic,Yes,0,0
C101885,2024-12,8,28.29,234.25,Month-to-month,Credit card (automatic),No,Yes,0,0
C101886,2023-05,19,50.54,965.76,Two year,Bank transfer (automatic),DSL,No,0,0
C101887,2025-11,1,56.36,55.95,Month-to-month,Credit card (automatic),DSL,No,1,0
C101888,2023-10,17,82.71,1401.48,Two year,Mailed check,Fiber optic,No,0,0
C101889,2024-11,21,69.5,1499.27,Two year,Credit card (automatic),Fiber optic,No,0,0
C101890,2025-08,12,81.5,1021.01,Month-to-month,Credit card (automatic),Fiber optic,Yes,0,0
C101891,2025-06,13,68.73,867.04,Month-to-month,Credit card (automatic),DSL,Yes,0,0
C101892,2023-12,11,40.3,432.21,Month-to-month,Credit card (automatic),No,Yes,0,0
C101893,2024-06,15,69.94,1016.89,Two year,Mailed check,Fiber optic,Yes,1,0
C101894,2022-05,42,35.69,1452.3,One year,Bank transfer (automatic),No,No,0,0
C101895,2023-02,30,28.37,813.83,Two year,Bank transfer (automatic),No,Yes,0,0
C101896,2024-11,15,71.77,1108.59,One year,Bank transfer (automatic),Fiber optic,Yes,0,0
C101897,2024-08,12,60.05,709.03,Month-to-month,Bank transfer (automatic),DSL,No,0,0
C101898,2023-05,28,74.3,2064.72,Two year,Bank transfer (automatic),Fiber optic,No,0,0
C101899,2023-09,18,78.04,1456.06,Month-to-month,Mailed check,Fiber optic,No,0,0
C101900,2025-01,7,53.99,393.65,Month-to-month,Bank transfer (automatic),DSL,Yes,0,0
C101901,2025-04,14,52.1,732.71,Month-to-month,Credit card (automatic),DSL,No,0,1
C101902,2022-12,39,47.76,1787.65,Month-to-month,Bank transfer (automatic),DSL,Yes,0,0
C101903,2024-01,23,30.97,709.2,Month-to-month,Mailed check,No,Yes,0,0
C101904,2023-12,12,76.42,954.96,Month-to-month,Credit card (automatic),Fiber optic,No,0,0
C101905,2025-07,4,79.98,332.77,Month-to-month,Bank transfer (automatic),Fiber optic,No,0,1
C101906,2024-04,19,66.24,1236.55,Month-to-month,Mailed check,Fiber optic,No,0,0
C101907,2024-12,17,72.62,1292.69,One year,Bank transfer (automatic),Fiber optic,No,0,0
C101908,2025-07,14,28.79,395.98,Month-to-month,Bank transfer (automatic),No,No,0,0
C101909,2023-01,28,52.45,1514.75,One year,Bank transfer (automatic),DSL,Yes,0,0
C101910,2023-01,23,58.07,1393.88,Two year,Electronic check,DSL,No,0,0
C101911,2025-10,5,82.69,398.15,Month-to-month,Electronic check,Fiber optic,No,1,1
C101912,2024-12,17,33.69,560.83,Two year,Credit card (automatic),No,Yes,0,0
C101913,2025-02,6,30.56,184.48,Month-to-month,Credit card (automatic),No,Yes,0,0
C101914,2023-12,11,28.86,313.29,Month-to-month,Mailed check,No,No,0,1
C101915,2025-07,5,82.22,430.8,Month-to-month,Credit card (automatic),Fiber optic,Yes,0,1
C101916,2024-06,6,65.26,387.77,Month-to-month,Mailed check,DSL,No,0,1
C101917,2024-08,21,62.39,1354.47,One year,Electronic check,DSL,No,1,0
C101918,2023-04,19,71.94,1325.56,Two year,Bank transfer (automatic),Fiber optic,No,0,0
C101919,2025-02,16,75.24,1262.0,Month-to-month,Electronic check,Fiber optic,Yes,1,0
C101920,2025-12,10,73.15,748.33,Two year,Electronic check,Fiber optic,No,1,0
C101921,2025-06,5,59.53,283.18,Month-to-month,Credit card (automatic),DSL,No,0,0
C101922,2025-07,11,72.6,772.44,Month-to-month,Mailed check,Fiber optic,Yes,0,0
C101923,2024-09,20,28.85,554.05,Month-to-month,Electronic check,No,Yes,0,1
C101924,2024-04,19,71.08,1362.88,One year,Mailed check,DSL,No,0,0
C101925,2022-04,38,72.6,2850.9,Month-to-month,Bank transfer (automatic),Fiber optic,Yes,0,1
C101926,2022-07,35,55.71,2005.46,Two year,Bank transfer (automatic),DSL,Yes,1,0
C101927,2024-04,16,65.91,1062.81,Two year,Electronic check,Fiber optic,Yes,0,0
C101928,2025-04,11,74.25,826.32,Month-to-month,Mailed check,Fiber optic,Yes,1,0
C101929,2024-07,9,49.47,464.96,Month-to-month,Mailed check,DSL,No,0,0
C101930,2024-07,4,69.48,276.6,Month-to-month,Bank transfer (automatic),Fiber optic,Yes,0,0
C101931,2026-01,6,78.7,484.03,Month-to-month,Credit card (automatic),Fiber optic,No,0,0
C101932,2024-10,20,55.79,1070.85,One year,Mailed check,DSL,No,0,0
C101933,2022-12,25,39.84,954.62,One year,Credit card (automatic),No,No,0,0
C101934,2025-06,13,69.16,869.57,Two year,Credit card (automatic),Fiber optic,No,0,0
C101935,2020-04,66,69.93,4826.72,Two year,Electronic check,Fiber optic,Yes,0,0
C101936,2024-12,6,54.74,336.97,Month-to-month,Electronic check,DSL,Yes,0,0
C101937,2025-03,4,63.16,263.04,Two year,Bank transfer (automatic),Fiber optic,No,0,0
C101938,2020-11,65,56.34,3603.48,One year,Credit card (automatic),DSL,No,0,0
C101939,2024-06,5,53.98,260.92,Month-to-month,Electronic check,DSL,No,0,1
C101940,2025-07,13,60.39,750.52,Two year,Electronic check,Fiber optic,No,0,0
C101941,2025-01,9,36.64,327.71,Month-to-month,Bank transfer (automatic),No,Yes,0,0
C101942,2023-08,21,51.55,1133.63,Month-to-month,Credit card (automatic),DSL,No,0,0
C101943,2024-01,12,76.98,881.45,Month-to-month,Electronic check,Fiber optic,No,0,1
C101944,2024-09,25,71.2,1856.03,Two year,Mailed check,Fiber optic,No,0,0
C101945,2023-11,28,76.26,2087.45,Month-to-month,Electronic check,Fiber optic,No,0,0
C101946,2024-08,4,23.97,91.64,Month-to-month,Credit card (automatic),No,Yes,0,0
C101947,2024-07,8,83.38,645.22,Month-to-month,Bank transfer (automatic),Fiber optic,No,0,0
C101948,2024-07,26,70.63,1762.74,Month-to-month,Mailed check,Fiber optic,Yes,1,0
C101949,2022-04,32,40.26,1311.5,Month-to-month,Credit card (automatic),DSL,Yes,0,0
C101950,2023-11,18,60.09,1130.91,Month-to-month,Mailed check,DSL,No,0,0
C101951,2024-08,22,73.89,1704.99,Two year,Credit card (automatic),Fiber optic,Yes,0,0
C101952,2023-01,40,43.43,1662.65,Two year,Electronic check,DSL,Yes,0,0
C101953,2024-11,12,52.77,636.23,One year,Electronic check,DSL,Yes,0,0
C101954,2023-11,18,57.08,1020.74,Two year,Mailed check,DSL,Yes,0,0
C101955,2022-02,35,59.07,2021.87,Two year,Electronic check,DSL,Yes,0,0
C101956,2022-12,36,75.67,2734.59,One year,Credit card (automatic),Fiber optic,No,0,0
C101957,2024-11,15,59.96,876.5,Month-to-month,Mailed check,DSL,Yes,0,0
C101958,2024-08,9,57.1,500.53,One year,Electronic check,DSL,No,0,0
C101959,2024-03,15,71.18,1116.3,One year,Bank transfer (automatic),Fiber optic,No,0,0
C101960,2024-01,16,68.47,1122.76,Month-to-month,Mailed check,Fiber optic,Yes,0,1
C101961,2025-12,8,28.43,233.48,Month-to-month,Mailed check,No,No,0,0
C101962,2025-04,9,36.75,331.12,Month-to-month,Electronic check,No,Yes,1,0
C101963,2023-03,36,35.49,1268.06,One year,Credit card (automatic),No,No,0,0
C101964,2023-01,22,70.22,1526.75,Two year,Bank transfer (automatic),Fiber optic,No,0,0
C101965,2024-06,13,50.8,636.4,One year,Credit card (automatic),DSL,No,0,0
C101966,2024-11,7,65.41,479.52,Month-to-month,Bank transfer (automatic),DSL,No,0,1
C101967,2025-03,9,30.74,281.52,Month-to-month,Mailed check,No,No,0,0
C101968,2024-08,4,32.62,130.58,One year,Electronic check,No,Yes,0,0
C101969,2024-01,18,67.76,1235.53,Month-to-month,Bank transfer (automatic),Fiber optic,No,1,1
C101970,2024-11,9,74.66,705.35,Month-to-month,Electronic check,Fiber optic,Yes,0,0
C101971,2024-02,19,57.12,1058.17,Two year,Credit card (automatic),DSL,No,0,0
C101972,2024-02,26,42.38,1143.61,Two year,Electronic check,DSL,No,0,0
C101973,2023-04,20,71.77,1378.04,One year,Mailed check,Fiber optic,No,0,0
C101974,2024-12,12,57.45,655.32,Month-to-month,Bank transfer (automatic),DSL,No,1,0
C101975,2025-12,8,83.57,696.11,Month-to-month,Mailed check,Fiber optic,Yes,0,0
C101976,2025-12,6,74.86,430.59,Two year,Bank transfer (automatic),Fiber optic,Yes,0,0
C101977,2022-10,34,38.96,1349.31,One year,Bank transfer (automatic),No,No,0,0
C101978,2023-09,19,33.79,640.65,One year,Bank transfer (automatic),No,No,0,0
C101979,2024-12,12,60.34,717.62,Month-to-month,Credit card (automatic),DSL,Yes,0,0
C101980,2023-08,24,66.27,1668.38,One year,Mailed check,Fiber optic,No,0,0
C101981,2022-05,31,69.1,2104.22,Month-to-month,Mailed check,Fiber optic,No,0,0
C101982,2025-10,9,85.08,734.58,Month-to-month,Credit card (automatic),Fiber optic,Yes,0,0
C101983,2023-07,19,26.08,482.85,One year,Electronic check,No,Yes,1,0
C101984,2024-03,19,47.35,941.36,Two year,Electronic check,DSL,No,0,0
C101985,2022-12,39,38.95,1585.2,One year,Electronic check,DSL,Yes,1,0
C101986,2025-07,12,78.36,920.76,One year,Bank transfer (automatic),Fiber optic,No,0,0
C101987,2024-06,8,68.29,548.83,Month-to-month,Bank transfer (automatic),Fiber optic,Yes,0,0
C101988,2024-01,20,67.08,1353.83,One year,Electronic check,Fiber optic,No,0,0
C101989,2023-08,25,61.57,1613.06,Month-to-month,Electronic check,DSL,Yes,0,0
C101990,2024-01,18,41.75,760.76,Month-to-month,Electronic check,DSL,No,0,0
C101991,2022-11,41,77.15,3273.74,Two year,Mailed check,Fiber optic,Yes,0,0
C101992,2025-08,12,70.02,810.4,Month-to-month,Electronic check,Fiber optic,Yes,0,0
C101993,2025-02,18,49.72,894.38,Two year,Bank transfer (automatic),DSL,No,1,0
C101994,2025-01,5,25.34,130.05,Month-to-month,Credit card (automatic),No,No,0,1
C101995,2025-11,7,67.02,447.65,Month-to-month,Bank transfer (automatic),Fiber optic,No,0,0
C101996,2025-11,9,50.45,450.95,Month-to-month,Credit card (automatic),DSL,Yes,0,0
C101997,2024-05,14,47.84,699.57,One year,Credit card (automatic),DSL,Yes,0,0
C101998,2025-07,5,43.21,222.1,Two year,Bank transfer (automatic),DSL,Yes,0,0
C101999,2023-12,23,62.05,1375.63,One year,Bank transfer (automatic),DSL,Yes,0,0
C102000,2025-11,9,69.18,621.95,Month-to-month,Credit card (automatic),Fiber optic,Yes,1,0
C102001,2021-09,58,18.0,1039.8,Two year,Bank transfer (automatic),No,Yes,0,0
C102002,2024-10,9,42.61,368.94,Month-to-month,Mailed check,DSL,No,0,1
C102003,2023-08,17,57.61,960.65,Month-to-month,Electronic check,DSL,Yes,0,0
C102004,2025-02,15,18.4,267.19,One year,Bank transfer (automatic),No,Yes,0,0
C102005,2025-02,7,73.93,542.78,Month-to-month,Credit card (automatic),Fiber optic,No,1,1
C102006,2025-04,14,80.82,1132.0,Two year,Bank transfer (automatic),Fiber optic,No,0,0
C102007,2023-09,14,76.09,1028.39,Month-to-month,Mailed check,Fiber optic,No,0,1
C102008,2023-06,28,56.94,1589.12,Month-to-month,Bank transfer (automatic),DSL,Yes,0,0
C102009,2024-07,21,47.42,955.01,Two year,Credit card (automatic),DSL,No,0,0
C102010,2024-09,23,28.72,683.13,One year,Bank transfer (automatic),No,Yes,0,0
C102011,2024-02,28,70.71,2007.47,One year,Mailed check,Fiber optic,No,0,1
C102012,2023-04,23,52.45,1208.86,Two year,Mailed check,DSL,No,0,0
C102013,2023-07,19,39.94,776.31,Month-to-month,Mailed check,No,No,0,0
C102014,2024-10,9,72.44,639.52,Month-to-month,Credit card (automatic),Fiber optic,No,0,0
C102015,2023-10,18,45.87,817.98,Two year,Electronic check,DSL,Yes,0,0
C102016,2025-10,8,29.55,226.72,Month-to-month,Credit card (automatic),No,Yes,0,1
C102017,2025-03,14,74.76,1019.58,Two year,Electronic check,Fiber optic,Yes,0,0
C102018,2025-06,13,69.97,867.09,One year,Credit card (automatic),Fiber optic,Yes,0,0
C102019,2024-12,14,56.6,761.05,Month-to-month,Mailed check,DSL,Yes,1,0
C102020,2025-03,5,58.07,294.83,Month-to-month,Bank transfer (automatic),DSL,No,0,0
C102021,2026-02,1,42.92,41.74,Month-to-month,Bank transfer (automatic),No,No,1,0
C102022,2025-09,11,56.14,587.08,Two year,Bank transfer (automatic),DSL,No,0,0
C102023,2022-10,32,24.76,768.21,Month-to-month,Bank transfer (automatic),No,No,1,0
C102024,2025-05,16,58.85,923.48,One year,Electronic check,Fiber optic,No,0,1
C102025,2023-10,31,75.9,2268.51,Month-to-month,Electronic check,Fiber optic,No,1,0
C102026,2026-01,8,25.77,200.24,Month-to-month,Electronic check,No,Yes,0,0
C102027,2025-10,11,27.09,312.17,Month-to-month,Bank transfer (automatic),No,No,0,0
C102028,2021-08,61,21.62,1256.05,Two year,Bank transfer (automatic),No,No,0,0
C102029,2024-07,8,71.97,579.5,Month-to-month,Electronic check,Fiber optic,No,1,1
C102030,2024-07,23,65.85,1557.54,Two year,Bank transfer (automatic),Fiber optic,No,1,1
C102031,2024-11,23,49.91,1203.2,Two year,Electronic check,DSL,No,0,0
C102032,2023-06,21,50.96,1055.02,Month-to-month,Electronic check,DSL,No,0,0
C102033,2023-09,23,23.3,525.43,Two year,Mailed check,No,Yes,1,0
C102034,2024-04,8,33.18,263.41,Month-to-month,Bank transfer (automatic),No,Yes,1,0
C102035,2025-03,12,54.98,668.2,Month-to-month,Electronic check,DSL,Yes,0,0
C102036,2024-11,1,75.03,74.58,Month-to-month,Credit card (automatic),Fiber optic,No,0,1
C102037,2022-08,40,27.3,1073.4,Two year,Bank transfer (automatic),No,Yes,0,0
C102038,2023-09,23,66.63,1595.64,One year,Bank transfer (automatic),Fiber optic,No,0,0
C102039,2025-12,9,63.62,567.49,Month-to-month,Electronic check,DSL,Yes,0,0
C102040,2025-12,8,67.19,520.64,Month-to-month,Bank transfer (automatic),DSL,No,0,0
C102041,2023-10,33,79.43,2751.25,One year,Credit card (automatic),Fiber optic,No,0,0
C102042,2024-08,9,19.41,175.85,Month-to-month,Mailed check,No,No,0,0
C102043,2025-01,9,51.03,475.38,Month-to-month,Electronic check,DSL,Yes,0,0
C102044,2024-10,7,76.25,524.19,One year,Mailed check,Fiber optic,No,1,0
C102045,2023-11,26,67.5,1707.87,One year,Mailed check,Fiber optic,Yes,0,0
C102046,2023-07,31,25.79,774.71,Month-to-month,Electronic check,No,No,0,0
C102047,2024-11,13,19.37,258.24,Two year,Bank transfer (automatic),No,No,0,0
C102048,2023-07,31,27.83,902.99,Month-to-month,Electronic check,No,No,0,0
C102049,2025-02,20,67.07,1400.61,One year,Credit card (automatic),Fiber optic,No,0,0
C102050,2025-09,6,18.0,110.24,Month-to-month,Mailed check,No,Yes,0,0
C102051,2021-10,38,78.91,3065.45,One year,Bank transfer (automatic),Fiber optic,No,0,0
C102052,2024-09,7,77.5,529.75,Month-to-month,Credit card (automatic),Fiber optic,No,0,1
C102053,2024-08,14,44.79,619.24,One year,Mailed check,DSL,No,1,0
C102054,2024-11,13,74.21,922.89,Two year,Electronic check,Fiber optic,No,0,0
C102055,2025-01,11,53.56,592.86,One year,Mailed check,DSL,No,0,0
C102056,2025-03,3,36.96,115.96,Month-to-month,Mailed check,No,Yes,0,1
C102057,2020-09,53,57.21,3081.93,One year,Bank transfer (automatic),DSL,Yes,0,0
C102058,2025-08,3,50.35,150.02,Month-to-month,Credit card (automatic),DSL,No,0,1
C102059,2023-05,40,31.61,1239.85,Two year,Bank transfer (automatic),No,No,0,0
C102060,2024-11,8,79.27,633.77,Month-to-month,Credit card (automatic),Fiber optic,No,0,0
C102061,2025-02,10,81.33,800.75,Month-to-month,Electronic check,Fiber optic,Yes,0,0
C102062,2022-01,37,77.98,3007.84,One year,Electronic check,Fiber optic,No,0,0
C102063,2023-12,21,67.47,1446.57,Month-to-month,Electronic check,DSL,No,0,1
C102064,2026-05,5,60.72,296.33,Month-to-month,Bank transfer (automatic),DSL,Yes,0,0
C102065,2025-11,5,70.29,349.19,Month-to-month,Electronic check,Fiber optic,No,0,1
C102066,2024-09,19,29.86,539.7,One year,Electronic check,No,No,0,0
C102067,2025-10,6,68.71,392.55,Month-to-month,Credit card (automatic),Fiber optic,No,1,1
C102068,2024-01,22,57.86,1265.95,Two year,Electronic check,DSL,Yes,0,1
C102069,2024-07,24,47.66,1136.6,One year,Electronic check,DSL,No,1,0
C102070,2024-08,8,85.39,649.77,One year,Mailed check,Fiber optic,Yes,1,0
C102071,2024-08,10,53.25,525.42,Month-to-month,Electronic check,DSL,No,1,0
C102072,2024-06,20,54.74,1069.82,Month-to-month,Electronic check,DSL,No,0,1
C102073,2024-10,8,72.21,564.95,Month-to-month,Electronic check,Fiber optic,No,0,1
C102074,2023-10,16,67.7,1065.52,One year,Electronic check,Fiber optic,No,0,0
C102075,2020-10,63,65.82,4187.28,Two year,Credit card (automatic),Fiber optic,No,0,0
C102076,2024-03,20,54.19,1108.12,One year,Mailed check,DSL,Yes,0,0
C102077,2025-08,12,55.11,654.16,Month-to-month,Bank transfer (automatic),DSL,No,0,0
C102078,2021-01,56,48.04,2819.81,Two year,Bank transfer (automatic),DSL,No,0,0
C102079,2024-03,27,76.84,2091.69,Month-to-month,Bank transfer (automatic),Fiber optic,Yes,0,0
C102080,2026-03,7,51.74,369.18,Month-to-month,Credit card (automatic),DSL,Yes,0,1
C102081,2025-05,8,28.77,229.07,One year,Mailed check,No,No,0,0
C102082,2025-03,3,65.59,205.42,Month-to-month,Electronic check,DSL,Yes,0,0
C102083,2024-09,20,65.56,1316.28,Two year,Electronic check,Fiber optic,Yes,0,0
C102084,2026-05,2,53.18,108.96,Month-to-month,Electronic check,DSL,No,0,1
C102085,2020-09,56,65.07,3651.48,One year,Credit card (automatic),Fiber optic,No,0,0
C102086,2025-05,13,72.97,983.45,Month-to-month,Bank transfer (automatic),Fiber optic,Yes,0,0
C102087,2024-05,28,57.25,1645.45,Month-to-month,Electronic check,DSL,No,1,0
C102088,2025-10,12,71.83,889.98,Month-to-month,Electronic check,Fiber optic,Yes,0,0
C102089,2024-06,19,48.19,875.6,Month-to-month,Credit card (automatic),DSL,Yes,0,0
C102090,2024-11,14,77.17,1088.2,Month-to-month,Mailed check,Fiber optic,Yes,1,1
C102091,2023-09,16,32.8,526.0,Month-to-month,Electronic check,No,Yes,1,0
C102092,2022-07,34,78.68,2645.6,Month-to-month,Credit card (automatic),Fiber optic,Yes,1,0
C102093,2022-04,46,64.57,2904.21,One year,Bank transfer (automatic),Fiber optic,Yes,1,0
C102094,2022-07,43,63.22,2804.79,Month-to-month,Mailed check,DSL,No,0,0
C102095,2019-04,72,72.07,5079.79,Month-to-month,Mailed check,Fiber optic,Yes,0,0
C102096,2025-10,9,68.95,624.73,Month-to-month,Bank transfer (automatic),Fiber optic,Yes,1,1
C102097,2024-06,21,61.15,1283.76,Month-to-month,Electronic check,DSL,Yes,1,0
C102098,2024-08,9,63.01,567.66,Month-to-month,Credit card (automatic),DSL,No,0,0
C102099,2022-10,33,53.11,1828.66,Month-to-month,Bank transfer (automatic),DSL,Yes,0,0
C102100,2024-05,7,45.6,331.75,Two year,Bank transfer (automatic),DSL,No,0,0
C102101,2022-10,35,32.65,1152.93,Month-to-month,Bank transfer (automatic),No,No,1,0
C102102,2024-10,18,47.01,821.04,Month-to-month,Credit card (automatic),DSL,Yes,0,0
C102103,2024-07,15,68.11,989.46,One year,Electronic check,DSL,Yes,0,0
C102104,2024-11,16,46.61,716.61,One year,Electronic check,DSL,No,1,1
C102105,2026-01,6,57.14,341.54,Month-to-month,Bank transfer (automatic),DSL,No,0,0
C102106,2025-04,6,71.04,413.01,One year,Electronic check,Fiber optic,No,0,0
C102107,2025-03,18,47.28,846.35,One year,Bank transfer (automatic),DSL,Yes,1,0
C102108,2024-11,18,44.99,797.61,Two year,Mailed check,DSL,Yes,0,0
C102109,2025-10,9,57.37,492.14,Two year,Electronic check,DSL,Yes,0,0
C102110,2024-02,13,74.2,992.48,One year,Electronic check,Fiber optic,Yes,0,0
C102111,2023-06,22,67.82,1559.24,One year,Bank transfer (automatic),Fiber optic,No,0,0
C102112,2024-05,8,71.64,567.74,Month-to-month,Electronic check,Fiber optic,Yes,0,1
C102113,2024-08,3,47.92,141.08,One year,Electronic check,DSL,Yes,0,0
C102114,2021-08,41,55.89,2188.2,Two year,Mailed check,DSL,Yes,1,0
C102115,2024-09,19,35.53,642.52,Month-to-month,Electronic check,No,No,0,0
C102116,2025-09,11,58.16,648.36,Month-to-month,Bank transfer (automatic),DSL,No,0,0
C102117,2025-07,9,76.52,691.41,Month-to-month,Credit card (automatic),Fiber optic,Yes,1,0
C102118,2024-05,8,58.76,483.46,Month-to-month,Bank transfer (automatic),DSL,Yes,1,0
C102119,2023-04,33,40.71,1349.41,Two year,Bank transfer (automatic),DSL,Yes,0,0
C102120,2024-12,5,76.65,371.5,Month-to-month,Mailed check,Fiber optic,Yes,0,1
C102121,2024-05,21,75.41,1641.09,Two year,Credit card (automatic),Fiber optic,No,0,1
C102122,2023-12,21,56.39,1230.08,Month-to-month,Credit card (automatic),DSL,No,0,0
C102123,2023-05,26,72.32,1933.07,One year,Credit card (automatic),Fiber optic,No,1,0
C102124,2024-01,12,71.18,892.73,Month-to-month,Electronic check,Fiber optic,No,0,1
C102125,2022-09,39,68.58,2775.14,One year,Electronic check,Fiber optic,No,1,0
C102126,2022-09,27,26.86,722.92,Month-to-month,Electronic check,No,No,0,0
C102127,2024-08,11,76.34,868.44,Month-to-month,Electronic check,Fiber optic,Yes,1,1
C102128,2025-03,9,52.09,479.65,Month-to-month,Electronic check,DSL,No,0,1
C102129,2025-06,14,39.66,554.84,Two year,Credit card (automatic),DSL,No,0,0
C102130,2023-12,11,79.79,869.84,Month-to-month,Electronic check,Fiber optic,Yes,0,0
C102131,2024-09,8,58.13,474.19,Month-to-month,Electronic check,DSL,Yes,0,0
C102132,2023-07,16,30.93,473.65,One year,Credit card (automatic),No,No,0,0
C102133,2024-03,13,24.38,322.56,Month-to-month,Credit card (automatic),No,No,0,0
C102134,2022-05,45,47.65,2127.05,Two year,Electronic check,DSL,Yes,1,0
C102135,2024-01,11,31.91,346.86,One year,Electronic check,No,Yes,1,0
C102136,2025-09,9,52.96,475.22,One year,Credit card (automatic),DSL,No,1,0
C102137,2024-03,16,46.41,774.85,Two year,Credit card (automatic),DSL,No,0,0
C102138,2024-06,19,36.6,728.66,One year,Bank transfer (automatic),No,No,1,0
C102139,2024-01,20,63.92,1339.24,Two year,Mailed check,Fiber optic,No,1,0
C102140,2025-02,20,57.09,1158.48,Month-to-month,Bank transfer (automatic),Fiber optic,No,0,1
C102141,2024-05,16,30.52,503.37,Month-to-month,Bank transfer (automatic),No,Yes,0,0
C102142,2024-08,15,53.58,776.91,One year,Electronic check,DSL,Yes,0,0
C102143,2024-08,24,75.35,1813.62,Month-to-month,Mailed check,Fiber optic,Yes,0,0
C102144,2025-08,7,32.41,222.59,Month-to-month,Credit card (automatic),No,No,1,0
C102145,2025-06,9,26.66,232.06,Month-to-month,Bank transfer (automatic),No,No,1,1
C102146,2026-02,4,81.16,331.26,Month-to-month,Electronic check,Fiber optic,No,0,1
C102147,2024-06,7,44.6,296.87,One year,Bank transfer (automatic),DSL,No,0,0
C102148,2022-09,31,29.87,959.81,Month-to-month,Bank transfer (automatic),No,No,0,0
C102149,2023-02,23,51.25,1236.76,Month-to-month,Electronic check,DSL,Yes,0,0
C102150,2022-07,49,33.64,1618.76,Two year,Electronic check,No,Yes,0,0
C102151,2021-07,41,45.83,1809.98,Two year,Electronic check,DSL,No,0,0
C102152,2023-11,23,51.03,1207.75,Two year,Credit card (automatic),DSL,No,0,0
C102153,2024-01,17,55.51,972.06,Month-to-month,Electronic check,DSL,No,1,0
C102154,2023-07,16,70.17,1154.36,Two year,Credit card (automatic),Fiber optic,Yes,0,0
C102155,2026-03,2,50.62,103.32,Month-to-month,Mailed check,DSL,No,0,0
C102156,2023-11,15,71.19,1098.73,Two year,Credit card (automatic),Fiber optic,No,0,0
C102157,2024-05,10,30.17,312.65,Month-to-month,Credit card (automatic),No,Yes,1,0
C102158,2025-08,7,57.06,380.82,Month-to-month,Credit card (automatic),DSL,No,0,0
C102159,2023-12,21,81.45,1794.53,One year,Credit card (automatic),Fiber optic,No,1,1
C102160,2024-05,13,72.7,970.12,One year,Mailed check,Fiber optic,No,0,0
C102161,2025-03,17,69.03,1178.79,Month-to-month,Electronic check,Fiber optic,No,0,1
C102162,2026-03,6,86.77,515.37,Month-to-month,Electronic check,Fiber optic,No,0,1
C102163,2024-05,28,34.67,1018.14,One year,Bank transfer (automatic),No,No,0,0
C102164,2024-05,11,78.92,832.77,Month-to-month,Electronic check,Fiber optic,No,0,1
C102165,2023-12,20,70.9,1456.02,One year,Mailed check,Fiber optic,No,0,0
C102166,2025-02,12,59.44,687.29,Month-to-month,Electronic check,DSL,Yes,0,0
C102167,2025-05,2,59.66,120.03,One year,Bank transfer (automatic),Fiber optic,No,1,0
C102168,2023-10,21,62.08,1299.21,One year,Electronic check,DSL,No,0,0
C102169,2025-01,14,77.38,1040.8,One year,Electronic check,Fiber optic,No,0,0
C102170,2025-06,4,67.94,263.02,Two year,Bank transfer (automatic),Fiber optic,No,0,0
C102171,2024-06,6,80.23,474.71,Month-to-month,Mailed check,Fiber optic,Yes,0,1
C102172,2022-09,28,78.71,2165.32,Month-to-month,Credit card (automatic),Fiber optic,No,0,0
C102173,2026-02,4,68.94,268.45,Month-to-month,Bank transfer (automatic),Fiber optic,Yes,0,1
C102174,2025-05,11,51.67,567.6,Two year,Bank transfer (automatic),DSL,Yes,0,0
C102175,2022-04,51,77.25,3977.15,Month-to-month,Electronic check,Fiber optic,Yes,0,0
C102176,2023-02,22,28.0,629.27,One year,Electronic check,No,No,0,0
C102177,2023-12,26,73.68,1881.79,Month-to-month,Bank transfer (automatic),Fiber optic,Yes,1,1
C102178,2024-10,12,58.21,708.94,One year,Electronic check,DSL,Yes,1,0
C102179,2025-08,3,76.06,230.65,Month-to-month,Credit card (automatic),Fiber optic,No,0,1
C102180,2025-03,18,61.87,1136.32,Two year,Credit card (automatic),DSL,No,0,0
C102181,2025-05,6,71.08,445.94,Month-to-month,Electronic check,Fiber optic,Yes,0,1
C102182,2026-02,6,57.46,358.58,Month-to-month,Bank transfer (automatic),DSL,Yes,0,0
C102183,2024-02,16,66.48,1099.57,One year,Mailed check,Fiber optic,No,0,0
C102184,2025-07,7,31.66,226.29,Two year,Electronic check,No,Yes,1,0
C102185,2025-03,15,48.31,708.81,Month-to-month,Mailed check,DSL,Yes,0,0
C102186,2025-09,9,76.73,666.18,Month-to-month,Bank transfer (automatic),Fiber optic,No,0,0
C102187,2024-07,15,59.88,915.71,One year,Credit card (automatic),DSL,No,0,1
C102188,2025-08,10,55.31,558.03,Month-to-month,Electronic check,DSL,Yes,0,1
C102189,2024-07,15,69.06,1042.84,Month-to-month,Bank transfer (automatic),Fiber optic,No,0,0
C102190,2023-06,39,77.67,3092.05,One year,Electronic check,Fiber optic,No,0,0
C102191,2022-11,26,32.16,846.92,Month-to-month,Electronic check,No,No,0,0
C102192,2025-05,14,52.29,712.34,One year,Bank transfer (automatic),DSL,No,0,0
C102193,2022-04,35,46.99,1712.64,One year,Bank transfer (automatic),DSL,No,0,0
C102194,2023-03,20,62.34,1294.27,One year,Bank transfer (automatic),Fiber optic,Yes,0,0
C102195,2022-04,33,82.51,2621.0,Two year,Credit card (automatic),Fiber optic,Yes,0,0
C102196,2024-10,4,71.56,288.98,Month-to-month,Electronic check,Fiber optic,Yes,0,0
C102197,2024-06,7,69.04,503.08,Month-to-month,Mailed check,Fiber optic,No,0,0
C102198,2024-04,18,31.89,583.63,Month-to-month,Electronic check,No,No,1,0
C102199,2025-07,13,48.89,637.05,Month-to-month,Credit card (automatic),DSL,No,0,1
C102200,2024-02,15,31.79,496.55,One year,Electronic check,No,Yes,0,0
C102201,2023-11,23,36.91,871.94,One year,Electronic check,No,No,1,0
C102202,2024-11,18,44.25,809.03,Two year,Bank transfer (automatic),DSL,No,0,0
C102203,2022-10,28,53.21,1479.8,Month-to-month,Mailed check,DSL,Yes,0,0
C102204,2023-09,27,77.59,2152.78,Month-to-month,Bank transfer (automatic),Fiber optic,No,0,1
C102205,2024-08,7,67.69,491.4,Month-to-month,Credit card (automatic),Fiber optic,Yes,0,1
C102206,2026-01,2,49.53,95.73,Month-to-month,Mailed check,DSL,No,0,1
C102207,2024-07,6,74.3,454.58,Month-to-month,Mailed check,Fiber optic,No,0,0
C102208,2024-06,6,83.76,512.51,One year,Credit card (automatic),Fiber optic,No,0,0
C102209,2025-05,16,22.48,346.97,Two year,Bank transfer (automatic),No,No,0,0
C102210,2023-07,16,27.1,448.68,One year,Electronic check,No,Yes,0,0
C102211,2024-11,13,43.68,588.6,One year,Credit card (automatic),No,No,0,0
C102212,2024-12,21,79.77,1614.06,Month-to-month,Mailed check,Fiber optic,Yes,0,0
C102213,2021-02,66,58.83,3972.84,Two year,Bank transfer (automatic),Fiber optic,No,0,0
C102214,2025-01,13,51.4,650.52,One year,Bank transfer (automatic),DSL,No,0,0
C102215,2025-02,18,72.51,1270.09,Two year,Electronic check,Fiber optic,Yes,0,0
C102216,2024-01,15,37.48,541.19,One year,Credit card (automatic),No,No,0,0
C102217,2024-12,9,38.36,351.7,Month-to-month,Electronic check,No,Yes,0,0
C102218,2024-05,23,78.36,1875.74,Month-to-month,Credit card (automatic),Fiber optic,No,0,0
C102219,2023-11,12,59.3,716.89,Month-to-month,Credit card (automatic),DSL,Yes,0,0
C102220,2025-03,8,42.81,334.21,Two year,Credit card (automatic),DSL,No,0,0
C102221,2024-08,8,67.84,525.85,One year,Electronic check,Fiber optic,Yes,1,0
C102222,2023-10,28,42.82,1159.08,Two year,Mailed check,DSL,Yes,0,0
C102223,2023-12,22,56.78,1212.3,Two year,Electronic check,DSL,No,0,0
C102224,2024-12,10,32.26,324.32,Month-to-month,Mailed check,No,Yes,0,0
C102225,2023-06,20,53.44,1121.7,One year,Mailed check,DSL,No,1,0
C102226,2024-01,15,81.26,1271.89,One year,Bank transfer (automatic),Fiber optic,No,1,0
C102227,2024-01,18,58.23,1005.58,Month-to-month,Mailed check,DSL,Yes,1,0
C102228,2025-10,9,61.83,539.87,Month-to-month,Credit card (automatic),DSL,Yes,0,1
C102229,2026-02,6,59.54,363.72,Month-to-month,Electronic check,DSL,No,0,1
C102230,2025-09,12,57.92,708.22,One year,Mailed check,DSL,No,0,0
C102231,2024-12,7,68.74,467.24,Month-to-month,Bank transfer (automatic),Fiber optic,Yes,0,0
C102232,2024-07,7,77.85,569.82,One year,Electronic check,Fiber optic,Yes,0,0
C102233,2026-04,5,71.84,362.32,Two year,Bank transfer (automatic),Fiber optic,No,0,0
C102234,2025-06,2,25.15,50.45,Two year,Bank transfer (automatic),No,No,0,0
C102235,2025-04,10,79.11,816.64,Month-to-month,Bank transfer (automatic),Fiber optic,No,0,1
C102236,2022-04,32,82.72,2614.02,Month-to-month,Bank transfer (automatic),Fiber optic,Yes,0,0
C102237,2023-11,27,71.41,1969.42,One year,Credit card (automatic),Fiber optic,Yes,0,0
C102238,2021-10,43,67.5,3023.92,One year,Credit card (automatic),Fiber optic,No,0,0
C102239,2024-04,7,50.78,371.43,Month-to-month,Electronic check,DSL,Yes,0,1
C102240,2024-02,24,19.23,440.28,Two year,Mailed check,No,No,0,0
C102241,2025-05,14,73.99,991.61,Month-to-month,Credit card (automatic),Fiber optic,Yes,0,0
C102242,2024-04,8,78.54,641.41,Month-to-month,Electronic check,Fiber optic,No,0,1
C102243,2022-08,30,79.4,2263.96,Two year,Mailed check,Fiber optic,No,0,0
C102244,2025-03,14,25.17,358.13,Month-to-month,Bank transfer (automatic),No,No,0,0
C102245,2025-12,3,71.16,220.36,Two year,Electronic check,Fiber optic,Yes,0,0
C102246,2023-06,27,75.14,1945.58,Month-to-month,Mailed check,Fiber optic,Yes,0,0
C102247,2024-03,20,74.95,1427.57,Month-to-month,Bank transfer (automatic),Fiber optic,No,0,1
C102248,2024-07,16,65.82,1054.02,Month-to-month,Electronic check,Fiber optic,No,0,1
C102249,2024-07,6,48.93,307.89,Month-to-month,Electronic check,DSL,No,0,1
C102250,2023-08,18,40.89,738.59,Month-to-month,Credit card (automatic),No,No,0,0
C102251,2022-09,39,33.66,1375.12,Two year,Credit card (automatic),No,Yes,0,0
C102252,2023-10,19,52.3,1013.74,Two year,Bank transfer (automatic),DSL,Yes,1,0
C102253,2025-02,4,57.77,226.51,Month-to-month,Mailed check,DSL,No,0,0
C102254,2024-03,20,34.46,671.39,Month-to-month,Electronic check,No,No,0,0
C102255,2023-06,19,50.11,962.17,One year,Credit card (automatic),DSL,No,0,0
C102256,2023-04,25,50.36,1237.92,One year,Electronic check,DSL,No,0,0
C102257,2024-11,19,51.3,949.23,Month-to-month,Credit card (automatic),DSL,Yes,1,0
C102258,2025-07,7,56.01,387.93,Month-to-month,Bank transfer (automatic),DSL,No,0,1
C102259,2024-11,16,68.1,1093.16,Month-to-month,Electronic check,Fiber optic,Yes,0,0
C102260,2023-12,12,71.02,888.33,Month-to-month,Bank transfer (automatic),Fiber optic,No,0,1
C102261,2024-03,17,78.04,1387.13,Month-to-month,Credit card (automatic),Fiber optic,Yes,0,0
C102262,2024-04,30,50.68,1555.42,One year,Credit card (automatic),DSL,Yes,0,0
C102263,2025-05,9,64.5,565.51,Month-to-month,Bank transfer (automatic),Fiber optic,No,0,0
C102264,2021-07,47,50.52,2365.13,One year,Electronic check,DSL,No,0,0
C102265,2024-04,20,75.27,1444.9,One year,Bank transfer (automatic),Fiber optic,No,0,0
C102266,2023-04,27,75.7,2058.3,Month-to-month,Bank transfer (automatic),Fiber optic,No,0,1
C102267,2023-05,24,18.0,438.08,Two year,Bank transfer (automatic),No,No,0,0
C102268,2024-12,20,34.99,692.63,One year,Electronic check,No,No,0,0
C102269,2023-04,22,67.52,1443.65,Two year,Credit card (automatic),Fiber optic,No,0,1
C102270,2025-05,1,77.03,80.78,Month-to-month,Mailed check,Fiber optic,Yes,0,1
C102271,2024-01,24,81.27,1860.68,Month-to-month,Electronic check,Fiber optic,Yes,0,1
C102272,2025-04,7,74.26,531.85,Month-to-month,Electronic check,Fiber optic,Yes,0,0
C102273,2025-02,14,60.55,863.6,One year,Electronic check,Fiber optic,No,0,0
C102274,2024-01,19,39.33,751.81,One year,Mailed check,No,Yes,0,0
C102275,2022-10,31,18.0,540.54,Month-to-month,Electronic check,No,Yes,0,0
C102276,2025-03,7,73.0,529.1,Month-to-month,Mailed check,Fiber optic,Yes,0,0
C102277,2024-09,11,82.77,920.52,Month-to-month,Electronic check,Fiber optic,Yes,0,1
C102278,2024-04,12,70.82,864.98,Month-to-month,Electronic check,Fiber optic,No,0,1
C102279,2023-12,17,51.17,888.07,Month-to-month,Electronic check,DSL,Yes,0,0
C102280,2024-04,12,73.7,850.82,Month-to-month,Mailed check,Fiber optic,No,0,0
C102281,2023-02,22,26.52,581.47,Two year,Mailed check,No,No,0,0
C102282,2025-03,3,24.84,76.68,Month-to-month,Mailed check,No,No,0,1
C102283,2025-03,14,26.18,362.78,Month-to-month,Bank transfer (automatic),No,Yes,0,0
C102284,2022-10,42,78.45,3371.15,One year,Mailed check,Fiber optic,No,0,0
C102285,2024-04,12,71.81,851.02,Month-to-month,Bank transfer (automatic),Fiber optic,No,0,0
C102286,2024-12,20,75.01,1545.74,One year,Electronic check,Fiber optic,Yes,1,0
C102287,2023-12,28,69.52,2013.83,Month-to-month,Mailed check,Fiber optic,Yes,0,0
C102288,2023-07,20,58.91,1217.51,Two year,Electronic check,DSL,Yes,0,0
C102289,2022-03,50,74.63,3788.64,Two year,Mailed check,Fiber optic,No,0,0
C102290,2024-01,16,52.26,836.53,One year,Bank transfer (automatic),DSL,Yes,0,0
C102291,2023-06,23,72.85,1734.97,Two year,Bank transfer (automatic),Fiber optic,No,1,0
C102292,2024-07,18,37.93,674.5,One year,Bank transfer (automatic),No,No,0,0
C102293,2023-04,36,62.99,2372.47,Two year,Mailed check,Fiber optic,Yes,0,0
C102294,2025-03,11,48.66,552.98,Month-to-month,Electronic check,DSL,Yes,0,0
C102295,2022-05,53,71.24,3688.45,Two year,Credit card (automatic),Fiber optic,No,0,0
C102296,2024-12,9,67.24,597.64,Month-to-month,Electronic check,Fiber optic,Yes,0,0
C102297,2022-04,44,62.69,2867.57,One year,Electronic check,Fiber optic,Yes,0,0
C102298,2025-12,7,40.98,279.76,Two year,Electronic check,DSL,No,1,0
C102299,2024-03,23,75.89,1672.53,Month-to-month,Credit card (automatic),Fiber optic,Yes,0,0
C102300,2025-05,15,18.0,258.61,Month-to-month,Credit card (automatic),No,Yes,0,0
C102301,2024-06,28,52.58,1526.2,Month-to-month,Electronic check,DSL,No,1,0
C102302,2023-11,20,54.42,1074.37,Month-to-month,Electronic check,Fiber optic,No,0,0
C102303,2023-11,27,32.63,855.56,Month-to-month,Bank transfer (automatic),No,Yes,0,1
C102304,2025-12,6,78.03,457.28,Month-to-month,Electronic check,Fiber optic,No,0,1
C102305,2025-10,4,28.73,115.99,Month-to-month,Electronic check,No,No,1,1
C102306,2024-09,6,79.09,470.69,One year,Mailed check,Fiber optic,Yes,0,0
C102307,2025-05,5,79.77,384.59,Month-to-month,Mailed check,Fiber optic,No,0,1
C102308,2024-11,6,67.25,403.17,One year,Mailed check,Fiber optic,No,1,0
C102309,2025-01,10,49.74,505.04,Month-to-month,Bank transfer (automatic),DSL,No,0,1
C102310,2024-05,9,58.1,517.4,One year,Bank transfer (automatic),DSL,Yes,0,0
C102311,2025-04,15,73.11,1109.46,Two year,Bank transfer (automatic),Fiber optic,Yes,0,0
C102312,2024-03,8,48.99,399.84,Two year,Electronic check,DSL,No,0,0
C102313,2024-10,8,44.44,360.87,Month-to-month,Electronic check,DSL,No,0,0
C102314,2025-02,13,34.38,430.96,One year,Credit card (automatic),No,No,0,0
C102315,2022-07,30,51.0,1520.26,Two year,Electronic check,DSL,No,0,0
C102316,2024-10,11,54.65,625.75,Month-to-month,Mailed check,DSL,No,1,1
C102317,2023-12,15,57.97,839.87,Month-to-month,Electronic check,Fiber optic,Yes,0,1
C102318,2024-09,16,56.0,929.6,One year,Electronic check,DSL,No,0,0
C102319,2025-12,7,71.63,498.73,One year,Mailed check,Fiber optic,No,0,0
C102320,2024-11,12,51.76,627.53,Month-to-month,Electronic check,DSL,Yes,0,0
C102321,2024-12,9,69.98,618.16,Month-to-month,Bank transfer (automatic),Fiber optic,Yes,0,0
C102322,2024-04,28,69.67,1995.06,Two year,Mailed check,Fiber optic,Yes,0,0
C102323,2024-03,27,74.81,1955.05,One year,Bank transfer (automatic),Fiber optic,Yes,0,0
C102324,2025-09,8,52.71,432.76,Month-to-month,Bank transfer (automatic),DSL,Yes,0,0
C102325,2024-11,14,75.36,1017.36,One year,Electronic check,Fiber optic,Yes,0,0
C102326,2024-07,23,45.89,1020.89,One year,Credit card (automatic),DSL,No,0,0
C102327,2023-06,19,71.09,1284.33,Month-to-month,Credit card (automatic),Fiber optic,No,0,0
C102328,2023-10,20,56.92,1179.75,One year,Electronic check,DSL,Yes,0,0
C102329,2026-01,7,52.57,380.66,Month-to-month,Bank transfer (automatic),DSL,No,1,0
C102330,2022-08,43,60.9,2590.14,Two year,Bank transfer (automatic),DSL,Yes,0,0
C102331,2024-03,9,54.46,465.79,One year,Bank transfer (automatic),DSL,No,0,0
C102332,2024-06,9,45.79,429.96,One year,Electronic check,DSL,No,0,0
C102333,2025-09,5,45.59,220.46,Month-to-month,Electronic check,DSL,No,1,1
C102334,2025-03,13,34.71,435.4,Month-to-month,Electronic check,No,No,0,1
C102335,2022-12,32,68.36,2124.34,One year,Electronic check,Fiber optic,No,0,0
C102336,2023-10,19,80.5,1492.37,Month-to-month,Mailed check,Fiber optic,Yes,1,0
C102337,2024-09,14,49.56,723.77,One year,Credit card (automatic),DSL,Yes,0,0
C102338,2023-09,25,56.45,1429.32,Month-to-month,Mailed check,DSL,Yes,0,0
C102339,2023-01,32,26.79,843.66,One year,Mailed check,No,No,0,0
C102340,2023-05,27,54.33,1505.62,One year,Electronic check,DSL,No,0,0
C102341,2025-04,3,34.38,105.96,Month-to-month,Mailed check,No,No,0,1
C102342,2024-01,26,75.11,1903.33,Month-to-month,Bank transfer (automatic),Fiber optic,No,0,0
C102343,2024-11,21,78.97,1604.37,Month-to-month,Credit card (automatic),Fiber optic,No,0,0
C102344,2024-11,8,64.81,500.47,Month-to-month,Mailed check,Fiber optic,No,0,1
C102345,2024-09,21,77.49,1603.93,Month-to-month,Mailed check,Fiber optic,No,0,1
C102346,2022-11,32,27.74,845.8,Two year,Electronic check,No,No,0,0
C102347,2024-06,10,70.43,700.14,One year,Credit card (automatic),Fiber optic,No,1,0
C102348,2022-12,28,36.25,984.67,Two year,Electronic check,DSL,No,0,0
C102349,2023-09,19,64.99,1267.82,Month-to-month,Electronic check,Fiber optic,Yes,1,0
C102350,2025-09,1,56.36,55.4,Month-to-month,Mailed check,DSL,No,0,1
C102351,2024-06,15,74.12,1128.59,One year,Electronic check,Fiber optic,Yes,1,0
C102352,2023-09,19,74.46,1440.54,One year,Electronic check,Fiber optic,Yes,1,0
C102353,2023-12,12,54.96,679.01,Month-to-month,Credit card (automatic),DSL,No,1,0
C102354,2023-03,20,20.41,407.19,Two year,Electronic check,No,No,0,0
C102355,2025-07,14,22.63,313.65,One year,Electronic check,No,No,0,0
C102356,2021-03,60,37.95,2221.71,Two year,Electronic check,DSL,Yes,0,0
C102357,2024-02,11,51.35,537.15,Two year,Electronic check,DSL,Yes,0,0
C102358,2024-11,8,86.43,667.76,Month-to-month,Credit card (automatic),Fiber optic,Yes,0,1
C102359,2023-09,27,50.05,1313.79,Two year,Bank transfer (automatic),DSL,Yes,0,0
C102360,2024-07,13,48.24,637.05,One year,Credit card (automatic),DSL,Yes,0,0
C102361,2023-11,14,30.15,434.38,Month-to-month,Credit card (automatic),No,Yes,0,0
C102362,2024-03,13,49.79,644.6,Two year,Bank transfer (automatic),DSL,Yes,0,0
C102363,2023-09,26,40.18,1078.29,Two year,Bank transfer (automatic),DSL,Yes,0,0
C102364,2024-11,6,73.52,435.55,One year,Mailed check,Fiber optic,Yes,1,0
C102365,2022-12,28,54.35,1545.28,Month-to-month,Bank transfer (automatic),DSL,No,0,0
C102366,2023-08,22,28.98,641.21,Month-to-month,Bank transfer (automatic),No,No,0,0
C102367,2020-12,47,39.53,1792.92,Two year,Bank transfer (automatic),No,No,0,0
C102368,2024-06,18,74.39,1333.95,Month-to-month,Mailed check,Fiber optic,Yes,0,0
C102369,2024-07,7,65.94,483.17,Month-to-month,Bank transfer (automatic),DSL,Yes,0,1
C102370,2024-12,18,25.04,434.94,Month-to-month,Electronic check,No,No,0,1
C102371,2025-01,19,65.94,1241.05,Month-to-month,Bank transfer (automatic),Fiber optic,No,0,1
C102372,2023-08,34,67.14,2244.51,One year,Mailed check,Fiber optic,No,0,0
C102373,2024-09,7,82.04,588.42,Month-to-month,Mailed check,Fiber optic,No,0,0
C102374,2026-02,4,70.45,268.8,Month-to-month,Mailed check,Fiber optic,No,0,0
C102375,2024-05,18,44.24,792.58,One year,Bank transfer (automatic),DSL,No,0,1
C102376,2022-01,49,77.04,3686.06,Month-to-month,Bank transfer (automatic),Fiber optic,No,0,0
C102377,2024-04,24,72.7,1709.52,Month-to-month,Electronic check,Fiber optic,Yes,0,0
C102378,2024-05,25,75.45,1868.76,One year,Mailed check,Fiber optic,Yes,0,0
C102379,2024-12,5,70.97,347.46,Month-to-month,Electronic check,Fiber optic,No,0,0
C102380,2024-02,16,69.46,1118.89,Month-to-month,Electronic check,Fiber optic,Yes,0,1
C102381,2023-01,35,81.96,2807.55,One year,Electronic check,Fiber optic,Yes,0,0
C102382,2023-11,19,70.0,1385.51,Month-to-month,Bank transfer (automatic),Fiber optic,No,0,1
C102383,2025-04,4,49.99,198.91,Month-to-month,Bank transfer (automatic),DSL,No,1,0
C102384,2025-03,16,77.77,1201.4,Month-to-month,Electronic check,Fiber optic,No,0,1
C102385,2023-05,23,18.0,405.27,One year,Credit card (automatic),No,Yes,0,0
C102386,2024-12,14,57.2,824.61,One year,Mailed check,DSL,No,0,0
C102387,2024-08,7,40.73,273.96,Month-to-month,Bank transfer (automatic),No,Yes,0,0
C102388,2024-06,28,33.99,940.27,One year,Mailed check,No,No,0,0
C102389,2024-12,11,65.75,755.71,One year,Bank transfer (automatic),Fiber optic,Yes,0,0
C102390,2023-03,21,50.66,1010.79,Month-to-month,Mailed check,DSL,No,0,0
C102391,2024-09,15,72.39,1137.02,One year,Electronic check,Fiber optic,No,0,0
C102392,2024-04,11,74.19,804.59,One year,Electronic check,Fiber optic,Yes,0,0
C102393,2021-09,52,64.68,3266.18,Month-to-month,Bank transfer (automatic),DSL,No,0,1
C102394,2024-08,10,60.01,619.63,Two year,Credit card (automatic),DSL,No,0,0
C102395,2024-02,16,73.71,1175.74,Month-to-month,Bank transfer (automatic),Fiber optic,Yes,0,0
C102396,2025-02,15,68.81,991.45,One year,Bank transfer (automatic),Fiber optic,No,0,0
C102397,2023-06,18,64.31,1176.89,Two year,Electronic check,Fiber optic,Yes,0,0
C102398,2022-01,50,72.87,3744.8,Two year,Bank transfer (automatic),Fiber optic,No,1,0
C102399,2024-05,23,78.48,1796.19,One year,Credit card (automatic),Fiber optic,Yes,0,0
C102400,2025-07,11,75.41,847.3,Month-to-month,Mailed check,Fiber optic,No,0,1
C102401,2022-12,40,71.99,2766.47,One year,Mailed check,Fiber optic,No,0,0
C102402,2022-09,26,67.68,1677.3,Month-to-month,Electronic check,DSL,Yes,0,0
C102403,2024-08,11,76.08,813.36,One year,Electronic check,Fiber optic,Yes,1,0
C102404,2022-08,36,42.68,1610.36,Month-to-month,Electronic check,DSL,No,0,0
C102405,2025-07,5,71.79,347.3,One year,Bank transfer (automatic),Fiber optic,Yes,0,0
C102406,2025-11,6,76.21,476.45,Month-to-month,Bank transfer (automatic),Fiber optic,No,0,0
C102407,2026-06,3,73.38,215.67,Month-to-month,Electronic check,Fiber optic,No,1,1
C102408,2025-03,2,82.57,165.0,Month-to-month,Credit card (automatic),Fiber optic,Yes,0,0
C102409,2023-11,34,50.82,1763.16,One year,Credit card (automatic),DSL,No,1,0
C102410,2024-12,18,49.09,854.45,Month-to-month,Bank transfer (automatic),DSL,No,0,0
C102411,2025-04,4,50.74,196.86,Month-to-month,Credit card (automatic),DSL,No,0,0
C102412,2024-08,15,73.05,1068.69,Two year,Credit card (automatic),Fiber optic,Yes,0,0
C102413,2023-08,29,60.87,1761.18,Two year,Electronic check,Fiber optic,No,1,0
C102414,2024-11,8,49.84,392.58,One year,Credit card (automatic),DSL,Yes,0,0
C102415,2024-08,12,80.08,921.17,Month-to-month,Mailed check,Fiber optic,No,1,0
C102416,2021-09,54,44.64,2354.45,One year,Electronic check,DSL,Yes,0,0
C102417,2024-03,13,65.78,883.14,One year,Electronic check,Fiber optic,Yes,0,0
C102418,2024-07,4,64.83,259.75,Month-to-month,Bank transfer (automatic),Fiber optic,No,0,1
C102419,2025-04,10,49.63,518.51,Month-to-month,Credit card (automatic),DSL,Yes,0,0
C102420,2024-11,4,47.47,185.65,Two year,Mailed check,DSL,Yes,0,0
C102421,2023-08,25,73.58,1795.72,Month-to-month,Bank transfer (automatic),Fiber optic,Yes,0,0
C102422,2025-03,7,63.5,441.2,Two year,Electronic check,Fiber optic,No,0,0
C102423,2025-05,7,72.71,487.56,Month-to-month,Credit card (automatic),Fiber optic,No,0,0
C102424,2020-10,57,80.88,4525.45,Month-to-month,Electronic check,Fiber optic,No,0,0
C102425,2024-06,6,57.0,337.23,Month-to-month,Bank transfer (automatic),DSL,Yes,1,1
C102426,2026-02,5,40.41,204.51,Two year,Bank transfer (automatic),No,No,0,1
C102427,2024-05,6,70.96,410.52,Month-to-month,Electronic check,Fiber optic,No,1,1
C102428,2024-01,29,66.3,1997.43,Two year,Credit card (automatic),Fiber optic,Yes,0,0
C102429,2023-08,22,75.93,1733.31,Month-to-month,Credit card (automatic),Fiber optic,No,0,0
C102430,2024-10,10,68.91,691.15,One year,Mailed check,Fiber optic,Yes,0,0
C102431,2025-04,9,74.84,668.23,Month-to-month,Bank transfer (automatic),Fiber optic,Yes,0,0
C102432,2023-08,21,41.29,884.31,One year,Credit card (automatic),DSL,Yes,0,0
C102433,2023-06,18,66.78,1166.45,Two year,Electronic check,Fiber optic,No,1,0
C102434,2024-01,14,55.87,787.18,Two year,Electronic check,DSL,Yes,0,0
C102435,2024-03,23,83.42,1877.82,One year,Bank transfer (automatic),Fiber optic,No,0,0
C102436,2025-07,6,38.69,241.96,Month-to-month,Bank transfer (automatic),No,Yes,0,0
C102437,2025-02,8,53.56,427.64,One year,Bank transfer (automatic),DSL,Yes,0,0
C102438,2024-05,24,77.89,1870.49,Month-to-month,Bank transfer (automatic),Fiber optic,Yes,0,1
C102439,2023-05,19,70.98,1384.03,Two year,Bank transfer (automatic),Fiber optic,Yes,0,0
C102440,2025-06,16,71.67,1179.32,Month-to-month,Electronic check,Fiber optic,Yes,0,0
C102441,2020-12,56,49.25,2685.0,Month-to-month,Electronic check,DSL,Yes,1,1
C102442,2024-01,27,76.49,2087.87,Month-to-month,Electronic check,Fiber optic,Yes,0,0
C102443,2025-03,10,74.34,770.6,Month-to-month,Mailed check,Fiber optic,No,0,0
C102444,2025-11,8,35.04,277.88,Month-to-month,Bank transfer (automatic),No,Yes,1,0
C102445,2025-02,20,54.72,1051.84,Two year,Credit card (automatic),Fiber optic,Yes,0,0
C102446,2022-10,34,70.96,2501.54,One year,Mailed check,Fiber optic,No,1,0
C102447,2025-01,3,62.26,194.17,Month-to-month,Bank transfer (automatic),DSL,No,0,0
C102448,2025-01,19,56.26,1031.86,One year,Electronic check,DSL,Yes,0,0
C102449,2025-08,12,66.1,770.59,One year,Mailed check,Fiber optic,No,1,0
C102450,2024-11,18,61.15,1071.99,Two year,Credit card (automatic),Fiber optic,No,0,0
C102451,2026-04,4,29.72,122.86,Month-to-month,Electronic check,No,No,0,0
C102452,2023-02,34,73.71,2620.36,Two year,Bank transfer (automatic),Fiber optic,No,1,0
C102453,2023-01,40,58.1,2299.58,Month-to-month,Electronic check,DSL,No,0,1
C102454,2023-10,25,53.49,1395.33,One year,Electronic check,DSL,Yes,1,0
C102455,2021-09,46,72.85,3190.46,Two year,Bank transfer (automatic),Fiber optic,No,0,0
C102456,2025-04,11,56.54,615.5,Month-to-month,Bank transfer (automatic),DSL,Yes,0,0
C102457,2023-06,19,58.6,1070.66,Month-to-month,Bank transfer (automatic),DSL,No,0,1
C102458,2023-09,25,58.42,1531.4,One year,Credit card (automatic),DSL,Yes,0,0
C102459,2025-02,20,72.33,1402.69,Month-to-month,Credit card (automatic),Fiber optic,No,0,0
C102460,2024-11,13,49.69,674.02,Month-to-month,Bank transfer (automatic),DSL,No,0,0
C102461,2024-04,14,34.37,494.49,Month-to-month,Electronic check,No,No,0,0
C102462,2022-10,38,24.54,968.96,Two year,Mailed check,No,Yes,0,0
C102463,2024-07,15,43.32,650.33,Month-to-month,Bank transfer (automatic),DSL,No,0,1
C102464,2022-08,33,80.56,2661.63,One year,Bank transfer (automatic),Fiber optic,No,1,0
C102465,2024-05,15,70.52,1020.52,Two year,Mailed check,Fiber optic,Yes,0,0
C102466,2023-10,33,28.86,916.65,Two year,Mailed check,No,Yes,0,0
C102467,2024-02,16,70.89,1152.48,One year,Electronic check,Fiber optic,No,1,0
C102468,2024-07,24,57.82,1356.39,One year,Electronic check,DSL,No,1,0
C102469,2024-10,9,47.3,424.62,Month-to-month,Mailed check,DSL,Yes,0,0
C102470,2023-11,19,30.02,548.86,Month-to-month,Credit card (automatic),No,Yes,1,0
C102471,2024-06,9,31.69,287.76,Month-to-month,Bank transfer (automatic),No,No,1,0
C102472,2023-12,11,78.31,825.04,Month-to-month,Credit card (automatic),Fiber optic,No,0,0
C102473,2025-08,12,64.75,751.68,Month-to-month,Bank transfer (automatic),Fiber optic,Yes,0,0
C102474,2023-09,14,75.56,1020.49,One year,Electronic check,Fiber optic,No,0,0
C102475,2023-11,30,72.49,2095.89,Month-to-month,Bank transfer (automatic),Fiber optic,No,0,0
C102476,2025-11,11,71.09,791.78,Month-to-month,Credit card (automatic),Fiber optic,Yes,0,1
C102477,2023-09,17,41.23,668.43,Two year,Bank transfer (automatic),DSL,Yes,0,0
C102478,2022-04,33,68.4,2296.32,Month-to-month,Mailed check,DSL,Yes,0,0
C102479,2024-10,23,71.23,1666.76,One year,Bank transfer (automatic),Fiber optic,No,0,0
C102480,2025-09,3,76.47,222.51,Month-to-month,Electronic check,Fiber optic,No,1,1
C102481,2024-07,4,23.69,94.5,Month-to-month,Electronic check,No,No,1,1
C102482,2023-08,21,20.82,423.06,Month-to-month,Electronic check,No,No,0,0
C102483,2025-02,10,59.89,586.81,Month-to-month,Mailed check,DSL,Yes,0,0
C102484,2024-12,4,20.7,85.1,One year,Credit card (automatic),No,Yes,1,0
C102485,2025-04,10,82.82,828.74,Month-to-month,Electronic check,Fiber optic,Yes,0,0
C102486,2024-07,21,85.8,1885.53,Month-to-month,Electronic check,Fiber optic,No,0,1
C102487,2024-12,12,50.35,630.68,Month-to-month,Bank transfer (automatic),DSL,No,0,0
C102488,2023-10,16,69.23,1076.3,One year,Credit card (automatic),Fiber optic,No,0,0
C102489,2025-03,13,18.0,241.33,Month-to-month,Mailed check,No,No,1,0
C102490,2024-11,9,64.54,571.69,Month-to-month,Mailed check,Fiber optic,Yes,1,1
C102491,2023-09,18,75.79,1348.32,One year,Mailed check,Fiber optic,No,0,0
C102492,2026-07,3,62.53,189.38,Month-to-month,Bank transfer (automatic),DSL,No,0,1
C102493,2024-12,8,48.11,385.04,One year,Credit card (automatic),DSL,No,0,0
C102494,2022-10,27,71.22,2006.67,Month-to-month,Electronic check,Fiber optic,No,0,0
C102495,2025-12,4,62.51,260.18,One year,Credit card (automatic),Fiber optic,No,0,0
C102496,2025-04,15,22.02,328.58,One year,Bank transfer (automatic),No,No,0,0
C102497,2024-05,11,82.97,942.49,Month-to-month,Bank transfer (automatic),Fiber optic,No,0,1
C102498,2025-04,10,56.86,592.13,Month-to-month,Electronic check,DSL,No,0,0
C102499,2023-01,28,42.03,1203.18,One year,Credit card (automatic),DSL,No,0,0
C102500,2023-03,32,58.4,1905.79,Month-to-month,Mailed check,DSL,Yes,0,0
C102501,2025-02,6,64.83,391.48,Two year,Mailed check,DSL,No,0,0
C102502,2024-12,14,48.24,688.34,Two year,Mailed check,DSL,No,0,0
C102503,2025-09,3,71.0,205.51,Month-to-month,Electronic check,Fiber optic,No,0,1
C102504,2024-06,27,75.49,1978.32,One year,Electronic check,Fiber optic,Yes,1,0
C102505,2023-11,15,33.64,497.93,Two year,Electronic check,No,Yes,0,0
C102506,2025-10,4,32.53,135.89,Two year,Electronic check,No,Yes,0,0
C102507,2025-10,8,53.1,416.25,Month-to-month,Mailed check,DSL,No,0,0
C102508,2026-03,6,72.48,418.73,Month-to-month,Bank transfer (automatic),Fiber optic,Yes,1,0
C102509,2024-05,8,44.65,355.88,Month-to-month,Bank transfer (automatic),DSL,No,1,0
C102510,2025-02,3,47.62,140.56,Month-to-month,Bank transfer (automatic),DSL,Yes,0,0
C102511,2022-06,38,52.76,2103.22,Two year,Electronic check,DSL,No,0,0
C102512,2025-03,7,51.79,358.44,Month-to-month,Mailed check,DSL,No,0,0
C102513,2023-09,15,73.48,1109.16,One year,Bank transfer (automatic),Fiber optic,No,0,0
C102514,2023-08,21,73.57,1616.89,Month-to-month,Bank transfer (automatic),Fiber optic,No,1,1
C102515,2022-04,32,72.37,2406.4,One year,Electronic check,Fiber optic,Yes,1,0
C102516,2024-06,16,72.12,1200.39,One year,Credit card (automatic),Fiber optic,Yes,0,0
C102517,2025-07,13,79.48,1063.43,Month-to-month,Bank transfer (automatic),Fiber optic,No,0,0
C102518,2024-12,16,80.09,1263.8,Month-to-month,Credit card (automatic),Fiber optic,No,0,0
C102519,2025-08,6,29.9,184.31,Month-to-month,Bank transfer (automatic),No,Yes,1,0
C102520,2024-06,7,70.77,500.27,One year,Mailed check,Fiber optic,Yes,0,0
C102521,2024-07,12,74.78,885.06,Month-to-month,Credit card (automatic),Fiber optic,No,0,0
C102522,2026-04,2,70.3,141.04,Month-to-month,Credit card (automatic),Fiber optic,No,1,1
C102523,2025-10,9,81.52,760.43,Month-to-month,Credit card (automatic),Fiber optic,No,0,1
C102524,2025-01,11,49.43,520.11,One year,Credit card (automatic),DSL,Yes,0,0
C102525,2021-06,51,26.64,1412.81,Two year,Credit card (automatic),No,No,0,0
C102526,2023-01,35,31.06,1109.94,Month-to-month,Bank transfer (automatic),No,No,0,1
C102527,2024-05,21,31.86,657.48,Month-to-month,Electronic check,No,No,0,0
C102528,2023-04,28,56.61,1569.62,Month-to-month,Mailed check,DSL,Yes,0,0
C102529,2024-04,7,51.98,361.39,One year,Bank transfer (automatic),DSL,Yes,1,0
C102530,2023-08,17,62.67,1058.26,One year,Bank transfer (automatic),DSL,Yes,0,0
C102531,2024-05,25,28.05,667.63,Two year,Mailed check,No,Yes,0,0
C102532,2024-09,7,73.49,498.02,Month-to-month,Mailed check,Fiber optic,No,0,1
C102533,2026-04,4,82.79,329.03,One year,Credit card (automatic),Fiber optic,No,0,0
C102534,2025-02,19,22.93,417.84,Two year,Mailed check,No,No,0,0
C102535,2025-07,5,65.77,317.02,Month-to-month,Electronic check,DSL,No,1,0
C102536,2024-06,22,63.03,1446.09,Month-to-month,Bank transfer (automatic),Fiber optic,Yes,1,1
C102537,2023-09,32,72.59,2338.23,Month-to-month,Mailed check,Fiber optic,No,0,0
C102538,2025-01,7,44.98,327.59,Month-to-month,Electronic check,DSL,No,0,0
C102539,2024-08,7,63.83,453.5,One year,Bank transfer (automatic),Fiber optic,No,0,0
C102540,2023-03,31,74.72,2282.97,One year,Credit card (automatic),Fiber optic,No,0,0
C102541,2025-06,16,76.71,1265.57,Month-to-month,Electronic check,Fiber optic,Yes,0,0
C102542,2022-07,28,25.15,709.69,One year,Mailed check,No,No,0,0
C102543,2024-06,13,64.8,844.62,Month-to-month,Mailed check,DSL,No,0,0
C102544,2024-11,13,81.81,1020.12,Month-to-month,Bank transfer (automatic),Fiber optic,No,0,1
C102545,2024-09,16,27.29,423.78,Two year,Mailed check,No,Yes,0,0
C102546,2021-08,44,39.75,1668.64,Two year,Mailed check,DSL,Yes,0,0
C102547,2022-09,27,80.75,2089.87,Month-to-month,Bank transfer (automatic),Fiber optic,No,0,0
C102548,2025-12,9,27.1,253.44,Month-to-month,Credit card (automatic),No,Yes,1,0
C102549,2023-07,18,54.55,1010.49,One year,Electronic check,DSL,No,0,0
C102550,2024-12,12,59.79,697.52,Month-to-month,Bank transfer (automatic),DSL,Yes,0,1
C102551,2024-05,10,52.59,512.34,Month-to-month,Bank transfer (automatic),DSL,Yes,0,0
C102552,2024-12,22,60.47,1329.04,One year,Electronic check,DSL,Yes,0,0
C102553,2024-05,19,69.72,1302.21,One year,Credit card (automatic),Fiber optic,Yes,0,0
C102554,2025-02,7,58.23,409.84,Month-to-month,Mailed check,DSL,Yes,0,0
C102555,2024-08,16,76.53,1189.81,One year,Electronic check,Fiber optic,No,0,0
C102556,2025-11,10,80.47,797.25,Month-to-month,Electronic check,Fiber optic,Yes,1,0
C102557,2025-01,21,65.47,1432.07,Month-to-month,Electronic check,DSL,Yes,0,1
C102558,2024-04,10,70.07,697.85,Month-to-month,Bank transfer (automatic),Fiber optic,No,0,0
C102559,2023-11,13,48.2,650.12,Month-to-month,Bank transfer (automatic),DSL,No,0,0
C102560,2024-07,11,73.07,806.3,Month-to-month,Bank transfer (automatic),Fiber optic,Yes,0,0
C102561,2024-08,3,71.06,211.62,One year,Bank transfer (automatic),DSL,No,0,0
C102562,2021-07,42,60.9,2560.47,One year,Mailed check,DSL,Yes,1,0
C102563,2025-01,16,24.3,398.17,Two year,Credit card (automatic),No,No,0,0
C102564,2022-02,43,69.91,3155.98,One year,Credit card (automatic),Fiber optic,Yes,0,0
C102565,2024-07,16,71.91,1096.43,One year,Electronic check,Fiber optic,Yes,0,0
C102566,2022-11,25,73.64,1844.12,One year,Bank transfer (automatic),Fiber optic,Yes,1,0
C102567,2024-12,9,75.85,694.4,One year,Credit card (automatic),Fiber optic,No,0,0
C102568,2025-10,9,56.9,507.22,One year,Mailed check,DSL,Yes,0,0
C102569,2024-07,15,79.18,1196.21,One year,Electronic check,Fiber optic,No,0,0
C102570,2022-03,43,40.82,1676.9,One year,Electronic check,No,No,1,0
C102571,2025-04,7,26.8,183.48,Two year,Credit card (automatic),No,Yes,1,0
C102572,2025-11,3,67.72,200.67,Two year,Bank transfer (automatic),Fiber optic,Yes,0,0
C102573,2023-01,31,66.81,2051.69,Two year,Bank transfer (automatic),Fiber optic,Yes,0,0
C102574,2023-11,26,73.34,1941.47,Month-to-month,Credit card (automatic),Fiber optic,Yes,0,0
C102575,2024-05,11,77.21,883.48,Month-to-month,Electronic check,Fiber optic,No,0,1
C102576,2021-09,54,56.61,2922.76,One year,Credit card (automatic),DSL,Yes,0,0
C102577,2021-05,56,79.36,4421.61,Two year,Mailed check,Fiber optic,No,0,0
C102578,2026-05,3,50.75,150.69,Month-to-month,Bank transfer (automatic),DSL,Yes,0,0
C102579,2025-12,9,77.15,726.62,Month-to-month,Electronic check,Fiber optic,No,0,1
C102580,2024-10,15,66.96,1025.09,One year,Electronic check,Fiber optic,Yes,0,0
C102581,2024-08,20,57.43,1200.85,Month-to-month,Mailed check,DSL,Yes,1,0
C102582,2023-11,18,88.04,1585.24,One year,Electronic check,Fiber optic,Yes,1,0
C102583,2025-05,15,54.18,823.08,Month-to-month,Electronic check,DSL,No,1,0
C102584,2025-11,6,67.51,419.42,One year,Electronic check,DSL,No,0,0
C102585,2023-10,22,69.98,1468.22,Month-to-month,Bank transfer (automatic),Fiber optic,Yes,0,0
C102586,2024-11,23,69.24,1660.25,One year,Credit card (automatic),Fiber optic,No,1,0
C102587,2023-05,29,26.74,773.61,One year,Electronic check,No,No,1,0
C102588,2025-01,6,76.05,477.35,Month-to-month,Electronic check,Fiber optic,No,0,0
C102589,2025-06,13,29.08,359.49,Month-to-month,Bank transfer (automatic),No,No,0,0
C102590,2025-07,11,57.38,605.55,One year,Bank transfer (automatic),DSL,Yes,0,0
C102591,2025-09,5,58.51,280.11,Month-to-month,Bank transfer (automatic),Fiber optic,No,0,0
C102592,2025-08,13,69.12,858.66,Month-to-month,Credit card (automatic),Fiber optic,No,0,1
C102593,2024-06,7,86.37,582.44,Month-to-month,Electronic check,Fiber optic,No,0,1
C102594,2025-02,5,66.55,327.2,Month-to-month,Mailed check,Fiber optic,No,0,1
C102595,2022-12,26,50.66,1268.97,One year,Credit card (automatic),DSL,Yes,0,0
C102596,2025-03,11,78.67,834.66,Month-to-month,Bank transfer (automatic),Fiber optic,Yes,0,1
C102597,2024-11,9,74.73,669.21,Month-to-month,Bank transfer (automatic),Fiber optic,Yes,0,0
C102598,2023-02,34,49.9,1718.09,Month-to-month,Credit card (automatic),DSL,No,0,0
C102599,2024-10,24,77.67,1779.26,Month-to-month,Electronic check,Fiber optic,Yes,0,0
C102600,2025-11,2,35.02,70.56,Month-to-month,Electronic check,No,No,0,0
C102601,2023-07,21,51.42,1088.67,Month-to-month,Electronic check,DSL,Yes,0,0
C102602,2024-12,20,74.44,1462.14,One year,Credit card (automatic),Fiber optic,Yes,1,0
C102603,2025-08,13,33.96,427.73,One year,Credit card (automatic),No,Yes,0,0
C102604,2025-10,12,61.48,747.54,Month-to-month,Electronic check,DSL,No,1,0
C102605,2024-09,4,57.22,235.32,Month-to-month,Mailed check,DSL,Yes,0,1
C102606,2021-05,54,79.26,4187.62,Two year,Bank transfer (automatic),Fiber optic,Yes,0,0
C102607,2024-08,13,72.28,940.57,One year,Electronic check,Fiber optic,Yes,0,0
C102608,2023-11,20,63.1,1211.38,Two year,Credit card (automatic),Fiber optic,No,0,0
C102609,2025-03,13,73.69,984.97,Month-to-month,Mailed check,Fiber optic,No,0,1
C102610,2024-12,9,82.27,752.48,Month-to-month,Credit card (automatic),Fiber optic,Yes,0,0
C102611,2024-05,27,69.64,1866.81,Month-to-month,Bank transfer (automatic),Fiber optic,Yes,1,0
C102612,2024-12,17,39.35,675.99,One year,Electronic check,DSL,Yes,0,0
C102613,2024-04,13,74.76,1016.11,One year,Bank transfer (automatic),Fiber optic,Yes,0,0
C102614,2023-07,20,52.34,1053.28,Month-to-month,Bank transfer (automatic),DSL,No,0,0
C102615,2025-05,14,43.49,604.43,Month-to-month,Electronic check,No,No,0,1
C102616,2022-07,45,52.2,2337.89,Two year,Electronic check,DSL,Yes,0,0
C102617,2023-08,27,62.42,1631.73,Month-to-month,Credit card (automatic),DSL,No,0,0
C102618,2023-09,22,69.06,1581.61,One year,Bank transfer (automatic),Fiber optic,Yes,1,0
C102619,2026-06,4,58.56,235.43,Month-to-month,Bank transfer (automatic),DSL,Yes,0,0
C102620,2023-09,22,77.23,1681.22,Month-to-month,Electronic check,Fiber optic,No,0,0
C102621,2023-03,22,38.28,878.9,Month-to-month,Bank transfer (automatic),No,No,0,0
C102622,2024-07,7,70.15,493.55,Two year,Bank transfer (automatic),Fiber optic,Yes,0,0
C102623,2024-12,4,51.86,200.1,Month-to-month,Electronic check,DSL,Yes,0,0
C102624,2023-06,26,61.23,1622.77,Month-to-month,Electronic check,DSL,Yes,0,0
C102625,2024-03,28,64.71,1896.5,Two year,Mailed check,Fiber optic,Yes,0,0
C102626,2024-11,9,70.1,651.52,Month-to-month,Bank transfer (automatic),Fiber optic,No,0,0
C102627,2024-10,9,54.74,486.77,Month-to-month,Electronic check,DSL,No,0,0
C102628,2024-12,17,53.04,929.51,Month-to-month,Credit card (automatic),DSL,Yes,0,0
C102629,2024-12,11,30.1,330.48,Month-to-month,Electronic check,No,No,1,0
C102630,2025-06,4,50.99,202.02,Month-to-month,Credit card (automatic),DSL,No,0,1
C102631,2026-01,7,78.72,554.1,One year,Electronic check,Fiber optic,Yes,0,0
C102632,2024-11,19,59.43,1081.38,One year,Bank transfer (automatic),DSL,No,0,0
C102633,2025-04,7,79.98,546.66,Month-to-month,Bank transfer (automatic),Fiber optic,Yes,0,0
C102634,2022-09,29,79.39,2320.55,Month-to-month,Bank transfer (automatic),Fiber optic,No,1,1
C102635,2024-04,22,39.51,835.95,Two year,Credit card (automatic),DSL,No,0,0
C102636,2023-06,20,69.7,1381.49,Two year,Electronic check,Fiber optic,No,0,0
C102637,2024-12,17,55.75,978.79,Two year,Electronic check,DSL,Yes,0,0
C102638,2025-10,8,38.04,316.31,Month-to-month,Electronic check,No,No,0,0
C102639,2022-12,24,70.78,1644.8,One year,Mailed check,Fiber optic,No,0,0
C102640,2025-03,8,62.82,524.91,Month-to-month,Credit card (automatic),DSL,No,0,0
C102641,2023-11,30,70.84,2118.19,Two year,Electronic check,Fiber optic,No,0,0
C102642,2021-12,41,18.0,712.32,One year,Bank transfer (automatic),No,No,0,0
C102643,2024-02,17,68.4,1191.94,Two year,Mailed check,Fiber optic,Yes,0,0
C102644,2023-07,37,63.96,2268.38,Two year,Credit card (automatic),Fiber optic,Yes,0,0
C102645,2024-04,7,68.33,489.39,One year,Mailed check,Fiber optic,No,1,0
C102646,2024-10,22,59.11,1326.22,One year,Credit card (automatic),DSL,Yes,0,0
C102647,2025-07,15,70.78,1076.3,Two year,Bank transfer (automatic),Fiber optic,No,0,0
C102648,2022-12,26,51.89,1393.37,Month-to-month,Credit card (automatic),DSL,No,0,0
C102649,2026-05,2,70.94,146.46,Month-to-month,Bank transfer (automatic),Fiber optic,No,0,1
C102650,2023-10,25,77.63,1929.26,Month-to-month,Electronic check,Fiber optic,No,0,0
C102651,2024-09,9,51.69,465.96,One year,Credit card (automatic),DSL,Yes,0,0
C102652,2024-01,16,34.18,542.38,Month-to-month,Mailed check,No,No,0,0
C102653,2021-04,53,64.04,3432.64,Two year,Electronic check,Fiber optic,No,0,0
C102654,2024-08,22,48.32,1065.44,Two year,Mailed check,DSL,Yes,0,0
C102655,2023-07,20,62.28,1220.24,Two year,Credit card (automatic),Fiber optic,No,0,0
C102656,2023-12,19,68.68,1294.88,One year,Bank transfer (automatic),Fiber optic,No,0,0
C102657,2023-03,32,63.67,2050.64,Two year,Electronic check,DSL,Yes,0,0
C102658,2023-05,27,70.58,1962.86,Month-to-month,Credit card (automatic),Fiber optic,Yes,1,0
C102659,2023-06,19,25.96,475.23,One year,Mailed check,No,Yes,0,0
C102660,2023-12,18,47.86,866.85,One year,Electronic check,DSL,No,0,0
C102661,2024-12,17,26.5,470.25,Two year,Electronic check,No,Yes,0,0
C102662,2023-11,15,74.57,1108.34,Month-to-month,Electronic check,Fiber optic,Yes,0,0
C102663,2025-05,6,62.31,357.73,Month-to-month,Bank transfer (automatic),DSL,No,0,0
C102664,2023-02,22,69.57,1584.05,One year,Electronic check,Fiber optic,Yes,0,0
C102665,2024-04,10,75.69,735.12,Month-to-month,Electronic check,Fiber optic,Yes,0,0
C102666,2023-10,13,57.76,765.71,Two year,Mailed check,Fiber optic,Yes,0,0
C102667,2024-03,28,66.81,1863.53,One year,Credit card (automatic),Fiber optic,Yes,0,0
C102668,2023-09,15,57.11,894.41,Two year,Bank transfer (automatic),DSL,Yes,1,0
C102669,2024-07,14,47.67,685.66,One year,Mailed check,DSL,No,0,0
C102670,2023-10,17,73.61,1289.16,Two year,Bank transfer (automatic),Fiber optic,Yes,0,0
C102671,2025-01,12,69.45,841.81,Month-to-month,Electronic check,Fiber optic,Yes,0,0
C102672,2021-01,53,27.76,1418.23,One year,Credit card (automatic),No,Yes,0,0
C102673,2021-08,48,39.09,1814.3,One year,Electronic check,No,Yes,1,0
C102674,2022-05,47,32.07,1438.6,Two year,Electronic check,No,Yes,1,0
C102675,2024-12,19,63.29,1218.08,Month-to-month,Mailed check,Fiber optic,Yes,1,0
C102676,2024-06,9,74.33,681.7,Month-to-month,Electronic check,DSL,Yes,0,0
C102677,2023-04,29,68.77,1935.68,Month-to-month,Electronic check,Fiber optic,No,0,0
C102678,2024-04,12,64.0,795.57,One year,Bank transfer (automatic),DSL,No,0,0
C102679,2023-02,30,52.32,1546.6,Month-to-month,Mailed check,DSL,Yes,0,1
C102680,2025-09,9,47.63,416.63,Month-to-month,Electronic check,DSL,No,0,0
C102681,2023-12,20,26.09,534.89,One year,Bank transfer (automatic),No,Yes,0,0
C102682,2024-01,33,71.08,2375.33,Month-to-month,Bank transfer (automatic),Fiber optic,Yes,0,0
C102683,2025-05,13,49.51,624.3,One year,Credit card (automatic),DSL,Yes,0,0
C102684,2024-08,13,27.96,375.57,Two year,Electronic check,No,Yes,0,0
C102685,2025-09,4,77.87,299.17,Month-to-month,Credit card (automatic),Fiber optic,No,0,1
C102686,2024-07,9,77.52,676.06,Two year,Bank transfer (automatic),Fiber optic,Yes,0,0
C102687,2024-05,19,51.89,1012.28,Two year,Bank transfer (automatic),DSL,No,0,0
C102688,2023-09,21,53.26,1123.01,One year,Electronic check,DSL,No,0,0
C102689,2023-08,23,48.46,1107.1,One year,Mailed check,DSL,No,1,0
C102690,2026-06,3,67.32,194.93,Two year,Electronic check,Fiber optic,Yes,1,0
C102691,2023-12,12,71.98,828.31,Month-to-month,Bank transfer (automatic),Fiber optic,Yes,0,1
C102692,2025-08,5,46.76,232.28,Month-to-month,Bank transfer (automatic),DSL,No,0,1
C102693,2025-03,18,65.91,1243.79,Two year,Electronic check,DSL,No,0,0
C102694,2025-02,4,70.45,285.25,Two year,Electronic check,Fiber optic,No,1,0
C102695,2024-06,6,31.53,185.74,Month-to-month,Credit card (automatic),No,Yes,0,0
C102696,2022-12,26,62.31,1700.92,Month-to-month,Mailed check,DSL,No,1,0
C102697,2024-04,10,59.51,624.72,Month-to-month,Bank transfer (automatic),Fiber optic,No,0,0
C102698,2023-04,38,41.03,1533.85,Two year,Credit card (automatic),No,Yes,1,0
C102699,2024-01,24,69.85,1629.05,Month-to-month,Electronic check,Fiber optic,No,0,1
C102700,2024-09,13,66.7,840.58,One year,Bank transfer (automatic),Fiber optic,No,0,0
C102701,2023-04,29,68.74,2010.97,One year,Bank transfer (automatic),Fiber optic,Yes,0,0
C102702,2025-06,14,35.91,493.4,Month-to-month,Electronic check,No,Yes,0,0
C102703,2024-03,25,84.87,2181.11,One year,Electronic check,Fiber optic,No,0,0
C102704,2025-09,9,64.84,575.06,Month-to-month,Credit card (automatic),DSL,No,0,1
C102705,2023-05,30,47.71,1446.9,Two year,Electronic check,DSL,No,1,0
C102706,2026-01,4,44.21,172.4,Month-to-month,Electronic check,DSL,No,0,1
C102707,2024-09,6,50.31,301.28,One year,Mailed check,DSL,Yes,1,0
C102708,2025-03,7,71.16,505.99,Month-to-month,Bank transfer (automatic),Fiber optic,Yes,0,0
C102709,2025-12,10,40.73,427.28,Two year,Mailed check,DSL,No,0,0
C102710,2023-07,20,72.5,1421.61,Two year,Electronic check,Fiber optic,No,0,0
C102711,2023-10,15,75.03,1154.15,Month-to-month,Mailed check,Fiber optic,No,0,0
C102712,2024-01,26,72.0,1891.74,Two year,Mailed check,Fiber optic,No,0,0
C102713,2023-01,33,57.19,1935.39,One year,Bank transfer (automatic),DSL,No,0,0
C102714,2026-01,4,59.11,239.1,Month-to-month,Credit card (automatic),DSL,No,0,0
C102715,2022-08,36,50.21,1736.72,Two year,Electronic check,DSL,No,0,0
C102716,2024-09,13,37.44,473.96,Two year,Bank transfer (automatic),No,No,0,0
C102717,2021-12,47,47.66,2287.67,Two year,Bank transfer (automatic),DSL,No,0,0
C102718,2025-09,9,46.77,431.12,Two year,Bank transfer (automatic),DSL,No,0,0
C102719,2026-02,3,53.61,162.91,Month-to-month,Bank transfer (automatic),DSL,No,0,0
C102720,2024-07,24,78.23,1820.77,Month-to-month,Electronic check,Fiber optic,Yes,1,0
C102721,2024-02,23,79.09,1747.68,Month-to-month,Bank transfer (automatic),Fiber optic,No,0,0
C102722,2026-04,6,27.96,171.72,Month-to-month,Bank transfer (automatic),No,No,0,1
C102723,2025-03,7,53.08,376.67,Month-to-month,Bank transfer (automatic),DSL,Yes,1,0
C102724,2023-11,27,62.83,1706.32,Month-to-month,Electronic check,DSL,Yes,1,1
C102725,2024-04,20,64.15,1221.28,One year,Electronic check,Fiber optic,Yes,0,0
C102726,2024-04,12,71.48,868.0,Month-to-month,Electronic check,DSL,No,0,0
C102727,2023-10,22,53.2,1203.05,Month-to-month,Electronic check,DSL,Yes,0,0
C102728,2023-05,19,27.57,521.96,One year,Electronic check,No,Yes,1,0
C102729,2026-03,7,77.22,516.27,Month-to-month,Electronic check,Fiber optic,Yes,0,0
C102730,2024-05,28,75.19,2061.08,One year,Electronic check,Fiber optic,Yes,0,0
C102731,2023-04,25,23.67,572.47,Two year,Electronic check,No,No,0,0
C102732,2023-11,16,54.83,887.67,One year,Credit card (automatic),DSL,No,0,0
C102733,2023-06,27,45.0,1169.05,Two year,Mailed check,DSL,Yes,1,0
C102734,2021-12,50,47.01,2242.6,Two year,Electronic check,DSL,No,0,0
C102735,2024-06,7,45.37,327.7,Month-to-month,Bank transfer (automatic),DSL,Yes,0,0
C102736,2025-03,13,72.84,986.87,One year,Mailed check,Fiber optic,No,0,0
C102737,2024-10,13,28.94,389.16,Month-to-month,Electronic check,No,No,0,0
C102738,2022-08,27,18.0,490.07,Month-to-month,Mailed check,No,No,0,1
C102739,2025-12,10,70.91,698.93,Month-to-month,Electronic check,Fiber optic,No,0,0
C102740,2023-01,26,28.63,713.14,One year,Bank transfer (automatic),No,No,0,0
C102741,2024-05,10,77.16,763.14,One year,Electronic check,Fiber optic,Yes,0,0
C102742,2025-05,6,47.31,274.88,Month-to-month,Mailed check,DSL,Yes,0,0
C102743,2023-08,16,48.79,804.69,Two year,Electronic check,DSL,Yes,0,0
C102744,2025-08,10,68.4,706.82,Month-to-month,Electronic check,Fiber optic,Yes,1,0
C102745,2024-02,18,59.35,1065.06,Month-to-month,Bank transfer (automatic),DSL,Yes,0,0
C102746,2023-05,21,50.99,1050.16,Month-to-month,Electronic check,DSL,No,0,1
C102747,2025-09,4,33.11,135.08,Month-to-month,Mailed check,No,Yes,0,0
C102748,2025-05,11,52.85,588.76,Month-to-month,Electronic check,DSL,Yes,0,0
C102749,2024-05,16,64.78,1044.87,Month-to-month,Bank transfer (automatic),Fiber optic,Yes,0,0
C102750,2023-06,27,54.58,1536.37,Month-to-month,Mailed check,DSL,Yes,1,0
C102751,2023-01,25,67.89,1659.87,Month-to-month,Credit card (automatic),Fiber optic,No,0,0
C102752,2025-06,8,81.72,642.71,Month-to-month,Mailed check,Fiber optic,No,0,1
C102753,2025-06,14,65.91,881.64,Month-to-month,Credit card (automatic),DSL,No,1,1
C102754,2023-05,21,58.83,1200.81,Month-to-month,Electronic check,DSL,No,1,1
C102755,2025-08,13,71.16,922.26,Month-to-month,Bank transfer (automatic),Fiber optic,No,0,0
C102756,2025-09,9,75.13,697.84,Month-to-month,Mailed check,Fiber optic,Yes,0,0
C102757,2023-11,15,54.54,792.66,One year,Mailed check,DSL,No,0,0
C102758,2023-09,20,75.51,1513.68,Two year,Bank transfer (automatic),Fiber optic,Yes,0,0
C102759,2025-11,7,53.87,369.88,Month-to-month,Credit card (automatic),DSL,Yes,0,0
C102760,2024-09,23,55.25,1307.03,One year,Bank transfer (automatic),DSL,No,0,0
C102761,2024-01,17,18.73,322.81,One year,Electronic check,No,No,1,0
C102762,2023-07,24,54.25,1244.04,One year,Mailed check,DSL,No,0,0
C102763,2023-10,15,69.84,1012.27,Month-to-month,Electronic check,Fiber optic,Yes,0,0
C102764,2022-01,46,75.26,3553.28,Month-to-month,Bank transfer (automatic),Fiber optic,No,0,1
C102765,2024-09,20,21.37,435.03,Two year,Mailed check,No,No,1,0
C102766,2024-08,25,53.07,1275.84,Two year,Electronic check,DSL,No,0,0
C102767,2023-01,23,78.83,1777.17,Month-to-month,Electronic check,Fiber optic,No,0,0
C102768,2025-06,14,70.6,965.87,One year,Credit card (automatic),Fiber optic,No,0,0
C102769,2023-08,19,49.8,943.49,Month-to-month,Electronic check,DSL,Yes,0,0
C102770,2024-10,10,58.44,556.7,Month-to-month,Electronic check,DSL,Yes,0,0
C102771,2021-11,43,39.34,1696.73,Month-to-month,Electronic check,No,Yes,0,0
C102772,2023-11,21,83.53,1695.61,One year,Mailed check,Fiber optic,No,0,0
C102773,2025-02,8,57.38,469.8,Month-to-month,Electronic check,DSL,No,0,0
C102774,2022-05,37,76.67,2850.42,Month-to-month,Bank transfer (automatic),Fiber optic,No,1,0
C102775,2025-03,14,67.11,966.53,Month-to-month,Electronic check,Fiber optic,Yes,0,0
C102776,2022-08,28,62.88,1783.52,Month-to-month,Electronic check,DSL,Yes,0,0
C102777,2025-05,4,41.06,170.96,Month-to-month,Electronic check,DSL,Yes,0,0
C102778,2023-09,33,59.95,2068.33,One year,Electronic check,DSL,No,0,0
C102779,2024-12,21,72.16,1533.94,One year,Bank transfer (automatic),Fiber optic,No,0,0
C102780,2024-09,8,60.41,489.44,Month-to-month,Electronic check,Fiber optic,No,0,0
C102781,2024-05,20,54.82,1080.54,One year,Bank transfer (automatic),DSL,No,0,0
C102782,2021-10,41,68.06,2911.54,Two year,Mailed check,Fiber optic,No,0,0
C102783,2024-09,10,72.31,745.86,Month-to-month,Electronic check,Fiber optic,No,1,1
C102784,2024-02,10,73.38,715.4,Month-to-month,Electronic check,Fiber optic,No,0,0
C102785,2023-12,13,50.49,640.86,Two year,Mailed check,DSL,No,0,0
C102786,2024-01,16,52.67,863.1,One year,Mailed check,DSL,Yes,1,0
C102787,2024-01,29,19.95,569.93,One year,Mailed check,No,Yes,1,0
C102788,2023-08,22,57.42,1303.99,Month-to-month,Credit card (automatic),DSL,Yes,1,1
C102789,2025-08,13,52.72,713.92,Month-to-month,Electronic check,DSL,Yes,0,0
C102790,2024-11,19,84.52,1544.13,Month-to-month,Mailed check,Fiber optic,No,0,0
C102791,2023-01,45,74.16,3344.15,Two year,Mailed check,Fiber optic,No,0,0
C102792,2023-01,24,34.64,863.61,One year,Electronic check,No,Yes,0,0
C102793,2023-12,15,86.17,1299.22,Month-to-month,Mailed check,Fiber optic,Yes,0,0
C102794,2025-01,13,34.42,431.6,Month-to-month,Bank transfer (automatic),No,Yes,0,0
C102795,2024-08,18,54.12,1002.54,Month-to-month,Bank transfer (automatic),DSL,No,0,0
C102796,2023-10,29,18.0,506.62,Month-to-month,Bank transfer (automatic),No,Yes,0,0
C102797,2025-11,9,56.45,507.82,Month-to-month,Electronic check,DSL,Yes,0,1
C102798,2024-01,26,40.38,1098.99,Month-to-month,Mailed check,No,No,0,0
C102799,2024-01,14,32.97,479.56,Two year,Bank transfer (automatic),No,No,0,0
C102800,2025-04,16,68.95,1115.28,One year,Mailed check,Fiber optic,Yes,0,0
C102801,2020-12,68,69.36,4554.68,Two year,Bank transfer (automatic),Fiber optic,No,0,0
C102802,2024-04,25,47.26,1168.05,Two year,Bank transfer (automatic),DSL,Yes,0,0
C102803,2024-10,11,70.83,758.65,Two year,Mailed check,Fiber optic,No,0,0
C102804,2023-04,21,47.54,1015.92,Two year,Electronic check,DSL,No,0,0
C102805,2023-01,30,83.64,2574.74,Month-to-month,Bank transfer (automatic),Fiber optic,Yes,0,0
C102806,2024-02,25,55.72,1410.3,Month-to-month,Mailed check,DSL,Yes,0,0
C102807,2024-11,2,56.55,114.32,Month-to-month,Electronic check,DSL,No,0,1
C102808,2024-08,15,47.83,704.03,One year,Electronic check,DSL,Yes,0,0
C102809,2024-03,21,69.49,1452.36,One year,Electronic check,Fiber optic,Yes,1,0
C102810,2023-04,20,68.07,1427.08,Month-to-month,Bank transfer (automatic),Fiber optic,Yes,0,0
C102811,2024-07,11,80.5,921.72,One year,Electronic check,Fiber optic,Yes,0,0
C102812,2023-08,25,47.52,1213.29,Two year,Credit card (automatic),DSL,No,1,0
C102813,2024-01,33,53.76,1839.26,One year,Credit card (automatic),DSL,No,0,0
C102814,2026-01,4,65.71,268.31,Month-to-month,Credit card (automatic),Fiber optic,No,0,1
C102815,2025-06,4,47.61,193.09,Month-to-month,Electronic check,DSL,No,0,0
C102816,2023-11,21,70.5,1518.55,One year,Mailed check,Fiber optic,No,0,0
C102817,2023-10,26,73.13,1853.28,Month-to-month,Credit card (automatic),Fiber optic,Yes,1,0
C102818,2025-02,10,31.47,329.3,Month-to-month,Bank transfer (automatic),No,Yes,1,0
C102819,2026-01,2,67.07,133.26,Month-to-month,Electronic check,DSL,Yes,0,0
C102820,2025-06,16,62.9,960.52,Month-to-month,Credit card (automatic),Fiber optic,Yes,0,0
C102821,2023-04,20,35.87,694.98,Month-to-month,Bank transfer (automatic),No,No,0,0
C102822,2025-07,13,31.79,419.97,One year,Bank transfer (automatic),No,Yes,0,0
C102823,2023-01,30,71.29,2173.94,Month-to-month,Credit card (automatic),Fiber optic,Yes,0,1
C102824,2023-11,20,48.0,964.03,Two year,Credit card (automatic),DSL,No,1,0
C102825,2024-12,9,81.72,735.63,Month-to-month,Mailed check,Fiber optic,Yes,0,0
C102826,2024-08,10,68.63,695.48,Two year,Electronic check,Fiber optic,No,0,0
C102827,2025-03,16,53.07,867.93,Month-to-month,Bank transfer (automatic),DSL,No,0,0
C102828,2025-02,12,48.71,567.09,Month-to-month,Bank transfer (automatic),DSL,Yes,0,0
C102829,2025-03,3,63.98,186.29,Two year,Bank transfer (automatic),Fiber optic,Yes,0,0
C102830,2024-03,18,45.5,781.02,One year,Mailed check,DSL,No,0,0
C102831,2025-02,10,35.31,356.77,Month-to-month,Bank transfer (automatic),No,No,0,0
C102832,2025-05,12,50.29,595.83,Month-to-month,Mailed check,DSL,No,0,0
C102833,2024-11,7,22.84,166.86,Month-to-month,Credit card (automatic),No,Yes,0,0
C102834,2023-05,41,70.05,2824.74,Two year,Credit card (automatic),Fiber optic,No,0,0
C102835,2023-05,24,25.1,606.31,Month-to-month,Mailed check,No,Yes,0,0
C102836,2021-03,48,78.28,3699.56,Two year,Bank transfer (automatic),Fiber optic,Yes,1,0
C102837,2024-02,13,50.85,651.55,Two year,Bank transfer (automatic),DSL,Yes,1,0
C102838,2023-09,25,51.83,1277.98,Two year,Mailed check,DSL,No,1,0
C102839,2024-05,19,54.05,1038.27,One year,Electronic check,DSL,No,0,0
C102840,2025-09,9,78.43,696.45,Month-to-month,Bank transfer (automatic),Fiber optic,No,0,1
C102841,2024-01,12,59.26,686.08,Month-to-month,Bank transfer (automatic),DSL,Yes,0,0
C102842,2023-05,24,75.18,1743.88,Month-to-month,Mailed check,Fiber optic,No,0,1
C102843,2025-07,7,22.7,159.33,One year,Credit card (automatic),No,Yes,0,0
C102844,2023-07,31,71.08,2188.94,One year,Credit card (automatic),Fiber optic,No,0,1
C102845,2024-01,18,75.36,1407.07,Month-to-month,Credit card (automatic),Fiber optic,No,0,1
C102846,2024-02,28,18.0,480.92,Two year,Credit card (automatic),No,Yes,0,0
C102847,2024-06,20,62.37,1218.07,Month-to-month,Mailed check,Fiber optic,No,0,1
C102848,2025-04,4,45.52,185.58,One year,Credit card (automatic),DSL,No,1,0
C102849,2023-10,15,38.89,594.1,Two year,Credit card (automatic),DSL,Yes,0,0
C102850,2022-06,31,72.08,2139.87,Month-to-month,Bank transfer (automatic),Fiber optic,Yes,0,0
C102851,2024-07,17,50.36,834.45,Month-to-month,Electronic check,DSL,No,0,0
C102852,2024-06,16,72.53,1128.91,One year,Electronic check,Fiber optic,No,0,0
C102853,2024-12,17,34.26,609.18,Month-to-month,Mailed check,No,No,0,0
C102854,2026-03,3,70.74,221.15,Two year,Bank transfer (automatic),Fiber optic,Yes,0,0
C102855,2022-02,33,57.61,1992.75,Month-to-month,Mailed check,DSL,Yes,1,0
C102856,2026-08,2,60.68,117.07,Month-to-month,Bank transfer (automatic),DSL,Yes,0,0
C102857,2023-01,38,28.04,1086.34,Month-to-month,Bank transfer (automatic),No,No,0,0
C102858,2024-07,12,37.16,446.93,One year,Electronic check,DSL,Yes,1,0
C102859,2023-04,21,42.33,911.27,One year,Electronic check,DSL,Yes,0,0
C102860,2025-02,3,74.99,218.48,One year,Bank transfer (automatic),Fiber optic,No,0,1
C102861,2022-12,26,70.18,1738.88,Two year,Electronic check,Fiber optic,No,0,0
C102862,2024-11,23,76.17,1684.15,One year,Credit card (automatic),Fiber optic,Yes,0,0
C102863,2023-12,22,92.05,2026.22,Month-to-month,Credit card (automatic),Fiber optic,Yes,0,0
C102864,2025-10,3,76.32,239.94,Month-to-month,Mailed check,Fiber optic,No,0,0
C102865,2025-08,8,52.23,398.41,One year,Bank transfer (automatic),DSL,Yes,0,0
C102866,2024-01,20,77.08,1555.06,Month-to-month,Credit card (automatic),Fiber optic,Yes,0,0
C102867,2023-12,33,61.86,1979.64,Two year,Credit card (automatic),Fiber optic,Yes,0,0
C102868,2025-09,7,76.53,512.8,One year,Bank transfer (automatic),Fiber optic,Yes,1,0
C102869,2025-08,8,28.97,234.63,Month-to-month,Credit card (automatic),No,No,0,0
C102870,2024-06,20,62.9,1242.26,One year,Mailed check,DSL,Yes,0,0
C102871,2019-08,65,59.4,3954.9,Two year,Electronic check,Fiber optic,No,0,0
C102872,2024-09,10,72.03,710.84,One year,Bank transfer (automatic),Fiber optic,Yes,0,0
C102873,2025-04,12,71.23,820.58,Month-to-month,Bank transfer (automatic),Fiber optic,No,1,1
C102874,2024-03,11,48.6,547.04,Month-to-month,Credit card (automatic),DSL,No,0,0
C102875,2025-03,14,75.74,1076.59,One year,Electronic check,Fiber optic,No,0,0
C102876,2022-02,34,28.09,993.58,Month-to-month,Mailed check,No,Yes,1,0
C102877,2025-06,15,76.98,1177.39,Two year,Bank transfer (automatic),Fiber optic,No,0,0
C102878,2019-04,69,47.41,3111.92,Two year,Credit card (automatic),DSL,No,0,0
C102879,2024-05,17,48.24,847.06,Two year,Bank transfer (automatic),DSL,Yes,0,0
C102880,2023-05,36,87.09,3151.88,Month-to-month,Electronic check,Fiber optic,Yes,1,0
C102881,2024-09,12,44.69,510.08,One year,Credit card (automatic),DSL,Yes,0,0
C102882,2024-09,6,25.3,156.39,Month-to-month,Bank transfer (automatic),No,No,0,1
C102883,2024-03,15,18.0,277.3,One year,Credit card (automatic),No,Yes,1,0
C102884,2022-12,23,27.32,659.76,Month-to-month,Credit card (automatic),No,Yes,0,0
C102885,2024-05,9,76.14,684.08,One year,Electronic check,Fiber optic,No,0,0
C102886,2023-07,33,74.46,2525.68,One year,Credit card (automatic),Fiber optic,Yes,1,0
C102887,2025-09,11,55.87,627.67,Month-to-month,Mailed check,DSL,Yes,1,0
C102888,2024-11,7,49.74,348.01,Month-to-month,Credit card (automatic),DSL,No,0,0
C102889,2021-02,60,70.86,4112.96,One year,Electronic check,Fiber optic,Yes,0,0
C102890,2025-01,8,52.61,418.53,Month-to-month,Bank transfer (automatic),DSL,Yes,1,1
C102891,2024-09,11,54.97,583.89,Month-to-month,Electronic check,DSL,Yes,0,1
C102892,2024-07,25,29.85,731.67,One year,Electronic check,No,No,1,0
C102893,2025-06,12,72.9,907.4,Month-to-month,Credit card (automatic),Fiber optic,No,0,1
C102894,2024-07,7,30.14,205.78,Month-to-month,Electronic check,No,Yes,0,0
C102895,2025-06,10,54.41,561.86,Month-to-month,Electronic check,DSL,No,0,1
C102896,2021-11,50,24.75,1179.63,One year,Credit card (automatic),No,No,0,0
C102897,2023-04,23,75.48,1734.05,Month-to-month,Mailed check,Fiber optic,Yes,0,0
C102898,2024-03,26,42.94,1143.32,Two year,Bank transfer (automatic),DSL,No,0,0
C102899,2025-03,19,76.09,1498.55,Month-to-month,Credit card (automatic),Fiber optic,No,0,1
C102900,2024-02,21,65.34,1306.98,One year,Mailed check,Fiber optic,Yes,0,0
C102901,2024-02,11,68.85,779.79,Two year,Electronic check,Fiber optic,No,0,1
C102902,2024-05,17,71.79,1268.19,Two year,Bank transfer (automatic),Fiber optic,No,0,0
C102903,2025-01,3,69.44,201.1,Month-to-month,Bank transfer (automatic),Fiber optic,No,0,0
C102904,2023-03,30,35.0,1003.0,One year,Electronic check,No,No,0,0
C102905,2025-04,11,63.53,678.16,One year,Mailed check,DSL,Yes,0,1
C102906,2024-08,6,68.1,397.85,One year,Mailed check,Fiber optic,No,0,0
C102907,2024-08,18,29.13,508.1,Month-to-month,Electronic check,No,Yes,0,1
C102908,2025-02,14,79.27,1119.85,One year,Electronic check,Fiber optic,No,0,1
C102909,2023-12,29,18.0,509.11,Two year,Credit card (automatic),No,No,0,0
C102910,2025-01,15,69.2,1060.97,Two year,Electronic check,Fiber optic,Yes,0,0
C102911,2025-12,10,53.19,532.7,Month-to-month,Electronic check,DSL,No,0,0
C102912,2023-11,15,80.4,1200.74,Month-to-month,Credit card (automatic),Fiber optic,No,1,1
C102913,2022-03,39,67.53,2730.59,Two year,Mailed check,Fiber optic,No,0,0
C102914,2024-03,30,57.71,1747.88,Month-to-month,Credit card (automatic),DSL,Yes,0,0
C102915,2023-04,23,67.06,1506.05,One year,Credit card (automatic),Fiber optic,No,0,0
C102916,2022-09,31,58.51,1739.33,One year,Mailed check,DSL,Yes,1,0
C102917,2024-06,24,48.27,1162.97,Month-to-month,Mailed check,DSL,Yes,1,0
C102918,2025-08,8,35.22,288.73,Month-to-month,Electronic check,No,Yes,0,1
C102919,2023-10,27,28.06,770.82,Two year,Electronic check,No,No,1,0
C102920,2022-11,33,54.87,1865.91,Two year,Electronic check,Fiber optic,No,0,0
C102921,2023-02,34,69.38,2424.64,Two year,Mailed check,Fiber optic,Yes,0,0
C102922,2025-10,6,72.64,436.69,Two year,Mailed check,Fiber optic,Yes,0,0
C102923,2025-09,11,43.22,464.24,Two year,Credit card (automatic),DSL,Yes,0,0
C102924,2024-03,9,49.92,463.87,Month-to-month,Electronic check,DSL,No,0,0
C102925,2025-04,12,75.53,900.89,Month-to-month,Mailed check,Fiber optic,Yes,0,1
C102926,2023-06,22,65.93,1398.1,Two year,Electronic check,Fiber optic,No,0,0
C102927,2024-10,18,73.98,1383.98,One year,Electronic check,Fiber optic,No,0,0
C102928,2023-05,18,53.74,938.84,Month-to-month,Bank transfer (automatic),DSL,No,0,0
C102929,2024-09,5,19.68,95.12,Two year,Bank transfer (automatic),No,No,0,0
C102930,2025-07,10,68.97,668.39,Month-to-month,Mailed check,DSL,Yes,0,0
C102931,2023-08,36,66.96,2340.14,Two year,Bank transfer (automatic),Fiber optic,Yes,0,0
C102932,2022-08,33,53.55,1727.71,One year,Mailed check,DSL,Yes,1,0
C102933,2025-02,15,65.63,990.96,Month-to-month,Credit card (automatic),DSL,No,0,0
C102934,2023-05,27,74.18,1945.35,Two year,Mailed check,Fiber optic,Yes,0,0
C102935,2024-04,20,72.29,1498.54,Two year,Bank transfer (automatic),Fiber optic,Yes,0,0
C102936,2023-06,29,78.35,2256.19,One year,Electronic check,Fiber optic,Yes,0,0
C102937,2024-04,27,56.11,1510.84,One year,Mailed check,DSL,Yes,0,0
C102938,2025-04,16,33.31,543.09,Month-to-month,Mailed check,No,Yes,0,0
C102939,2024-07,23,78.4,1723.2,Month-to-month,Electronic check,Fiber optic,Yes,0,0
C102940,2023-12,21,28.99,597.56,Month-to-month,Bank transfer (automatic),No,Yes,0,1
C102941,2023-08,16,61.45,1001.51,Month-to-month,Bank transfer (automatic),DSL,No,0,1
C102942,2025-02,14,34.05,471.13,Month-to-month,Electronic check,No,Yes,0,0
C102943,2021-04,46,55.2,2435.78,Two year,Credit card (automatic),Fiber optic,No,0,0
C102944,2024-05,16,80.1,1280.42,Month-to-month,Electronic check,Fiber optic,No,0,1
C102945,2024-06,25,48.04,1167.06,One year,Credit card (automatic),DSL,No,1,0
C102946,2022-01,43,54.26,2422.25,One year,Mailed check,DSL,Yes,0,0
C102947,2024-05,23,19.97,441.82,Month-to-month,Electronic check,No,No,0,0
C102948,2023-11,23,65.5,1442.62,Two year,Electronic check,Fiber optic,Yes,0,0
C102949,2023-10,16,66.81,1075.38,Two year,Bank transfer (automatic),Fiber optic,Yes,1,0
C102950,2023-05,21,72.22,1471.21,Two year,Bank transfer (automatic),Fiber optic,Yes,0,0
C102951,2025-01,13,71.47,962.53,Month-to-month,Bank transfer (automatic),Fiber optic,No,0,1
C102952,2020-04,72,56.0,3902.14,Two year,Mailed check,Fiber optic,Yes,0,0
C102953,2025-07,5,27.06,134.95,Month-to-month,Electronic check,No,No,0,0
C102954,2024-06,14,50.52,725.09,One year,Bank transfer (automatic),DSL,Yes,0,0
C102955,2024-07,23,31.4,689.76,Two year,Credit card (automatic),No,No,0,0
C102956,2023-02,23,75.89,1832.68,Month-to-month,Mailed check,Fiber optic,Yes,1,0
C102957,2024-08,13,46.0,613.97,Two year,Credit card (automatic),DSL,No,0,0
C102958,2026-01,4,56.66,222.92,Month-to-month,Bank transfer (automatic),DSL,Yes,1,0
C102959,2026-01,6,86.0,514.51,Month-to-month,Mailed check,Fiber optic,Yes,0,0
C102960,2024-01,19,82.02,1504.72,Month-to-month,Bank transfer (automatic),Fiber optic,No,0,0
C102961,2025-07,3,41.34,122.7,One year,Electronic check,DSL,Yes,0,0
C102962,2024-04,25,67.65,1659.89,One year,Electronic check,DSL,Yes,0,0
C102963,2022-01,35,82.1,2818.18,Month-to-month,Bank transfer (automatic),Fiber optic,No,0,0
C102964,2023-04,28,64.51,1855.17,Month-to-month,Credit card (automatic),DSL,No,0,0
C102965,2023-04,31,41.48,1324.64,Two year,Mailed check,DSL,Yes,0,1
C102966,2026-01,3,72.51,214.62,Month-to-month,Electronic check,Fiber optic,No,0,0
C102967,2024-02,13,54.13,676.67,Two year,Electronic check,DSL,Yes,0,0
C102968,2024-07,7,48.27,322.46,Month-to-month,Mailed check,DSL,No,0,0
C102969,2025-05,4,78.17,326.8,Month-to-month,Bank transfer (automatic),Fiber optic,No,0,1
C102970,2024-01,11,84.8,895.78,Month-to-month,Electronic check,Fiber optic,No,0,0
C102971,2022-07,43,67.0,2925.21,Two year,Electronic check,Fiber optic,Yes,0,0
C102972,2022-07,50,63.02,3021.95,One year,Bank transfer (automatic),DSL,Yes,0,0
C102973,2024-04,8,79.21,652.29,Month-to-month,Electronic check,Fiber optic,No,0,1
C102974,2024-01,17,63.85,1070.33,Month-to-month,Mailed check,Fiber optic,No,0,0
C102975,2023-02,21,63.79,1316.73,Two year,Bank transfer (automatic),Fiber optic,No,0,0
C102976,2024-04,13,59.45,736.12,One year,Electronic check,DSL,Yes,1,0
C102977,2023-03,36,46.61,1755.9,One year,Mailed check,DSL,Yes,0,0
C102978,2024-07,11,81.48,894.86,Month-to-month,Electronic check,Fiber optic,No,0,1
C102979,2024-01,10,58.67,566.14,Month-to-month,Electronic check,DSL,Yes,1,1
C102980,2025-04,8,30.67,236.21,One year,Credit card (automatic),No,No,0,0
C102981,2023-10,13,26.54,351.28,Month-to-month,Bank transfer (automatic),No,No,1,0
C102982,2026-01,1,70.81,68.74,Two year,Electronic check,Fiber optic,No,0,0
C102983,2025-01,14,79.09,1106.78,Two year,Electronic check,Fiber optic,Yes,0,0
C102984,2024-07,18,72.66,1267.81,Month-to-month,Electronic check,Fiber optic,Yes,0,1
C102985,2024-05,19,54.26,1018.92,Two year,Credit card (automatic),DSL,No,1,0
C102986,2024-05,7,87.04,625.48,Month-to-month,Bank transfer (automatic),Fiber optic,No,1,1
C102987,2025-04,18,30.37,520.84,One year,Bank transfer (automatic),No,Yes,0,0
C102988,2025-01,18,52.06,911.63,Month-to-month,Electronic check,DSL,No,1,0
C102989,2025-04,18,65.99,1237.87,Two year,Credit card (automatic),Fiber optic,Yes,1,0
C102990,2023-05,28,59.5,1692.48,One year,Credit card (automatic),Fiber optic,No,0,0
C102991,2025-12,7,45.53,330.93,One year,Electronic check,DSL,Yes,1,0
C102992,2023-10,13,77.03,953.75,Month-to-month,Mailed check,Fiber optic,No,0,0
C102993,2026-01,3,35.82,111.52,Month-to-month,Mailed check,No,No,1,1
C102994,2023-11,26,48.04,1284.18,Two year,Bank transfer (automatic),DSL,Yes,0,0
C102995,2024-05,8,60.74,467.74,Month-to-month,Mailed check,DSL,Yes,0,1
C102996,2022-12,31,60.36,1860.41,Month-to-month,Electronic check,DSL,No,0,1
C102997,2023-07,32,64.38,2037.02,Two year,Bank transfer (automatic),Fiber optic,Yes,0,0
C102998,2023-10,14,71.43,1036.42,Month-to-month,Bank transfer (automatic),Fiber optic,Yes,0,0
C102999,2024-03,14,60.92,866.76,Two year,Mailed check,Fiber optic,No,0,0
C103000,2026-05,5,73.46,376.05,Two year,Mailed check,Fiber optic,Yes,0,0
C103001,2023-07,17,30.02,531.47,Month-to-month,Electronic check,No,No,0,0
C103002,2024-06,28,58.13,1597.23,One year,Mailed check,DSL,No,0,0
C103003,2024-02,20,27.24,521.28,Two year,Credit card (automatic),No,Yes,0,0
C103004,2023-05,39,63.36,2455.09,Two year,Bank transfer (automatic),Fiber optic,Yes,0,0
C103005,2024-02,12,59.68,747.63,Month-to-month,Credit card (automatic),DSL,No,0,0
C103006,2024-03,12,43.11,526.4,Month-to-month,Bank transfer (automatic),DSL,No,0,0
C103007,2025-05,8,72.98,556.77,Month-to-month,Bank transfer (automatic),Fiber optic,No,0,0
C103008,2021-07,56,24.15,1417.87,One year,Mailed check,No,Yes,0,0
C103009,2025-11,5,84.15,422.43,Month-to-month,Electronic check,Fiber optic,Yes,0,1
C103010,2022-10,26,85.5,2199.9,Month-to-month,Credit card (automatic),Fiber optic,No,1,1
C103011,2022-12,28,57.54,1610.24,Month-to-month,Bank transfer (automatic),DSL,Yes,1,0
C103012,2024-05,27,51.53,1396.48,Month-to-month,Credit card (automatic),DSL,Yes,0,0
C103013,2024-11,8,39.13,326.19,One year,Bank transfer (automatic),No,No,0,0
C103014,2023-10,14,25.81,356.41,Month-to-month,Mailed check,No,Yes,0,1
C103015,2023-07,24,66.7,1626.7,Month-to-month,Electronic check,Fiber optic,Yes,0,0
C103016,2025-05,10,43.08,414.19,Month-to-month,Mailed check,DSL,Yes,0,1
C103017,2025-02,13,55.61,717.44,Month-to-month,Bank transfer (automatic),DSL,Yes,1,0
C103018,2024-03,10,18.0,187.72,Two year,Credit card (automatic),No,Yes,0,0
C103019,2024-06,17,63.51,1108.09,Month-to-month,Credit card (automatic),DSL,Yes,0,1
C103020,2024-11,17,51.52,913.44,Month-to-month,Mailed check,DSL,No,0,0
C103021,2022-05,44,61.28,2596.22,Two year,Mailed check,Fiber optic,Yes,0,0
C103022,2024-04,24,36.69,877.6,Month-to-month,Electronic check,No,Yes,0,0
C103023,2024-07,6,60.26,362.45,Month-to-month,Mailed check,DSL,No,0,1
C103024,2026-03,6,81.98,471.92,One year,Credit card (automatic),Fiber optic,No,0,0
C103025,2022-09,27,40.4,1093.07,Two year,Bank transfer (automatic),DSL,Yes,1,0
C103026,2024-05,16,63.54,1004.4,Month-to-month,Mailed check,Fiber optic,No,0,1
C103027,2022-02,54,59.96,3078.85,Two year,Credit card (automatic),DSL,No,0,0
C103028,2021-03,54,18.0,934.0,Two year,Electronic check,No,No,0,0
C103029,2024-09,8,67.71,541.05,Month-to-month,Credit card (automatic),Fiber optic,No,0,1
C103030,2023-06,20,30.33,582.84,Month-to-month,Bank transfer (automatic),No,No,0,0
C103031,2025-10,6,64.02,380.25,One year,Electronic check,Fiber optic,No,0,0
C103032,2023-06,26,30.07,819.94,One year,Bank transfer (automatic),No,No,0,0
C103033,2021-05,48,62.11,2963.3,Two year,Electronic check,Fiber optic,No,0,0
C103034,2023-09,18,76.74,1390.32,Two year,Bank transfer (automatic),Fiber optic,Yes,0,0
C103035,2025-04,12,57.11,679.66,One year,Electronic check,DSL,No,0,0
C103036,2024-10,22,29.25,618.22,Two year,Electronic check,No,No,0,0
C103037,2023-06,30,72.87,2253.62,Month-to-month,Bank transfer (automatic),Fiber optic,Yes,0,1
C103038,2023-10,30,68.8,2112.3,Month-to-month,Mailed check,Fiber optic,Yes,1,0
C103039,2025-01,12,74.19,885.33,Month-to-month,Electronic check,Fiber optic,No,0,0
C103040,2024-05,10,67.61,655.19,Month-to-month,Credit card (automatic),Fiber optic,No,0,0
C103041,2023-08,19,83.5,1623.14,One year,Electronic check,Fiber optic,No,1,0
C103042,2025-04,13,73.92,944.56,One year,Bank transfer (automatic),Fiber optic,No,0,0
C103043,2023-02,36,66.78,2401.09,One year,Bank transfer (automatic),Fiber optic,Yes,0,0
C103044,2025-04,13,84.4,1070.38,Month-to-month,Electronic check,Fiber optic,No,0,0
C103045,2023-08,17,68.72,1159.1,Two year,Credit card (automatic),Fiber optic,No,0,0
C103046,2023-04,21,80.39,1757.68,One year,Mailed check,Fiber optic,Yes,1,0
C103047,2026-03,5,38.21,187.2,Month-to-month,Electronic check,No,Yes,0,0
C103048,2024-10,11,77.62,844.23,Month-to-month,Mailed check,Fiber optic,No,0,1
C103049,2021-12,53,47.38,2513.05,Month-to-month,Bank transfer (automatic),DSL,No,0,0
C103050,2022-07,29,68.52,1944.2,One year,Electronic check,Fiber optic,No,1,0
C103051,2025-05,12,51.53,647.35,Month-to-month,Electronic check,No,No,0,0
C103052,2023-12,27,25.49,661.02,One year,Mailed check,No,No,0,0
C103053,2023-04,36,53.46,1851.96,Month-to-month,Bank transfer (automatic),DSL,Yes,0,0
C103054,2024-09,14,27.17,385.27,Month-to-month,Electronic check,No,Yes,0,0
C103055,2023-04,28,49.36,1397.15,Month-to-month,Mailed check,DSL,No,0,0
C103056,2023-10,26,34.22,870.55,Month-to-month,Electronic check,No,No,0,0
C103057,2025-07,6,20.77,119.34,One year,Electronic check,No,No,0,1
C103058,2023-11,14,64.02,863.26,Two year,Bank transfer (automatic),Fiber optic,Yes,0,0
C103059,2022-03,45,31.85,1393.44,Month-to-month,Electronic check,No,No,0,0
C103060,2020-11,52,73.5,3783.77,Month-to-month,Electronic check,Fiber optic,No,0,0
C103061,2022-05,30,69.98,2112.01,Two year,Electronic check,Fiber optic,Yes,0,0
C103062,2024-03,10,29.81,301.67,Month-to-month,Bank transfer (automatic),No,No,0,0
C103063,2025-01,2,47.97,97.82,Month-to-month,Bank transfer (automatic),DSL,No,0,1
C103064,2025-10,9,63.79,548.2,Month-to-month,Mailed check,DSL,Yes,0,1
C103065,2025-06,6,61.86,372.9,Month-to-month,Bank transfer (automatic),DSL,No,0,1
C103066,2022-03,47,63.27,2838.14,Two year,Bank transfer (automatic),Fiber optic,No,1,0
C103067,2025-02,3,77.86,237.12,Month-to-month,Electronic check,Fiber optic,Yes,0,1
C103068,2026-02,6,24.66,145.28,Two year,Electronic check,No,No,0,0
C103069,2024-12,19,34.1,654.88,Two year,Electronic check,No,Yes,0,0
C103070,2024-05,16,32.75,522.79,Two year,Credit card (automatic),No,Yes,1,0
C103071,2022-08,43,76.54,3395.03,Two year,Electronic check,Fiber optic,Yes,0,0
C103072,2023-02,25,21.92,525.96,Two year,Electronic check,No,No,1,0
C103073,2023-09,15,44.67,672.34,One year,Mailed check,DSL,Yes,0,0
C103074,2023-09,37,57.85,2100.16,Two year,Mailed check,Fiber optic,No,0,0
C103075,2023-11,12,71.05,811.04,Month-to-month,Credit card (automatic),DSL,Yes,1,1
C103076,2021-11,45,56.04,2531.41,Two year,Mailed check,DSL,No,0,0
C103077,2024-06,8,62.47,513.86,Month-to-month,Electronic check,DSL,No,1,1
C103078,2023-11,16,46.4,750.85,Month-to-month,Bank transfer (automatic),DSL,Yes,0,0
C103079,2025-05,2,33.81,64.56,Month-to-month,Bank transfer (automatic),No,Yes,1,0
C103080,2023-01,31,64.67,2034.38,Month-to-month,Credit card (automatic),Fiber optic,Yes,1,0
C103081,2023-09,18,32.73,601.92,Month-to-month,Bank transfer (automatic),No,Yes,0,0
C103082,2022-11,46,75.12,3307.65,Month-to-month,Mailed check,Fiber optic,Yes,0,0
C103083,2025-05,14,73.21,1013.23,Month-to-month,Electronic check,Fiber optic,No,1,0
C103084,2025-10,5,51.75,253.54,Month-to-month,Credit card (automatic),DSL,Yes,1,0
C103085,2024-02,23,35.85,845.13,One year,Bank transfer (automatic),No,Yes,0,0
C103086,2024-08,11,51.86,562.94,Month-to-month,Electronic check,DSL,No,0,0
C103087,2023-04,28,83.12,2259.39,Month-to-month,Mailed check,Fiber optic,No,0,0
C103088,2024-05,8,29.72,238.5,Month-to-month,Bank transfer (automatic),No,No,1,0
C103089,2022-04,40,74.24,3046.66,One year,Electronic check,Fiber optic,No,1,0
C103090,2024-07,17,33.3,560.01,Month-to-month,Bank transfer (automatic),No,No,0,0
C103091,2025-01,15,53.36,832.14,Two year,Bank transfer (automatic),DSL,No,0,0
C103092,2021-11,39,73.37,2904.58,One year,Electronic check,Fiber optic,Yes,0,0
C103093,2022-12,31,67.92,2024.71,Month-to-month,Credit card (automatic),DSL,No,0,0
C103094,2025-02,9,81.77,770.98,Month-to-month,Credit card (automatic),Fiber optic,Yes,0,0
C103095,2023-10,30,35.26,1081.44,Two year,Electronic check,DSL,No,0,0
C103096,2023-08,26,70.75,1790.94,One year,Mailed check,Fiber optic,No,0,0
C103097,2024-01,15,38.92,572.69,Month-to-month,Credit card (automatic),No,No,0,1
C103098,2024-03,29,67.12,1941.02,One year,Mailed check,Fiber optic,Yes,1,0
C103099,2022-07,40,28.83,1098.04,One year,Credit card (automatic),No,No,0,0
C103100,2023-11,16,75.48,1255.37,Month-to-month,Electronic check,Fiber optic,No,0,1
C103101,2024-06,16,60.15,922.02,Two year,Bank transfer (automatic),DSL,Yes,0,0
C103102,2025-06,15,62.72,909.87,Two year,Bank transfer (automatic),Fiber optic,Yes,0,0
C103103,2024-03,9,49.58,447.83,Month-to-month,Electronic check,DSL,No,0,0
C103104,2024-12,16,78.03,1285.55,Month-to-month,Bank transfer (automatic),Fiber optic,Yes,0,0
C103105,2023-09,14,30.87,451.13,One year,Electronic check,No,Yes,0,0
C103106,2025-04,14,72.13,970.98,Two year,Electronic check,Fiber optic,No,0,0
C103107,2024-01,14,52.53,699.79,Two year,Electronic check,DSL,No,0,0
C103108,2025-09,6,54.29,332.23,Month-to-month,Electronic check,DSL,Yes,0,0
C103109,2023-03,33,78.36,2526.51,Month-to-month,Electronic check,Fiber optic,No,0,1
C103110,2025-03,11,56.23,595.78,Month-to-month,Mailed check,DSL,No,0,1
C103111,2022-06,42,67.51,2694.86,Two year,Electronic check,Fiber optic,No,1,0
C103112,2024-07,8,74.62,624.66,Month-to-month,Electronic check,Fiber optic,No,1,0
C103113,2021-10,48,68.76,3377.65,One year,Electronic check,Fiber optic,No,0,0
C103114,2025-08,13,25.75,329.5,Month-to-month,Credit card (automatic),No,No,0,0
C103115,2022-09,31,58.35,1826.55,Month-to-month,Electronic check,DSL,Yes,0,0
C103116,2025-02,18,61.16,1143.85,Two year,Bank transfer (automatic),Fiber optic,Yes,0,0
C103117,2024-11,6,59.13,369.39,Month-to-month,Electronic check,DSL,Yes,1,0
C103118,2024-09,6,53.42,321.63,Month-to-month,Electronic check,DSL,Yes,0,0
C103119,2025-06,10,74.38,776.43,Month-to-month,Mailed check,Fiber optic,Yes,0,0
C103120,2025-03,12,53.94,663.97,Month-to-month,Mailed check,DSL,No,0,0
C103121,2024-08,16,31.82,511.51,One year,Mailed check,No,Yes,0,0
C103122,2023-08,21,36.48,756.98,Two year,Bank transfer (automatic),No,Yes,0,0
C103123,2024-03,15,40.82,639.04,Month-to-month,Electronic check,No,No,0,1
C103124,2023-11,20,61.29,1188.38,Month-to-month,Electronic check,DSL,Yes,0,1
C103125,2024-10,23,75.47,1743.49,Month-to-month,Credit card (automatic),Fiber optic,No,1,0
C103126,2023-11,14,76.8,1035.72,One year,Electronic check,Fiber optic,No,0,0
C103127,2024-06,26,38.47,963.57,Two year,Bank transfer (automatic),DSL,No,0,0
C103128,2023-01,30,78.65,2255.66,Month-to-month,Bank transfer (automatic),Fiber optic,Yes,0,0
C103129,2023-04,23,29.94,675.54,Two year,Electronic check,No,Yes,0,0
C103130,2023-05,24,19.53,482.74,One year,Electronic check,No,No,0,0
C103131,2023-05,19,24.11,443.62,Two year,Mailed check,No,No,0,0
C103132,2023-09,35,54.47,1969.83,One year,Bank transfer (automatic),DSL,No,0,0
C103133,2025-02,16,32.29,542.15,Month-to-month,Credit card (automatic),No,Yes,0,0
C103134,2025-08,10,34.54,346.28,One year,Electronic check,No,Yes,1,0
C103135,2023-07,17,79.02,1381.98,Two year,Credit card (automatic),Fiber optic,Yes,0,0
C103136,2024-05,6,54.1,330.05,Month-to-month,Electronic check,DSL,No,0,0
C103137,2024-09,5,65.17,324.53,One year,Electronic check,Fiber optic,Yes,0,0
C103138,2022-12,30,59.93,1759.22,Month-to-month,Mailed check,DSL,Yes,0,0
C103139,2023-01,42,58.33,2491.86,Two year,Credit card (automatic),DSL,No,0,0
C103140,2024-11,13,37.61,475.76,Month-to-month,Mailed check,No,Yes,0,0
C103141,2024-01,30,32.82,971.66,Month-to-month,Bank transfer (automatic),No,Yes,0,0
C103142,2026-05,3,42.0,121.65,Month-to-month,Mailed check,No,Yes,1,0
C103143,2023-12,23,53.36,1236.82,Month-to-month,Credit card (automatic),DSL,No,0,0
C103144,2023-12,16,84.6,1308.21,Month-to-month,Credit card (automatic),Fiber optic,No,0,0
C103145,2021-05,47,62.04,3003.96,Two year,Bank transfer (automatic),Fiber optic,No,0,0
C103146,2024-04,15,55.4,828.98,Two year,Bank transfer (automatic),Fiber optic,No,0,0
C103147,2025-04,7,67.94,485.74,Month-to-month,Mailed check,Fiber optic,No,0,0
C103148,2024-06,5,26.55,132.14,Month-to-month,Credit card (automatic),No,Yes,0,1
C103149,2023-10,17,75.0,1309.99,Month-to-month,Bank transfer (automatic),Fiber optic,Yes,0,1
C103150,2023-09,19,24.4,481.45,Month-to-month,Electronic check,No,No,0,1
C103151,2025-05,14,55.77,778.3,Month-to-month,Credit card (automatic),DSL,No,0,0
C103152,2024-02,31,75.88,2321.55,One year,Bank transfer (automatic),Fiber optic,No,1,0
C103153,2023-02,39,71.12,2834.5,Two year,Bank transfer (automatic),Fiber optic,No,0,0
C103154,2023-12,13,71.17,968.28,One year,Bank transfer (automatic),Fiber optic,No,0,0
C103155,2025-02,3,37.22,108.04,Month-to-month,Electronic check,No,No,0,0
C103156,2024-08,20,48.0,983.66,One year,Mailed check,DSL,Yes,0,0
C103157,2022-11,35,53.55,1781.2,Month-to-month,Electronic check,DSL,No,0,0
C103158,2025-09,13,26.7,363.8,Month-to-month,Credit card (automatic),No,No,0,0
C103159,2024-01,24,78.92,1950.31,Month-to-month,Bank transfer (automatic),Fiber optic,Yes,0,0
C103160,2025-02,7,72.45,529.78,Month-to-month,Credit card (automatic),Fiber optic,Yes,0,0
C103161,2023-06,20,30.0,576.42,Two year,Electronic check,No,Yes,1,0
C103162,2023-06,24,76.9,1762.76,One year,Credit card (automatic),Fiber optic,Yes,0,0
C103163,2024-11,20,68.96,1370.49,One year,Mailed check,Fiber optic,Yes,0,0
C103164,2022-02,55,43.21,2271.82,One year,Mailed check,DSL,Yes,1,0
C103165,2022-07,42,70.65,2835.05,One year,Credit card (automatic),Fiber optic,No,0,0
C103166,2022-09,27,64.23,1663.4,Two year,Bank transfer (automatic),Fiber optic,No,0,0
C103167,2022-04,33,71.15,2245.0,Month-to-month,Credit card (automatic),Fiber optic,Yes,1,0
C103168,2025-02,20,57.17,1097.39,One year,Bank transfer (automatic),Fiber optic,Yes,0,0
C103169,2023-09,16,45.28,714.81,Month-to-month,Electronic check,DSL,No,0,0
C103170,2025-10,12,59.8,717.71,Month-to-month,Mailed check,DSL,No,1,1
C103171,2025-07,7,69.38,466.41,Month-to-month,Credit card (automatic),Fiber optic,Yes,0,1
C103172,2023-03,43,75.94,3311.35,Two year,Mailed check,Fiber optic,No,0,0
C103173,2021-04,56,48.51,2745.92,One year,Bank transfer (automatic),DSL,Yes,1,0
C103174,2023-12,17,31.72,528.21,One year,Electronic check,No,Yes,0,0
C103175,2025-04,17,53.48,891.3,Month-to-month,Mailed check,DSL,Yes,0,0
C103176,2022-10,25,75.9,1989.48,One year,Credit card (automatic),Fiber optic,No,0,0
C103177,2025-02,15,70.48,1036.08,One year,Credit card (automatic),Fiber optic,No,0,0
C103178,2024-08,7,76.28,555.63,Month-to-month,Electronic check,Fiber optic,No,0,1
C103179,2026-04,6,82.38,479.66,Month-to-month,Electronic check,Fiber optic,No,0,1
C103180,2021-11,55,57.83,3078.72,Month-to-month,Electronic check,DSL,Yes,0,0
C103181,2025-06,4,48.67,201.69,One year,Electronic check,DSL,Yes,1,0
C103182,2024-12,21,41.56,882.1,One year,Credit card (automatic),DSL,Yes,1,0
C103183,2024-07,4,54.35,223.18,Month-to-month,Mailed check,DSL,No,0,0
C103184,2023-12,15,77.58,1172.49,Month-to-month,Electronic check,Fiber optic,No,0,0
C103185,2025-06,13,75.92,1033.64,Month-to-month,Bank transfer (automatic),Fiber optic,Yes,0,1
C103186,2025-10,5,49.73,236.94,Month-to-month,Bank transfer (automatic),DSL,No,0,1
C103187,2022-10,26,75.91,1904.62,Month-to-month,Mailed check,Fiber optic,Yes,0,1
C103188,2024-09,7,58.96,396.67,Month-to-month,Credit card (automatic),DSL,Yes,0,0
C103189,2025-09,4,38.36,156.07,Month-to-month,Mailed check,No,Yes,0,0
C103190,2024-01,27,70.64,1871.79,One year,Electronic check,Fiber optic,No,0,0
C103191,2025-08,13,83.74,1119.82,Two year,Credit card (automatic),Fiber optic,Yes,0,0
C103192,2024-02,9,63.72,551.92,Month-to-month,Electronic check,DSL,Yes,1,0
C103193,2024-02,29,73.01,2060.15,One year,Credit card (automatic),Fiber optic,Yes,1,0
C103194,2026-02,7,73.57,492.63,One year,Bank transfer (automatic),Fiber optic,No,0,0
C103195,2025-08,4,38.33,160.88,Month-to-month,Credit card (automatic),No,Yes,0,0
C103196,2022-09,38,44.82,1740.2,Two year,Electronic check,DSL,No,0,0
C103197,2022-04,50,70.19,3372.27,Month-to-month,Mailed check,Fiber optic,No,1,0
C103198,2025-02,15,67.27,1023.88,Month-to-month,Credit card (automatic),Fiber optic,No,1,0
C103199,2024-03,15,70.47,1050.67,One year,Credit card (automatic),Fiber optic,Yes,1,0
C103200,2023-04,30,69.84,2182.4,Month-to-month,Credit card (automatic),Fiber optic,Yes,0,0
C103201,2023-06,35,26.67,899.29,One year,Electronic check,No,Yes,0,0
C103202,2025-06,7,74.79,498.81,Month-to-month,Bank transfer (automatic),Fiber optic,No,0,0
C103203,2024-03,13,46.73,586.47,Month-to-month,Mailed check,DSL,No,1,0
C103204,2023-03,20,38.2,797.43,Month-to-month,Electronic check,No,Yes,1,0
C103205,2023-12,29,59.95,1813.16,One year,Mailed check,DSL,Yes,0,0
C103206,2024-03,27,69.24,1788.83,One year,Bank transfer (automatic),Fiber optic,Yes,1,0
C103207,2023-08,24,59.49,1431.08,Two year,Mailed check,DSL,No,0,0
C103208,2023-02,35,57.33,2043.56,Month-to-month,Electronic check,DSL,Yes,1,0
C103209,2024-06,16,75.59,1149.49,Two year,Credit card (automatic),Fiber optic,No,0,0
C103210,2022-04,43,20.66,845.42,One year,Credit card (automatic),No,Yes,0,0
C103211,2024-04,11,52.98,557.51,Month-to-month,Mailed check,DSL,Yes,0,0
C103212,2024-06,27,56.57,1558.59,One year,Credit card (automatic),DSL,No,0,0
C103213,2024-08,12,54.02,676.77,Month-to-month,Credit card (automatic),DSL,No,0,0
C103214,2023-08,15,53.94,774.16,Month-to-month,Electronic check,DSL,Yes,0,0
C103215,2024-05,17,54.34,890.88,Month-to-month,Bank transfer (automatic),DSL,No,1,0
C103216,2025-06,12,31.04,371.26,One year,Credit card (automatic),No,Yes,1,0
C103217,2022-01,36,69.67,2493.72,Two year,Bank transfer (automatic),Fiber optic,No,0,0
C103218,2025-06,13,59.95,756.93,Two year,Electronic check,DSL,No,0,0
C103219,2023-09,16,49.06,761.44,Month-to-month,Bank transfer (automatic),DSL,No,0,0
C103220,2023-07,25,53.37,1286.16,One year,Bank transfer (automatic),DSL,No,0,0
C103221,2019-03,70,73.22,4997.55,Two year,Bank transfer (automatic),Fiber optic,Yes,0,0
C103222,2024-07,25,47.54,1229.08,Month-to-month,Electronic check,DSL,No,0,0
C103223,2024-12,17,27.94,472.96,Month-to-month,Electronic check,No,Yes,0,0
C103224,2024-12,3,56.04,175.14,Month-to-month,Credit card (automatic),DSL,Yes,0,1
C103225,2024-02,15,81.02,1256.83,One year,Mailed check,Fiber optic,Yes,0,0
C103226,2024-09,10,75.82,760.39,Month-to-month,Credit card (automatic),Fiber optic,No,0,1
C103227,2024-06,13,59.55,799.26,Month-to-month,Mailed check,DSL,No,1,0
C103228,2023-11,12,79.94,927.08,Month-to-month,Credit card (automatic),Fiber optic,No,0,1
C103229,2023-01,25,55.47,1406.27,One year,Electronic check,Fiber optic,No,0,0
C103230,2025-02,15,53.28,834.4,One year,Credit card (automatic),DSL,Yes,1,0
C103231,2024-11,8,27.39,221.74,Month-to-month,Credit card (automatic),No,No,1,0
C103232,2022-12,31,84.02,2602.19,Month-to-month,Mailed check,Fiber optic,Yes,0,0
C103233,2025-12,6,54.79,333.86,Two year,Electronic check,DSL,Yes,0,0
C103234,2024-11,17,77.25,1265.54,One year,Credit card (automatic),Fiber optic,No,0,0
C103235,2025-01,15,75.12,1103.64,One year,Bank transfer (automatic),Fiber optic,No,0,1
C103236,2023-08,21,53.43,1094.23,One year,Bank transfer (automatic),DSL,Yes,0,0
C103237,2022-12,35,74.01,2491.48,Two year,Mailed check,Fiber optic,No,0,0
C103238,2019-10,72,28.67,2107.19,One year,Credit card (automatic),No,No,0,0
C103239,2024-04,17,82.71,1424.94,Month-to-month,Bank transfer (automatic),Fiber optic,Yes,0,0
C103240,2025-09,10,68.59,711.46,Month-to-month,Mailed check,Fiber optic,No,0,0
C103241,2025-03,9,78.23,718.01,One year,Mailed check,Fiber optic,Yes,0,0
C103242,2025-05,9,72.82,675.82,Month-to-month,Electronic check,Fiber optic,No,0,0
C103243,2023-05,21,79.08,1600.76,Month-to-month,Credit card (automatic),Fiber optic,Yes,1,1
C103244,2026-07,2,45.57,87.18,Month-to-month,Credit card (automatic),DSL,Yes,0,0
C103245,2024-08,6,56.62,335.32,Month-to-month,Mailed check,DSL,Yes,0,0
C103246,2023-03,21,71.09,1437.8,One year,Electronic check,Fiber optic,Yes,0,0
C103247,2022-09,32,74.73,2455.37,Month-to-month,Electronic check,Fiber optic,No,1,0
C103248,2022-04,32,64.39,2046.75,Month-to-month,Electronic check,Fiber optic,No,0,0
C103249,2024-06,18,69.2,1300.22,Two year,Credit card (automatic),Fiber optic,Yes,0,0
C103250,2024-01,29,75.78,2107.1,Month-to-month,Bank transfer (automatic),Fiber optic,No,1,0
C103251,2022-04,36,61.31,2305.63,One year,Mailed check,Fiber optic,Yes,0,0
C103252,2025-08,12,23.1,283.5,Month-to-month,Electronic check,No,No,0,0
C103253,2022-05,33,28.55,970.76,Two year,Electronic check,No,No,0,0
C103254,2025-05,4,32.44,129.66,Month-to-month,Bank transfer (automatic),No,Yes,1,0
C103255,2025-02,6,29.7,175.78,Month-to-month,Electronic check,No,No,0,0
C103256,2024-09,13,30.27,402.34,Month-to-month,Electronic check,No,Yes,1,0
C103257,2025-04,4,55.16,231.21,Month-to-month,Credit card (automatic),DSL,No,0,1
C103258,2023-01,25,68.73,1636.83,One year,Bank transfer (automatic),Fiber optic,No,0,0
C103259,2025-06,11,73.93,821.13,Month-to-month,Credit card (automatic),Fiber optic,Yes,1,0
C103260,2024-08,15,60.59,885.89,Two year,Electronic check,Fiber optic,Yes,1,0
C103261,2024-10,16,25.29,400.6,One year,Electronic check,No,Yes,0,0
C103262,2025-05,13,52.55,688.24,One year,Credit card (automatic),DSL,No,0,0
C103263,2024-09,9,60.22,526.64,One year,Credit card (automatic),DSL,No,0,0
C103264,2023-11,24,54.27,1238.72,Month-to-month,Bank transfer (automatic),DSL,No,0,0
C103265,2024-02,11,65.17,685.96,One year,Bank transfer (automatic),DSL,No,1,0
C103266,2025-02,15,86.58,1237.11,Month-to-month,Electronic check,Fiber optic,No,0,0
C103267,2023-08,22,55.42,1163.77,Month-to-month,Bank transfer (automatic),DSL,Yes,0,0
C103268,2022-05,35,48.12,1627.81,Two year,Electronic check,DSL,No,1,0
C103269,2023-04,34,88.6,2995.56,Month-to-month,Electronic check,Fiber optic,Yes,0,0
C103270,2024-07,12,79.48,949.22,Month-to-month,Mailed check,Fiber optic,No,0,1
C103271,2024-07,9,77.63,664.57,Month-to-month,Electronic check,Fiber optic,No,0,1
C103272,2022-12,40,46.27,1763.18,Two year,Electronic check,DSL,No,0,0
C103273,2024-12,11,27.43,294.28,Month-to-month,Electronic check,No,No,0,1
C103274,2024-02,23,49.0,1076.24,Month-to-month,Electronic check,DSL,No,0,0
C103275,2025-10,4,83.93,325.83,Month-to-month,Credit card (automatic),Fiber optic,Yes,0,1
C103276,2025-09,2,33.01,62.95,Month-to-month,Credit card (automatic),No,No,0,0
C103277,2024-09,17,28.14,458.6,Month-to-month,Electronic check,No,No,1,0
C103278,2023-09,14,72.17,1026.61,Month-to-month,Electronic check,Fiber optic,No,0,0
C103279,2022-11,28,49.05,1323.23,Month-to-month,Credit card (automatic),DSL,No,0,0
C103280,2025-05,9,28.38,254.04,One year,Electronic check,No,Yes,0,0
C103281,2023-06,20,73.02,1505.33,One year,Bank transfer (automatic),Fiber optic,Yes,0,0
C103282,2023-10,27,61.35,1583.24,Month-to-month,Electronic check,Fiber optic,No,0,0
C103283,2025-06,9,69.21,608.58,Month-to-month,Bank transfer (automatic),Fiber optic,No,0,0
C103284,2024-07,13,25.94,341.45,Month-to-month,Electronic check,No,No,0,0
C103285,2025-11,7,36.51,247.22,Month-to-month,Bank transfer (automatic),No,Yes,0,1
C103286,2024-03,28,71.68,2011.05,Month-to-month,Mailed check,Fiber optic,Yes,0,0
C103287,2023-10,24,18.0,440.34,Two year,Electronic check,No,Yes,0,0
C103288,2024-03,26,65.39,1776.46,One year,Mailed check,Fiber optic,Yes,0,0
C103289,2023-12,14,63.15,926.02,One year,Mailed check,DSL,Yes,0,0
C103290,2024-02,24,72.76,1687.42,Month-to-month,Credit card (automatic),Fiber optic,Yes,0,0
C103291,2025-05,15,65.77,1023.65,One year,Mailed check,Fiber optic,Yes,0,0
C103292,2022-01,45,58.96,2534.43,Two year,Electronic check,Fiber optic,Yes,0,0
C103293,2024-07,16,55.15,878.01,Month-to-month,Bank transfer (automatic),DSL,No,0,0
C103294,2023-10,32,69.78,2226.21,Two year,Electronic check,Fiber optic,No,0,0
C103295,2025-08,14,57.65,773.55,Month-to-month,Credit card (automatic),DSL,No,0,0
C103296,2023-03,39,85.36,3267.78,Two year,Credit card (automatic),Fiber optic,No,0,0
C103297,2024-11,9,22.58,208.86,Month-to-month,Electronic check,No,No,0,0
C103298,2024-01,22,50.58,1080.95,One year,Bank transfer (automatic),DSL,No,0,0
C103299,2025-06,10,31.75,321.41,Month-to-month,Bank transfer (automatic),No,Yes,0,1
C103300,2024-02,20,50.17,1049.88,One year,Electronic check,DSL,Yes,0,0
C103301,2025-03,11,62.61,657.91,Month-to-month,Bank transfer (automatic),Fiber optic,Yes,0,0
C103302,2024-10,16,31.87,485.18,One year,Mailed check,No,No,0,0
C103303,2025-03,12,51.21,600.11,Month-to-month,Mailed check,DSL,No,0,0
C103304,2023-09,26,48.62,1213.15,Month-to-month,Bank transfer (automatic),DSL,Yes,0,0
C103305,2023-12,23,23.44,516.69,One year,Bank transfer (automatic),No,No,0,0
C103306,2025-09,10,64.31,637.42,Month-to-month,Bank transfer (automatic),DSL,Yes,0,0
C103307,2024-08,10,62.79,637.45,Month-to-month,Mailed check,DSL,No,0,1
C103308,2025-06,8,68.45,560.88,Month-to-month,Bank transfer (automatic),Fiber optic,Yes,0,0
C103309,2026-01,7,44.61,300.05,Month-to-month,Mailed check,DSL,No,0,0
C103310,2024-03,27,60.39,1642.12,Month-to-month,Bank transfer (automatic),DSL,Yes,0,0
C103311,2024-11,8,39.95,326.53,Two year,Electronic check,No,No,0,0
C103312,2023-12,21,86.0,1826.96,One year,Mailed check,Fiber optic,Yes,0,0
C103313,2025-05,11,66.5,728.9,Month-to-month,Mailed check,Fiber optic,No,0,1
C103314,2023-02,32,80.15,2549.68,One year,Electronic check,Fiber optic,Yes,0,0
C103315,2020-12,52,54.97,2938.27,Month-to-month,Electronic check,DSL,No,0,1
C103316,2025-06,1,63.42,61.71,Month-to-month,Mailed check,Fiber optic,Yes,1,0
C103317,2025-11,9,24.84,216.54,Month-to-month,Electronic check,No,Yes,0,0
C103318,2024-07,11,67.29,707.61,One year,Mailed check,Fiber optic,No,0,0
C103319,2024-01,14,71.85,996.08,Two year,Mailed check,Fiber optic,Yes,0,0
C103320,2025-03,14,60.8,865.2,Two year,Bank transfer (automatic),Fiber optic,Yes,0,0
C103321,2024-12,6,35.66,214.48,Month-to-month,Credit card (automatic),No,Yes,1,0
C103322,2021-06,53,77.85,3954.74,Month-to-month,Credit card (automatic),Fiber optic,No,1,0
C103323,2025-06,14,56.72,833.19,Two year,Credit card (automatic),DSL,No,0,0
C103324,2023-02,23,71.04,1612.9,Month-to-month,Credit card (automatic),Fiber optic,Yes,0,0
C103325,2023-02,23,55.18,1206.04,One year,Electronic check,DSL,Yes,0,0
C103326,2024-11,4,21.38,86.42,Two year,Electronic check,No,No,1,0
C103327,2025-08,13,79.06,977.15,Month-to-month,Electronic check,Fiber optic,No,0,1
C103328,2022-10,27,73.58,2066.43,Month-to-month,Electronic check,Fiber optic,Yes,0,1
C103329,2023-03,40,68.16,2753.85,Two year,Credit card (automatic),Fiber optic,Yes,0,0
C103330,2024-11,13,28.6,365.45,One year,Credit card (automatic),No,No,0,0
C103331,2026-01,5,58.55,287.94,Two year,Bank transfer (automatic),Fiber optic,Yes,0,0
C103332,2024-12,10,82.14,788.84,Month-to-month,Credit card (automatic),Fiber optic,Yes,0,0
C103333,2025-06,12,30.5,363.1,Month-to-month,Bank transfer (automatic),No,Yes,0,1
C103334,2024-12,12,35.96,431.59,One year,Mailed check,No,No,0,0
C103335,2024-05,8,78.72,607.83,One year,Electronic check,Fiber optic,No,0,0
C103336,2025-02,5,64.12,326.32,Two year,Credit card (automatic),Fiber optic,Yes,0,0
C103337,2025-06,7,53.38,366.88,Month-to-month,Bank transfer (automatic),DSL,Yes,0,1
C103338,2025-06,10,20.7,198.06,Month-to-month,Mailed check,No,Yes,0,1
C103339,2024-04,27,62.36,1641.19,Month-to-month,Electronic check,DSL,Yes,0,0
C103340,2022-02,34,76.95,2494.94,Month-to-month,Bank transfer (automatic),Fiber optic,No,0,0
C103341,2024-03,18,70.21,1315.56,Two year,Credit card (automatic),Fiber optic,Yes,0,0
C103342,2024-05,7,25.94,180.86,Two year,Mailed check,No,No,0,0
C103343,2024-06,11,49.18,565.85,Month-to-month,Credit card (automatic),DSL,No,0,0
C103344,2026-06,2,58.3,117.93,Two year,Mailed check,DSL,Yes,1,0
C103345,2021-06,41,40.83,1597.45,One year,Credit card (automatic),No,Yes,0,0
C103346,2024-06,10,79.93,773.12,One year,Bank transfer (automatic),Fiber optic,Yes,1,0
C103347,2023-10,22,51.8,1143.23,One year,Bank transfer (automatic),DSL,No,0,0
C103348,2023-01,32,55.14,1677.76,One year,Credit card (automatic),DSL,Yes,0,0
C103349,2022-08,48,34.02,1651.26,Two year,Credit card (automatic),No,No,0,0
C103350,2023-04,29,72.56,2182.93,One year,Electronic check,Fiber optic,Yes,0,0
C103351,2025-07,12,83.67,985.84,One year,Credit card (automatic),Fiber optic,Yes,0,0
C103352,2023-06,24,37.49,930.3,Month-to-month,Mailed check,No,Yes,0,0
C103353,2021-01,47,44.31,2170.97,Two year,Electronic check,No,Yes,1,0
C103354,2025-01,10,76.17,742.96,Month-to-month,Bank transfer (automatic),Fiber optic,No,1,1
C103355,2024-11,5,40.51,201.98,Month-to-month,Mailed check,DSL,No,1,1
C103356,2025-02,8,75.43,592.19,Month-to-month,Mailed check,Fiber optic,No,0,1
C103357,2024-09,22,66.72,1436.31,Two year,Mailed check,Fiber optic,No,0,0
C103358,2024-11,12,51.64,589.26,Two year,Electronic check,DSL,Yes,0,0
C103359,2023-12,15,40.7,594.05,Month-to-month,Electronic check,No,No,0,1
C103360,2022-10,25,51.75,1331.68,Month-to-month,Bank transfer (automatic),DSL,Yes,0,0
C103361,2025-12,8,70.01,582.45,Month-to-month,Electronic check,Fiber optic,No,0,0
C103362,2024-05,15,65.12,956.63,Two year,Bank transfer (automatic),Fiber optic,No,0,0
C103363,2025-03,11,40.52,425.02,Two year,Mailed check,No,Yes,0,0
C103364,2022-08,46,47.84,2255.86,Two year,Electronic check,DSL,No,0,0
C103365,2024-06,28,73.56,2101.36,One year,Electronic check,Fiber optic,Yes,0,0
C103366,2024-11,12,83.08,975.36,One year,Mailed check,Fiber optic,No,0,0
C103367,2023-11,12,33.98,420.58,Month-to-month,Credit card (automatic),No,Yes,0,0
C103368,2020-10,49,55.47,2788.11,Two year,Credit card (automatic),Fiber optic,No,0,0
C103369,2022-03,47,66.1,2980.13,Two year,Mailed check,Fiber optic,No,0,0
C103370,2023-03,22,26.08,573.02,Month-to-month,Electronic check,No,Yes,0,0
C103371,2025-04,16,61.54,951.88,One year,Bank transfer (automatic),Fiber optic,No,0,0
C103372,2024-11,6,49.94,289.69,One year,Mailed check,DSL,Yes,0,0
C103373,2024-07,8,38.67,305.48,Month-to-month,Mailed check,DSL,No,0,0
C103374,2025-06,5,76.95,371.61,Month-to-month,Mailed check,Fiber optic,No,0,0
C103375,2023-03,33,72.04,2455.71,One year,Bank transfer (automatic),Fiber optic,No,0,0
C103376,2025-09,6,46.35,276.55,Two year,Electronic check,DSL,No,0,0
C103377,2024-08,12,64.14,798.26,Month-to-month,Credit card (automatic),Fiber optic,Yes,0,0
C103378,2025-03,3,38.37,115.66,Month-to-month,Mailed check,No,Yes,1,0
C103379,2024-10,4,71.59,289.24,Month-to-month,Electronic check,Fiber optic,No,0,1
C103380,2023-09,26,81.59,2136.13,Month-to-month,Credit card (automatic),Fiber optic,Yes,1,1
C103381,2024-08,20,54.25,1050.77,Month-to-month,Mailed check,DSL,Yes,0,0
C103382,2024-02,16,63.76,983.07,Month-to-month,Electronic check,DSL,No,1,0
C103383,2024-10,12,33.51,394.04,Month-to-month,Electronic check,No,No,0,0
C103384,2025-02,4,75.67,307.85,Month-to-month,Bank transfer (automatic),Fiber optic,No,0,0
C103385,2025-08,11,49.96,569.61,Month-to-month,Bank transfer (automatic),DSL,Yes,1,0
C103386,2024-10,14,82.79,1118.96,Month-to-month,Mailed check,Fiber optic,Yes,0,0
C103387,2023-01,25,51.57,1235.47,One year,Electronic check,DSL,Yes,0,0
C103388,2024-02,32,70.11,2321.29,Month-to-month,Electronic check,Fiber optic,No,0,0
C103389,2024-01,26,54.06,1385.7,Month-to-month,Mailed check,DSL,No,0,0
C103390,2024-02,20,28.52,556.27,One year,Mailed check,No,No,0,0
C103391,2024-07,16,74.24,1129.45,Two year,Mailed check,Fiber optic,No,0,0
C103392,2024-02,19,57.71,1063.69,Two year,Mailed check,Fiber optic,No,1,0
C103393,2024-07,10,89.3,852.13,Month-to-month,Bank transfer (automatic),Fiber optic,Yes,0,0
C103394,2024-03,17,31.58,547.2,One year,Bank transfer (automatic),No,No,0,0
C103395,2023-11,14,50.5,676.51,Two year,Bank transfer (automatic),DSL,Yes,1,0
C103396,2020-04,63,53.26,3439.81,Two year,Bank transfer (automatic),DSL,No,0,0
C103397,2024-07,19,19.61,379.53,One year,Electronic check,No,Yes,0,0
C103398,2025-05,2,30.74,58.61,Month-to-month,Bank transfer (automatic),No,Yes,0,0
C103399,2025-09,11,58.9,679.81,Month-to-month,Electronic check,DSL,No,0,1
C103400,2024-02,13,53.23,725.15,Month-to-month,Bank transfer (automatic),DSL,No,0,1
C103401,2023-05,29,78.14,2367.44,Month-to-month,Mailed check,Fiber optic,Yes,0,0
C103402,2023-12,21,55.36,1133.01,Two year,Bank transfer (automatic),DSL,No,0,0
C103403,2025-02,20,70.63,1436.36,Month-to-month,Credit card (automatic),Fiber optic,Yes,1,0
C103404,2023-07,38,76.49,2891.56,Two year,Mailed check,Fiber optic,Yes,0,0
C103405,2022-02,47,68.64,3172.44,Two year,Electronic check,Fiber optic,Yes,1,0
C103406,2024-06,26,83.44,2153.09,One year,Credit card (automatic),Fiber optic,No,0,0
C103407,2025-01,12,37.86,463.22,Month-to-month,Mailed check,No,No,0,0
C103408,2024-01,12,30.04,346.36,Two year,Mailed check,No,No,0,0
C103409,2022-12,35,70.13,2440.93,Month-to-month,Electronic check,Fiber optic,No,0,0
C103410,2024-05,12,74.33,930.89,Month-to-month,Mailed check,Fiber optic,No,0,1
C103411,2024-10,15,36.05,546.76,Month-to-month,Mailed check,No,Yes,1,1
C103412,2025-01,11,71.64,820.94,Month-to-month,Credit card (automatic),Fiber optic,Yes,0,1
C103413,2024-10,7,55.4,369.41,One year,Bank transfer (automatic),DSL,Yes,0,0
C103414,2020-02,59,56.08,3331.21,One year,Mailed check,DSL,No,0,0
C103415,2025-02,15,49.93,763.72,Two year,Bank transfer (automatic),DSL,No,0,0
C103416,2021-05,42,50.07,2068.95,Month-to-month,Credit card (automatic),DSL,Yes,0,0
C103417,2024-10,12,78.59,907.58,Two year,Electronic check,Fiber optic,Yes,0,0
C103418,2025-07,10,57.85,554.77,Month-to-month,Bank transfer (automatic),DSL,No,0,0
C103419,2024-03,24,67.19,1619.03,Two year,Electronic check,Fiber optic,Yes,0,0
C103420,2023-12,32,25.26,783.46,Month-to-month,Electronic check,No,No,0,0
C103421,2022-11,33,55.99,1764.53,Two year,Bank transfer (automatic),DSL,No,1,0
C103422,2025-06,14,68.58,991.8,Two year,Bank transfer (automatic),Fiber optic,Yes,0,0
C103423,2023-10,26,34.66,928.63,One year,Credit card (automatic),No,Yes,0,0
C103424,2025-11,11,49.47,557.62,Month-to-month,Mailed check,DSL,No,0,1
C103425,2025-01,17,54.62,932.96,One year,Electronic check,DSL,Yes,0,0
C103426,2024-10,13,49.92,650.01,One year,Electronic check,DSL,Yes,0,0
C103427,2024-08,12,85.45,1030.47,Month-to-month,Electronic check,Fiber optic,Yes,0,0
C103428,2024-01,17,74.21,1295.97,One year,Mailed check,Fiber optic,No,0,0
C103429,2025-11,6,21.63,131.86,Two year,Mailed check,No,No,0,0
C103430,2023-09,30,74.61,2158.66,Two year,Bank transfer (automatic),Fiber optic,No,0,0
C103431,2025-01,12,82.41,973.89,Month-to-month,Electronic check,Fiber optic,No,0,1
C103432,2023-07,29,27.98,826.3,Month-to-month,Electronic check,No,No,0,0
C103433,2025-05,8,50.14,403.17,Month-to-month,Electronic check,DSL,Yes,0,0
C103434,2025-07,12,61.78,773.35,Month-to-month,Bank transfer (automatic),Fiber optic,Yes,0,1
C103435,2024-07,6,75.6,443.55,Two year,Electronic check,Fiber optic,Yes,0,0
C103436,2025-09,6,64.48,395.48,Month-to-month,Electronic check,Fiber optic,No,0,0
C103437,2024-09,8,74.71,610.29,Month-to-month,Mailed check,Fiber optic,No,0,1
C103438,2024-11,8,44.65,366.33,Month-to-month,Electronic check,DSL,No,0,0
C103439,2025-01,6,40.81,248.34,Month-to-month,Mailed check,No,No,0,1
C103440,2023-07,16,77.01,1279.98,Two year,Credit card (automatic),Fiber optic,No,1,0
C103441,2024-08,24,73.8,1820.99,One year,Electronic check,Fiber optic,No,1,0
C103442,2024-01,25,36.29,935.89,Month-to-month,Electronic check,No,Yes,1,0
C103443,2025-12,3,74.21,221.43,Month-to-month,Electronic check,Fiber optic,No,0,0
C103444,2023-10,13,25.05,311.64,Month-to-month,Electronic check,No,No,0,1
C103445,2025-09,12,44.94,541.81,Month-to-month,Credit card (automatic),DSL,No,0,1
C103446,2023-01,38,55.35,2098.99,Two year,Bank transfer (automatic),DSL,No,0,0
C103447,2024-09,13,48.94,663.49,Month-to-month,Mailed check,DSL,No,0,1
C103448,2025-07,15,70.16,1071.1,Month-to-month,Bank transfer (automatic),DSL,No,0,0
C103449,2026-03,5,62.33,320.73,Two year,Electronic check,Fiber optic,Yes,0,0
C103450,2024-05,8,58.87,480.31,One year,Mailed check,DSL,No,0,0
C103451,2026-06,4,82.66,335.15,Month-to-month,Electronic check,Fiber optic,Yes,1,1
C103452,2025-01,17,20.76,367.52,One year,Credit card (automatic),No,Yes,0,0
C103453,2022-11,39,66.3,2473.8,Two year,Bank transfer (automatic),Fiber optic,Yes,0,0
C103454,2025-05,9,73.62,687.34,Month-to-month,Electronic check,Fiber optic,No,0,1
C103455,2024-04,13,48.5,649.66,Two year,Bank transfer (automatic),No,Yes,0,0
C103456,2025-07,8,73.53,617.25,Month-to-month,Electronic check,Fiber optic,Yes,0,0
C103457,2025-02,10,23.17,223.26,Month-to-month,Electronic check,No,No,0,0
C103458,2024-05,17,57.95,1018.91,Month-to-month,Electronic check,DSL,No,0,0
C103459,2022-04,52,62.71,3177.52,Two year,Electronic check,Fiber optic,Yes,0,0
C103460,2022-12,38,50.23,1825.1,Two year,Electronic check,DSL,No,0,0
C103461,2022-01,45,52.27,2293.66,Month-to-month,Credit card (automatic),DSL,No,1,1
C103462,2023-11,29,53.71,1502.92,Two year,Electronic check,DSL,No,1,0
C103463,2024-11,13,65.63,834.99,Two year,Mailed check,Fiber optic,No,0,0
C103464,2024-09,12,50.82,635.14,Month-to-month,Electronic check,DSL,No,0,0
C103465,2024-02,9,81.47,744.65,Month-to-month,Electronic check,Fiber optic,No,0,0
C103466,2024-08,13,73.73,965.29,One year,Electronic check,Fiber optic,Yes,0,0
C103467,2023-03,40,55.17,2288.9,Month-to-month,Electronic check,DSL,Yes,0,0
C103468,2022-02,39,57.45,2329.9,Two year,Electronic check,Fiber optic,Yes,0,0
C103469,2020-02,64,32.53,2178.43,One year,Electronic check,No,No,0,0
C103470,2024-08,18,24.78,462.85,Two year,Electronic check,No,No,0,0
C103471,2024-11,6,30.47,188.64,One year,Bank transfer (automatic),No,Yes,0,0
C103472,2024-09,23,57.93,1270.05,Two year,Credit card (automatic),Fiber optic,No,0,0
C103473,2020-10,52,52.26,2733.08,Two year,Electronic check,DSL,Yes,0,0
C103474,2022-12,43,56.16,2388.86,Month-to-month,Bank transfer (automatic),DSL,No,0,1
C103475,2024-03,11,73.62,774.41,Month-to-month,Bank transfer (automatic),Fiber optic,No,0,0
C103476,2025-09,6,24.68,142.02,Month-to-month,Bank transfer (automatic),No,No,0,0
C103477,2025-07,6,62.0,369.35,Month-to-month,Bank transfer (automatic),DSL,No,0,1
C103478,2025-07,9,50.52,474.94,Month-to-month,Mailed check,DSL,No,0,0
C103479,2024-07,10,80.46,800.93,Month-to-month,Credit card (automatic),Fiber optic,No,0,1
C103480,2024-06,13,81.28,1085.48,Month-to-month,Electronic check,Fiber optic,No,0,1
C103481,2023-12,25,67.01,1627.05,One year,Mailed check,Fiber optic,No,0,0
C103482,2024-04,12,34.49,402.96,Month-to-month,Bank transfer (automatic),No,No,0,0
C103483,2023-09,16,69.42,1148.81,One year,Credit card (automatic),Fiber optic,Yes,0,0
C103484,2025-09,4,33.83,132.48,Month-to-month,Mailed check,No,Yes,0,0
C103485,2024-09,9,69.38,633.73,Month-to-month,Credit card (automatic),Fiber optic,Yes,0,1
C103486,2024-05,8,71.31,542.1,One year,Bank transfer (automatic),Fiber optic,No,0,0
C103487,2026-05,4,55.46,211.37,Month-to-month,Bank transfer (automatic),DSL,Yes,0,0
C103488,2025-04,12,74.82,895.58,Month-to-month,Credit card (automatic),Fiber optic,No,0,1
C103489,2026-02,4,57.29,231.22,Month-to-month,Bank transfer (automatic),DSL,No,0,0
C103490,2024-09,11,50.15,528.41,Month-to-month,Mailed check,DSL,No,0,1
C103491,2023-08,17,51.69,904.01,Month-to-month,Bank transfer (automatic),DSL,No,0,0
C103492,2021-07,40,73.28,2803.8,Two year,Electronic check,Fiber optic,Yes,0,0
C103493,2025-01,8,52.53,426.92,Month-to-month,Credit card (automatic),DSL,Yes,0,1
C103494,2023-07,17,47.62,823.64,Two year,Credit card (automatic),DSL,No,0,0
C103495,2024-06,10,66.95,665.43,One year,Bank transfer (automatic),Fiber optic,No,0,0
C103496,2024-12,4,52.24,208.17,Month-to-month,Electronic check,DSL,Yes,0,1
C103497,2021-10,40,44.44,1689.13,Two year,Electronic check,DSL,Yes,0,0
C103498,2023-09,18,33.18,599.28,One year,Electronic check,No,No,0,0
C103499,2024-11,22,72.31,1559.36,Month-to-month,Electronic check,Fiber optic,Yes,0,0
C103500,2021-11,45,21.1,923.57,Two year,Bank transfer (automatic),No,Yes,0,0
C103501,2025-09,11,49.38,521.88,Two year,Credit card (automatic),DSL,No,0,0
C103502,2026-02,5,66.62,336.88,Month-to-month,Bank transfer (automatic),Fiber optic,No,0,0
C103503,2024-04,8,49.87,413.16,Month-to-month,Mailed check,DSL,Yes,0,0
C103504,2025-01,5,83.13,400.06,Month-to-month,Credit card (automatic),Fiber optic,No,0,0
C103505,2022-11,33,23.47,792.24,Month-to-month,Credit card (automatic),No,No,0,0
C103506,2020-07,53,26.74,1414.4,Two year,Bank transfer (automatic),No,Yes,0,0
C103507,2023-12,17,85.24,1378.07,One year,Mailed check,Fiber optic,No,0,0
C103508,2023-08,26,52.1,1353.16,Two year,Bank transfer (automatic),DSL,No,0,0
C103509,2023-07,30,71.94,2232.83,Month-to-month,Mailed check,Fiber optic,No,1,0
C103510,2022-04,47,60.07,2952.55,One year,Electronic check,Fiber optic,No,0,0
C103511,2022-01,52,70.0,3627.91,Two year,Bank transfer (automatic),Fiber optic,Yes,0,0
C103512,2025-11,3,70.39,210.11,Month-to-month,Bank transfer (automatic),Fiber optic,Yes,0,1
C103513,2025-10,10,78.35,771.25,Month-to-month,Electronic check,Fiber optic,No,0,1
C103514,2025-06,16,50.94,805.14,Month-to-month,Credit card (automatic),DSL,Yes,0,0
C103515,2025-08,9,76.66,688.29,Month-to-month,Credit card (automatic),Fiber optic,No,0,0
C103516,2024-10,13,61.48,765.64,One year,Bank transfer (automatic),DSL,Yes,0,0
C103517,2024-11,21,79.03,1684.19,Month-to-month,Electronic check,Fiber optic,Yes,0,1
C103518,2024-06,21,64.09,1326.62,One year,Electronic check,Fiber optic,Yes,0,0
C103519,2022-06,30,72.53,2210.85,One year,Bank transfer (automatic),Fiber optic,No,0,0
C103520,2024-05,16,56.38,914.05,Two year,Credit card (automatic),DSL,No,0,0
C103521,2024-12,2,62.88,130.62,One year,Mailed check,Fiber optic,Yes,0,0
C103522,2025-06,12,85.12,999.09,Month-to-month,Electronic check,Fiber optic,No,0,0
C103523,2023-08,20,55.85,1165.65,Month-to-month,Electronic check,DSL,No,0,0
C103524,2024-01,31,72.46,2282.03,Two year,Electronic check,Fiber optic,No,0,0
C103525,2024-06,28,52.94,1500.36,Month-to-month,Bank transfer (automatic),DSL,Yes,0,0
C103526,2025-07,15,75.28,1135.41,Month-to-month,Mailed check,Fiber optic,Yes,0,0
C103527,2025-01,9,69.63,608.14,Month-to-month,Electronic check,Fiber optic,No,0,1
C103528,2025-07,15,81.28,1159.12,One year,Mailed check,Fiber optic,No,1,0
C103529,2026-02,3,65.76,198.42,Month-to-month,Credit card (automatic),DSL,No,0,0
C103530,2024-08,10,67.88,706.96,Month-to-month,Mailed check,DSL,Yes,0,1
C103531,2023-10,35,61.41,2224.01,One year,Electronic check,Fiber optic,No,1,0
C103532,2023-10,15,52.58,755.36,Two year,Bank transfer (automatic),DSL,No,0,0
C103533,2025-02,20,32.59,639.47,Month-to-month,Credit card (automatic),No,Yes,0,0
C103534,2024-10,5,70.77,353.07,Month-to-month,Electronic check,Fiber optic,Yes,0,1
C103535,2022-10,31,74.24,2298.76,One year,Electronic check,Fiber optic,Yes,0,0
C103536,2023-12,14,46.38,628.87,Month-to-month,Bank transfer (automatic),DSL,Yes,0,1
C103537,2024-05,20,38.83,790.76,Month-to-month,Electronic check,No,No,1,1
C103538,2024-10,23,65.8,1511.06,Month-to-month,Credit card (automatic),Fiber optic,Yes,1,0
C103539,2023-02,30,76.5,2377.52,Month-to-month,Bank transfer (automatic),Fiber optic,No,1,1
C103540,2023-06,18,73.74,1294.25,Two year,Electronic check,Fiber optic,Yes,0,0
C103541,2024-02,14,51.4,749.07,Month-to-month,Credit card (automatic),DSL,Yes,1,0
C103542,2025-01,6,35.84,222.03,Two year,Bank transfer (automatic),No,No,0,0
C103543,2025-08,4,44.05,174.69,Month-to-month,Mailed check,DSL,Yes,0,0
C103544,2024-11,18,29.82,553.38,Month-to-month,Electronic check,No,No,0,0
C103545,2024-11,20,18.68,378.63,One year,Bank transfer (automatic),No,No,0,0
C103546,2024-11,22,64.36,1409.32,Two year,Credit card (automatic),Fiber optic,Yes,0,0
C103547,2024-04,8,27.04,216.56,Month-to-month,Electronic check,No,No,0,0
C103548,2024-02,10,51.67,519.21,Month-to-month,Mailed check,DSL,No,0,0
C103549,2024-02,17,79.63,1316.83,One year,Credit card (automatic),Fiber optic,No,0,0
C103550,2025-01,11,67.97,721.74,Month-to-month,Mailed check,Fiber optic,Yes,0,0
C103551,2020-10,68,59.67,4173.91,Two year,Electronic check,Fiber optic,Yes,0,0
C103552,2024-01,10,69.41,665.42,One year,Electronic check,Fiber optic,No,0,0
C103553,2023-09,21,75.68,1619.3,Month-to-month,Bank transfer (automatic),Fiber optic,Yes,0,0
C103554,2024-05,28,72.02,2093.02,Two year,Bank transfer (automatic),Fiber optic,Yes,0,0
C103555,2023-07,29,61.92,1784.27,Month-to-month,Electronic check,DSL,No,0,0
C103556,2025-03,11,59.1,667.97,One year,Electronic check,Fiber optic,No,0,0
C103557,2023-04,23,60.73,1447.67,Two year,Bank transfer (automatic),DSL,No,1,0
C103558,2023-08,21,67.09,1378.33,One year,Bank transfer (automatic),Fiber optic,No,0,0
C103559,2023-05,24,48.93,1145.01,Two year,Electronic check,DSL,Yes,0,0
C103560,2023-11,17,69.14,1179.07,Two year,Mailed check,Fiber optic,Yes,0,0
C103561,2023-12,28,18.0,524.56,Month-to-month,Bank transfer (automatic),No,No,0,0
C103562,2024-05,19,27.41,530.93,Month-to-month,Electronic check,No,Yes,0,0
C103563,2024-12,5,80.95,391.94,Month-to-month,Electronic check,Fiber optic,No,0,0
C103564,2024-10,18,56.59,1008.44,One year,Credit card (automatic),DSL,Yes,0,1
C103565,2024-01,20,69.0,1390.98,One year,Credit card (automatic),Fiber optic,Yes,0,0
C103566,2023-01,26,73.28,1880.86,One year,Electronic check,Fiber optic,Yes,0,0
C103567,2023-12,18,55.57,969.5,One year,Credit card (automatic),DSL,Yes,1,0
C103568,2022-03,47,27.25,1320.65,One year,Bank transfer (automatic),No,No,0,0
C103569,2024-10,15,57.95,885.71,Month-to-month,Credit card (automatic),DSL,No,0,0
C103570,2024-08,11,70.2,794.27,Month-to-month,Credit card (automatic),Fiber optic,No,0,0
C103571,2023-06,38,63.33,2325.23,Two year,Bank transfer (automatic),Fiber optic,No,0,0
C103572,2024-02,14,28.22,381.38,Month-to-month,Mailed check,No,No,0,0
C103573,2025-06,16,60.51,929.02,Month-to-month,Electronic check,Fiber optic,Yes,0,0
C103574,2023-07,20,59.16,1201.58,Month-to-month,Mailed check,DSL,No,0,1
C103575,2023-08,19,69.5,1373.68,Two year,Mailed check,Fiber optic,Yes,0,0
C103576,2023-07,24,28.67,712.41,Month-to-month,Bank transfer (automatic),No,No,0,0
C103577,2024-03,25,76.78,1873.27,One year,Electronic check,Fiber optic,No,0,0
C103578,2025-03,10,57.32,563.83,Month-to-month,Credit card (automatic),DSL,No,0,1
C103579,2025-02,6,81.38,487.3,Month-to-month,Credit card (automatic),Fiber optic,Yes,0,1
C103580,2024-05,7,39.48,263.08,Month-to-month,Electronic check,No,Yes,0,0
C103581,2022-03,35,54.78,1950.39,One year,Bank transfer (automatic),DSL,Yes,0,0
C103582,2025-08,13,67.68,854.99,One year,Credit card (automatic),Fiber optic,Yes,0,0
C103583,2022-09,27,79.35,2209.78,Month-to-month,Bank transfer (automatic),Fiber optic,No,1,0
C103584,2023-04,26,64.7,1684.9,Two year,Credit card (automatic),Fiber optic,Yes,0,0
C103585,2023-07,16,48.23,745.06,One year,Mailed check,DSL,No,0,0
C103586,2025-06,8,48.84,400.47,Two year,Electronic check,DSL,No,0,0
C103587,2023-01,26,81.95,2196.42,Month-to-month,Mailed check,Fiber optic,Yes,0,0
C103588,2025-04,16,59.5,985.81,Month-to-month,Mailed check,DSL,Yes,0,0
C103589,2025-04,6,60.32,347.65,Month-to-month,Electronic check,DSL,Yes,0,0
C103590,2025-01,11,72.74,797.75,One year,Bank transfer (automatic),Fiber optic,No,0,0
C103591,2025-12,4,58.42,223.21,Month-to-month,Bank transfer (automatic),DSL,No,0,1
C103592,2025-03,12,78.61,986.56,Month-to-month,Mailed check,Fiber optic,Yes,0,0
C103593,2025-05,17,25.87,438.34,Month-to-month,Mailed check,No,Yes,0,0
C103594,2024-04,15,78.53,1208.95,Month-to-month,Mailed check,Fiber optic,Yes,0,1
C103595,2025-04,13,54.98,696.87,Month-to-month,Mailed check,DSL,Yes,0,0
C103596,2025-05,17,48.17,795.15,Two year,Mailed check,DSL,No,0,0
C103597,2024-06,23,72.86,1672.69,Month-to-month,Electronic check,Fiber optic,No,0,0
C103598,2022-11,29,71.69,2101.47,Month-to-month,Credit card (automatic),Fiber optic,Yes,0,0
C103599,2023-02,32,28.31,885.32,Month-to-month,Credit card (automatic),No,No,0,0
C103600,2025-08,9,74.95,664.32,Month-to-month,Mailed check,Fiber optic,Yes,0,0
C103601,2022-09,34,72.99,2460.65,Two year,Bank transfer (automatic),Fiber optic,No,0,0
C103602,2025-02,16,84.06,1279.06,Month-to-month,Credit card (automatic),Fiber optic,No,0,0
C103603,2023-11,12,72.41,846.35,Two year,Electronic check,Fiber optic,No,0,0
C103604,2026-01,7,55.7,400.55,Month-to-month,Electronic check,DSL,Yes,1,0
C103605,2024-03,22,60.0,1361.31,One year,Electronic check,Fiber optic,No,0,0
C103606,2024-01,21,67.31,1446.92,One year,Mailed check,DSL,No,0,0
C103607,2024-02,10,70.75,681.99,Month-to-month,Electronic check,Fiber optic,Yes,1,0
C103608,2025-09,11,70.95,752.5,Month-to-month,Bank transfer (automatic),Fiber optic,Yes,1,0
C103609,2024-01,14,37.59,516.29,Month-to-month,Mailed check,No,No,0,0
C103610,2025-04,12,43.99,512.79,Two year,Electronic check,DSL,Yes,0,0
C103611,2024-09,9,32.23,276.22,Month-to-month,Mailed check,No,No,1,1
C103612,2026-02,6,72.22,421.25,Month-to-month,Electronic check,Fiber optic,Yes,0,1
C103613,2023-08,34,73.48,2494.66,Month-to-month,Mailed check,Fiber optic,Yes,1,0
C103614,2023-12,11,75.3,837.24,Month-to-month,Electronic check,Fiber optic,No,1,0
C103615,2023-11,21,22.84,459.95,Month-to-month,Electronic check,No,Yes,0,0
C103616,2024-10,24,74.26,1760.08,Month-to-month,Electronic check,Fiber optic,Yes,0,0
C103617,2023-10,22,61.16,1328.93,Month-to-month,Bank transfer (automatic),DSL,Yes,0,0
C103618,2023-04,25,74.55,1795.36,Month-to-month,Electronic check,Fiber optic,No,0,1
C103619,2023-06,22,50.99,1172.02,Month-to-month,Bank transfer (automatic),No,Yes,1,0
C103620,2025-06,10,72.55,761.32,One year,Credit card (automatic),Fiber optic,No,1,0
C103621,2024-08,13,22.82,285.19,Month-to-month,Mailed check,No,No,0,0
C103622,2023-10,33,24.47,789.2,Two year,Electronic check,No,Yes,0,0
C103623,2023-12,11,43.39,453.98,Month-to-month,Bank transfer (automatic),DSL,Yes,0,1
C103624,2025-01,16,34.07,560.9,Two year,Electronic check,No,Yes,0,0
C103625,2024-07,23,78.63,1793.85,Two year,Credit card (automatic),Fiber optic,Yes,0,0
C103626,2022-01,41,57.86,2486.52,One year,Bank transfer (automatic),DSL,No,1,0
C103627,2023-12,31,66.96,2074.8,One year,Mailed check,Fiber optic,No,1,0
C103628,2025-11,8,24.77,189.61,Month-to-month,Electronic check,No,No,1,1
C103629,2023-09,20,79.42,1639.32,Month-to-month,Bank transfer (automatic),Fiber optic,No,1,1
C103630,2024-12,19,51.87,1013.49,Month-to-month,Bank transfer (automatic),DSL,Yes,0,0
C103631,2023-10,13,66.84,842.97,One year,Electronic check,Fiber optic,No,0,0
C103632,2023-11,16,63.17,978.55,Two year,Bank transfer (automatic),Fiber optic,No,0,0
C103633,2025-07,10,86.21,899.46,Month-to-month,Electronic check,Fiber optic,No,0,1
C103634,2025-07,14,69.22,1017.09,One year,Credit card (automatic),Fiber optic,No,0,0
C103635,2025-10,11,79.99,898.92,Month-to-month,Credit card (automatic),Fiber optic,Yes,0,0
C103636,2024-04,17,78.3,1287.3,Month-to-month,Electronic check,Fiber optic,No,1,1
C103637,2024-07,12,49.91,580.82,Month-to-month,Electronic check,DSL,Yes,1,0
C103638,2022-06,44,27.84,1245.33,Two year,Mailed check,No,No,1,0
C103639,2023-11,18,46.79,807.33,One year,Credit card (automatic),DSL,Yes,1,0
C103640,2024-05,15,83.69,1217.6,Month-to-month,Electronic check,Fiber optic,Yes,1,0
C103641,2024-08,14,24.54,326.68,Month-to-month,Electronic check,No,No,0,0
C103642,2025-09,13,74.19,968.42,One year,Bank transfer (automatic),Fiber optic,Yes,0,0
C103643,2025-11,6,69.03,419.0,One year,Electronic check,Fiber optic,No,0,1
C103644,2024-01,27,49.45,1397.77,Month-to-month,Electronic check,DSL,No,0,1
C103645,2022-09,38,75.46,2751.57,Two year,Bank transfer (automatic),Fiber optic,No,0,0
C103646,2025-07,11,71.87,823.49,Month-to-month,Mailed check,Fiber optic,Yes,1,1
C103647,2023-06,33,18.0,582.42,One year,Bank transfer (automatic),No,Yes,0,0
C103648,2020-12,67,77.55,5394.03,Month-to-month,Electronic check,Fiber optic,Yes,0,0
C103649,2022-01,52,46.36,2453.6,Two year,Mailed check,DSL,No,0,0
C103650,2022-01,37,53.75,1954.96,One year,Mailed check,DSL,No,0,0
C103651,2025-04,6,35.14,218.94,Month-to-month,Mailed check,No,No,0,1
C103652,2024-06,6,74.14,449.11,One year,Credit card (automatic),Fiber optic,No,0,0
C103653,2024-08,25,55.93,1419.76,Two year,Electronic check,DSL,Yes,0,0
C103654,2024-08,16,64.21,1067.59,One year,Mailed check,Fiber optic,No,0,0
C103655,2025-02,3,59.99,179.15,One year,Credit card (automatic),DSL,Yes,0,0
C103656,2024-03,12,53.22,613.9,Month-to-month,Electronic check,DSL,No,0,0
C103657,2023-04,24,19.04,437.8,Two year,Credit card (automatic),No,No,0,0
C103658,2024-10,14,60.27,828.86,Month-to-month,Mailed check,Fiber optic,No,0,0
C103659,2023-07,16,48.75,807.89,Two year,Electronic check,DSL,Yes,0,0
C103660,2025-11,6,25.28,158.51,Month-to-month,Electronic check,No,Yes,0,0
C103661,2024-01,12,25.38,306.5,Month-to-month,Electronic check,No,No,0,0
C103662,2022-10,25,32.01,805.88,Month-to-month,Credit card (automatic),No,Yes,0,0
C103663,2025-04,11,82.32,882.63,One year,Credit card (automatic),Fiber optic,Yes,0,0
C103664,2022-04,35,23.39,850.0,One year,Bank transfer (automatic),No,No,0,0
C103665,2024-11,16,51.15,809.45,Two year,Electronic check,DSL,No,0,0
C103666,2023-04,22,26.59,583.95,Month-to-month,Mailed check,No,Yes,0,0
C103667,2023-12,24,69.08,1734.19,Month-to-month,Mailed check,Fiber optic,Yes,0,0
C103668,2024-02,24,46.7,1154.05,One year,Electronic check,DSL,No,1,0
C103669,2024-10,7,64.85,465.93,Month-to-month,Electronic check,DSL,Yes,0,1
C103670,2025-08,9,55.08,493.31,Month-to-month,Mailed check,DSL,No,0,1
C103671,2026-07,3,67.86,196.34,Two year,Mailed check,Fiber optic,No,0,0
C103672,2023-12,13,24.69,316.12,One year,Bank transfer (automatic),No,No,1,0
C103673,2024-03,8,55.4,440.23,Month-to-month,Mailed check,DSL,No,1,0
C103674,2025-10,11,26.17,296.44,Month-to-month,Electronic check,No,No,0,0
C103675,2024-04,14,80.58,1158.49,Two year,Electronic check,Fiber optic,No,0,0
C103676,2025-02,18,54.31,1018.66,One year,Bank transfer (automatic),DSL,No,0,0
C103677,2023-12,14,69.84,935.9,Two year,Bank transfer (automatic),Fiber optic,No,1,0
C103678,2025-03,14,55.7,775.23,Month-to-month,Electronic check,DSL,Yes,0,0
C103679,2023-10,20,60.65,1253.07,One year,Credit card (automatic),DSL,No,0,0
C103680,2025-02,16,74.87,1194.03,Month-to-month,Bank transfer (automatic),Fiber optic,Yes,0,0
C103681,2022-07,29,25.94,732.07,One year,Electronic check,No,Yes,0,0
C103682,2024-12,16,51.57,849.69,Two year,Electronic check,DSL,No,1,0
C103683,2021-09,42,55.35,2220.21,Two year,Credit card (automatic),DSL,Yes,0,0
C103684,2024-07,7,82.1,566.77,Month-to-month,Mailed check,Fiber optic,Yes,0,1
C103685,2024-11,13,70.29,930.81,Two year,Electronic check,Fiber optic,No,0,0
C103686,2025-09,10,31.38,303.14,Month-to-month,Mailed check,No,No,0,0
C103687,2023-11,18,77.96,1450.83,One year,Electronic check,Fiber optic,No,0,0
C103688,2026-02,7,18.0,124.71,Month-to-month,Bank transfer (automatic),No,No,0,0
C103689,2024-07,5,75.53,373.16,Month-to-month,Bank transfer (automatic),Fiber optic,No,0,0
C103690,2025-06,8,51.49,430.42,Month-to-month,Credit card (automatic),DSL,No,0,0
C103691,2024-07,5,75.35,363.44,Month-to-month,Bank transfer (automatic),Fiber optic,Yes,0,1
C103692,2025-08,14,54.93,764.13,One year,Bank transfer (automatic),DSL,Yes,0,0
C103693,2023-07,18,79.47,1432.06,One year,Electronic check,Fiber optic,Yes,0,0
C103694,2026-03,4,46.69,179.23,Month-to-month,Credit card (automatic),DSL,No,0,0
C103695,2024-04,12,50.68,596.95,Month-to-month,Electronic check,DSL,Yes,0,0
C103696,2023-06,31,24.66,766.94,Month-to-month,Electronic check,No,No,0,0
C103697,2022-06,37,26.36,1016.5,Month-to-month,Credit card (automatic),No,No,0,0
C103698,2024-03,26,63.78,1653.3,One year,Credit card (automatic),Fiber optic,No,0,0
C103699,2025-07,2,87.82,176.67,Month-to-month,Mailed check,Fiber optic,No,0,1
C103700,2024-03,17,35.22,609.23,Month-to-month,Mailed check,No,Yes,0,0
C103701,2023-08,34,50.35,1651.25,Month-to-month,Electronic check,DSL,Yes,0,1
C103702,2024-07,11,69.09,733.17,Two year,Bank transfer (automatic),Fiber optic,No,0,1
C103703,2025-05,6,50.19,300.49,One year,Electronic check,DSL,No,0,0
C103704,2023-05,32,29.74,963.5,One year,Electronic check,No,Yes,1,0
C103705,2023-08,35,45.99,1580.26,Two year,Mailed check,DSL,No,0,0
C103706,2025-05,16,59.86,917.66,Two year,Credit card (automatic),Fiber optic,Yes,0,0
C103707,2026-01,6,51.57,317.32,Month-to-month,Credit card (automatic),DSL,Yes,0,0
C103708,2025-04,4,83.29,339.8,Month-to-month,Credit card (automatic),Fiber optic,Yes,0,0
C103709,2024-11,20,19.89,414.04,One year,Bank transfer (automatic),No,No,0,0
C103710,2025-11,10,57.18,588.48,Two year,Electronic check,DSL,No,0,0
C103711,2024-08,15,32.16,494.01,One year,Electronic check,No,No,0,0
C103712,2024-01,14,52.6,738.08,Month-to-month,Mailed check,DSL,No,1,1
C103713,2025-12,8,73.5,613.75,Two year,Electronic check,Fiber optic,Yes,0,0
C103714,2025-05,4,73.25,298.51,One year,Bank transfer (automatic),Fiber optic,Yes,0,0
C103715,2024-03,11,42.18,445.96,Month-to-month,Mailed check,DSL,No,0,0
C103716,2023-07,17,66.57,1163.1,Two year,Credit card (automatic),Fiber optic,Yes,0,0
C103717,2023-07,18,69.75,1220.97,One year,Mailed check,Fiber optic,No,0,0
C103718,2024-04,9,80.67,748.36,One year,Mailed check,Fiber optic,No,0,0
C103719,2022-07,35,66.6,2445.26,Two year,Bank transfer (automatic),Fiber optic,No,0,0
C103720,2024-10,6,73.73,426.02,Month-to-month,Bank transfer (automatic),Fiber optic,No,0,1
C103721,2023-04,30,43.63,1253.98,Two year,Electronic check,DSL,No,0,0
C103722,2023-12,17,54.62,954.61,Month-to-month,Bank transfer (automatic),DSL,Yes,0,0
C103723,2024-01,11,21.67,245.48,One year,Bank transfer (automatic),No,No,0,0
C103724,2024-08,22,75.52,1690.35,Two year,Electronic check,Fiber optic,Yes,1,0
C103725,2025-02,13,48.08,622.89,Two year,Mailed check,DSL,No,0,1
C103726,2025-05,5,45.65,236.42,One year,Credit card (automatic),DSL,No,0,0
C103727,2025-02,6,79.35,483.84,One year,Electronic check,Fiber optic,Yes,0,0
C103728,2024-01,13,67.16,904.88,Month-to-month,Mailed check,Fiber optic,Yes,0,0
C103729,2024-05,10,56.53,555.95,Month-to-month,Electronic check,DSL,No,1,0
C103730,2023-11,29,21.08,601.61,Month-to-month,Mailed check,No,No,0,0
C103731,2024-07,10,30.56,308.97,One year,Credit card (automatic),No,No,0,0
C103732,2026-01,9,36.41,333.84,Month-to-month,Electronic check,No,No,0,0
C103733,2024-05,9,71.11,616.55,Month-to-month,Credit card (automatic),Fiber optic,No,0,0
C103734,2025-06,8,67.92,524.82,Month-to-month,Credit card (automatic),Fiber optic,No,1,0
C103735,2025-09,8,48.11,397.69,Month-to-month,Electronic check,DSL,No,0,0
C103736,2025-08,5,74.67,376.12,Month-to-month,Bank transfer (automatic),Fiber optic,Yes,0,1
C103737,2023-10,17,80.57,1332.57,Two year,Credit card (automatic),Fiber optic,No,0,0
C103738,2023-10,14,57.01,784.84,Two year,Credit card (automatic),DSL,Yes,0,0
C103739,2025-08,14,79.02,1141.41,One year,Bank transfer (automatic),Fiber optic,No,0,0
C103740,2024-11,4,65.58,254.76,One year,Electronic check,Fiber optic,Yes,0,0
C103741,2024-01,20,81.58,1648.73,Month-to-month,Electronic check,Fiber optic,No,0,1
C103742,2024-08,22,60.92,1341.38,Month-to-month,Electronic check,DSL,No,0,0
C103743,2023-06,40,29.43,1230.81,Two year,Bank transfer (automatic),No,No,0,0
C103744,2024-04,21,68.21,1469.96,One year,Mailed check,Fiber optic,Yes,1,0
C103745,2022-04,46,80.83,3798.69,Month-to-month,Bank transfer (automatic),Fiber optic,Yes,0,0
C103746,2024-06,9,25.93,239.27,Month-to-month,Bank transfer (automatic),No,No,0,1
C103747,2022-03,42,54.54,2393.13,Two year,Electronic check,DSL,Yes,0,0
C103748,2023-07,21,27.72,567.93,Month-to-month,Credit card (automatic),No,Yes,0,0
C103749,2023-09,20,24.09,459.37,Month-to-month,Electronic check,No,Yes,0,1
C103750,2025-03,13,26.37,335.61,One year,Electronic check,No,No,0,0
C103751,2024-12,11,80.81,925.55,Two year,Credit card (automatic),Fiber optic,No,0,0
C103752,2024-06,10,48.0,489.56,Month-to-month,Electronic check,DSL,Yes,0,0
C103753,2021-05,43,60.95,2530.66,Month-to-month,Electronic check,DSL,No,0,0
C103754,2024-11,13,80.04,1023.84,Month-to-month,Credit card (automatic),Fiber optic,Yes,1,0
C103755,2023-12,22,53.89,1197.56,Month-to-month,Credit card (automatic),DSL,No,0,0
C103756,2024-02,25,47.29,1142.4,Two year,Credit card (automatic),DSL,No,0,0
C103757,2024-08,25,22.51,568.31,Month-to-month,Electronic check,No,Yes,0,0
C103758,2024-10,17,82.73,1346.5,Month-to-month,Electronic check,Fiber optic,No,0,0
C103759,2023-01,41,43.46,1822.28,Two year,Electronic check,DSL,Yes,0,0
C103760,2023-10,21,52.27,1075.77,Two year,Electronic check,Fiber optic,Yes,1,0
C103761,2024-05,9,56.85,507.93,Month-to-month,Credit card (automatic),DSL,No,0,1
C103762,2024-09,12,66.9,763.78,Month-to-month,Electronic check,Fiber optic,No,0,0
C103763,2024-08,4,52.14,211.58,One year,Bank transfer (automatic),DSL,No,0,0
C103764,2024-07,19,63.94,1237.45,One year,Electronic check,Fiber optic,No,0,1
C103765,2023-07,23,47.11,1124.03,Two year,Mailed check,DSL,No,0,0
C103766,2024-07,24,75.42,1851.27,Month-to-month,Electronic check,Fiber optic,Yes,0,0
C103767,2023-08,21,70.63,1509.39,Two year,Electronic check,Fiber optic,No,0,0
C103768,2025-01,13,63.03,812.91,Month-to-month,Electronic check,DSL,No,0,0
C103769,2024-05,15,30.01,430.91,Month-to-month,Credit card (automatic),No,No,1,1
C103770,2025-03,15,28.24,429.72,Two year,Bank transfer (automatic),No,Yes,1,0
C103771,2023-02,29,70.56,1948.43,One year,Bank transfer (automatic),Fiber optic,No,0,0
C103772,2025-02,3,35.54,108.3,Month-to-month,Electronic check,No,No,0,0
C103773,2024-02,11,48.21,507.76,Month-to-month,Bank transfer (automatic),DSL,No,0,0
C103774,2025-12,7,69.37,464.2,One year,Bank transfer (automatic),Fiber optic,No,0,0
C103775,2021-08,52,29.99,1569.96,Month-to-month,Mailed check,No,No,0,0
C103776,2023-01,33,69.56,2391.93,Month-to-month,Bank transfer (automatic),Fiber optic,Yes,0,0
C103777,2024-07,11,63.37,712.63,Month-to-month,Credit card (automatic),DSL,Yes,1,0
C103778,2026-02,5,31.91,162.75,Month-to-month,Credit card (automatic),No,No,0,0
C103779,2024-12,6,45.45,280.73,One year,Credit card (automatic),DSL,No,0,0
C103780,2024-02,29,57.45,1659.49,Month-to-month,Mailed check,DSL,Yes,0,0
C103781,2025-09,4,82.86,339.06,Month-to-month,Electronic check,Fiber optic,No,0,0
C103782,2025-02,15,48.48,725.62,One year,Electronic check,DSL,No,0,0
C103783,2023-10,26,63.17,1716.28,Month-to-month,Electronic check,DSL,No,0,0
C103784,2025-06,6,76.54,468.99,Month-to-month,Electronic check,Fiber optic,Yes,0,0
C103785,2024-12,15,76.21,1120.5,Month-to-month,Mailed check,Fiber optic,Yes,0,0
C103786,2024-04,11,79.19,859.35,One year,Bank transfer (automatic),Fiber optic,No,1,0
C103787,2024-02,10,73.22,742.41,One year,Mailed check,Fiber optic,No,1,0
C103788,2024-02,9,74.34,667.39,One year,Bank transfer (automatic),Fiber optic,Yes,0,0
C103789,2024-04,27,75.55,1969.62,Month-to-month,Credit card (automatic),Fiber optic,Yes,0,0
C103790,2022-07,38,40.08,1543.36,Two year,Electronic check,DSL,Yes,1,0
C103791,2025-03,13,55.27,727.04,One year,Electronic check,DSL,No,0,0
C103792,2023-04,20,31.51,599.74,Month-to-month,Bank transfer (automatic),No,No,0,0
C103793,2023-12,16,72.72,1149.77,Month-to-month,Mailed check,Fiber optic,Yes,0,0
C103794,2024-11,3,39.7,121.87,Month-to-month,Mailed check,DSL,No,0,1
C103795,2025-02,12,33.73,391.84,Month-to-month,Credit card (automatic),No,Yes,0,0
C103796,2026-04,3,69.84,216.9,Month-to-month,Electronic check,Fiber optic,Yes,1,0
C103797,2024-07,11,62.24,689.27,Two year,Bank transfer (automatic),Fiber optic,No,0,0
C103798,2024-05,15,43.27,643.01,Two year,Credit card (automatic),DSL,No,1,0
C103799,2023-04,25,63.25,1658.24,Month-to-month,Mailed check,Fiber optic,Yes,0,0
C103800,2024-07,18,53.37,973.9,Two year,Bank transfer (automatic),DSL,Yes,0,0
C103801,2023-05,28,86.14,2514.62,One year,Electronic check,Fiber optic,Yes,1,0
C103802,2026-01,8,71.52,600.72,Month-to-month,Electronic check,Fiber optic,No,1,1
C103803,2023-02,35,73.93,2576.97,Two year,Electronic check,Fiber optic,No,0,0
C103804,2022-05,38,50.04,1875.22,Two year,Bank transfer (automatic),DSL,No,1,0
C103805,2025-03,3,56.65,176.21,Month-to-month,Bank transfer (automatic),DSL,No,0,0
C103806,2025-09,4,29.6,112.6,Month-to-month,Credit card (automatic),No,No,0,0
C103807,2025-07,15,34.69,518.4,Month-to-month,Bank transfer (automatic),No,Yes,0,0
C103808,2025-02,10,43.35,439.74,Two year,Electronic check,DSL,No,0,0
C103809,2024-06,11,75.6,857.41,Month-to-month,Credit card (automatic),Fiber optic,No,0,1
C103810,2025-02,18,81.81,1499.84,Month-to-month,Electronic check,Fiber optic,No,1,1
C103811,2023-04,29,34.21,944.48,Month-to-month,Bank transfer (automatic),No,No,0,1
C103812,2024-05,7,31.96,227.63,Month-to-month,Electronic check,No,No,1,1
C103813,2022-06,32,75.59,2455.87,Month-to-month,Bank transfer (automatic),Fiber optic,No,1,0
C103814,2025-09,9,48.43,414.48,Two year,Credit card (automatic),DSL,No,0,0
C103815,2020-08,57,69.88,3903.12,One year,Electronic check,Fiber optic,No,0,0
C103816,2023-04,35,18.28,637.87,Two year,Mailed check,No,No,1,0
C103817,2024-11,10,78.02,790.55,Month-to-month,Mailed check,Fiber optic,Yes,0,1
C103818,2025-01,5,83.19,423.46,Month-to-month,Electronic check,Fiber optic,No,0,1
C103819,2024-07,9,56.76,513.07,Month-to-month,Electronic check,DSL,Yes,0,1
C103820,2025-05,8,55.1,462.54,Month-to-month,Bank transfer (automatic),DSL,No,1,1
C103821,2024-07,23,31.19,730.71,Two year,Electronic check,No,No,0,0
C103822,2024-10,3,40.09,116.24,One year,Electronic check,DSL,Yes,0,0
C103823,2025-09,4,71.96,294.42,Month-to-month,Bank transfer (automatic),Fiber optic,Yes,0,0
C103824,2024-02,22,50.16,1072.04,Two year,Bank transfer (automatic),DSL,Yes,0,0
C103825,2025-02,8,42.56,329.18,One year,Electronic check,DSL,No,0,1
C103826,2025-08,11,75.96,846.47,Month-to-month,Credit card (automatic),Fiber optic,Yes,0,0
C103827,2023-02,26,41.7,1085.78,One year,Credit card (automatic),DSL,No,0,0
C103828,2022-07,29,73.15,2216.08,Two year,Credit card (automatic),Fiber optic,No,0,0
C103829,2023-08,34,51.96,1781.31,Two year,Mailed check,DSL,No,0,0
C103830,2023-06,24,73.85,1776.26,Month-to-month,Electronic check,Fiber optic,Yes,0,1
C103831,2024-05,13,34.57,433.07,Month-to-month,Electronic check,No,Yes,0,1
C103832,2025-02,12,75.88,943.48,Month-to-month,Credit card (automatic),Fiber optic,No,0,0
C103833,2025-05,11,57.85,624.7,Month-to-month,Credit card (automatic),DSL,No,0,0
C103834,2025-06,6,31.7,188.62,Month-to-month,Bank transfer (automatic),No,Yes,0,0
C103835,2025-11,7,49.84,348.98,Month-to-month,Mailed check,DSL,No,0,1
C103836,2023-05,31,62.21,2016.55,One year,Mailed check,DSL,Yes,0,0
C103837,2025-04,9,37.47,329.09,Month-to-month,Bank transfer (automatic),No,Yes,0,0
C103838,2025-06,6,57.57,351.8,Month-to-month,Electronic check,DSL,No,0,1
C103839,2023-09,33,75.9,2556.19,Month-to-month,Mailed check,Fiber optic,No,0,0
C103840,2023-06,18,59.5,1020.12,Month-to-month,Bank transfer (automatic),DSL,No,0,1
C103841,2022-05,43,76.56,3256.65,Two year,Bank transfer (automatic),Fiber optic,Yes,0,0
C103842,2022-06,40,80.42,3069.08,Two year,Mailed check,Fiber optic,Yes,0,0
C103843,2025-03,6,71.75,415.22,Month-to-month,Bank transfer (automatic),Fiber optic,Yes,0,0
C103844,2024-11,14,75.27,1009.27,Two year,Electronic check,Fiber optic,Yes,0,0
C103845,2025-07,7,52.28,356.92,One year,Electronic check,DSL,Yes,0,0
C103846,2025-11,7,45.35,323.59,Month-to-month,Electronic check,DSL,No,0,1
C103847,2024-01,11,32.63,346.3,Two year,Electronic check,No,No,0,0
C103848,2023-05,23,38.8,883.03,Month-to-month,Electronic check,No,No,0,0
C103849,2023-07,23,80.84,1872.87,Month-to-month,Mailed check,Fiber optic,No,0,0
C103850,2023-10,21,67.99,1385.59,Two year,Mailed check,Fiber optic,Yes,0,0
C103851,2024-12,13,74.33,942.95,One year,Mailed check,Fiber optic,No,0,0
C103852,2023-07,24,79.19,1911.15,Month-to-month,Mailed check,Fiber optic,No,0,0
C103853,2024-06,6,78.44,480.04,Month-to-month,Bank transfer (automatic),Fiber optic,Yes,0,1
C103854,2025-02,18,62.38,1120.12,Month-to-month,Electronic check,DSL,Yes,0,0
C103855,2024-12,15,80.66,1193.34,Month-to-month,Mailed check,Fiber optic,Yes,0,0
C103856,2025-06,12,51.53,639.99,Month-to-month,Electronic check,DSL,No,0,0
C103857,2024-01,18,69.16,1286.37,Two year,Electronic check,Fiber optic,No,0,0
C103858,2025-08,7,71.97,492.28,Month-to-month,Bank transfer (automatic),Fiber optic,No,0,1
C103859,2024-01,22,69.97,1572.66,Two year,Credit card (automatic),Fiber optic,No,0,0
C103860,2025-06,15,63.79,968.67,Month-to-month,Electronic check,Fiber optic,No,0,0
C103861,2024-10,4,41.57,159.14,Month-to-month,Mailed check,No,No,0,0
C103862,2023-09,15,22.92,328.78,Two year,Electronic check,No,Yes,0,0
C103863,2025-02,10,26.92,255.75,Month-to-month,Electronic check,No,No,0,0
C103864,2023-02,31,30.5,912.04,Month-to-month,Credit card (automatic),No,No,0,0
C103865,2026-04,6,63.73,367.79,One year,Bank transfer (automatic),Fiber optic,No,0,0
C103866,2024-09,6,72.99,420.52,Month-to-month,Bank transfer (automatic),Fiber optic,Yes,1,0
C103867,2024-07,20,76.01,1505.53,Month-to-month,Credit card (automatic),Fiber optic,Yes,0,0
C103868,2024-12,13,37.49,498.19,Two year,Bank transfer (automatic),No,No,0,0
C103869,2025-02,13,75.85,981.9,Month-to-month,Electronic check,Fiber optic,No,0,1
C103870,2021-01,57,66.57,3814.13,Two year,Bank transfer (automatic),Fiber optic,Yes,0,0
C103871,2024-01,24,23.25,548.85,Month-to-month,Bank transfer (automatic),No,Yes,1,0
C103872,2024-04,12,87.83,1070.58,Month-to-month,Mailed check,Fiber optic,Yes,0,1
C103873,2025-01,4,55.46,218.1,Month-to-month,Bank transfer (automatic),DSL,No,1,1
C103874,2025-04,11,75.49,814.62,Month-to-month,Mailed check,Fiber optic,Yes,0,0
C103875,2025-01,5,66.77,348.7,Month-to-month,Electronic check,Fiber optic,Yes,1,1
C103876,2024-08,7,75.15,522.85,One year,Bank transfer (automatic),Fiber optic,No,0,0
C103877,2026-01,7,25.27,175.95,One year,Electronic check,No,Yes,0,0
C103878,2024-01,30,80.83,2321.27,One year,Electronic check,Fiber optic,No,0,0
C103879,2026-04,5,32.79,170.86,Month-to-month,Mailed check,No,Yes,1,0
C103880,2022-08,28,72.75,2010.22,One year,Bank transfer (automatic),Fiber optic,Yes,0,0
C103881,2024-09,21,44.86,959.04,One year,Credit card (automatic),DSL,No,0,0
C103882,2023-06,20,74.41,1513.67,Month-to-month,Bank transfer (automatic),Fiber optic,Yes,0,0
C103883,2025-05,7,70.72,514.14,One year,Bank transfer (automatic),Fiber optic,Yes,0,0
C103884,2024-02,25,29.54,766.47,One year,Electronic check,No,Yes,0,0
C103885,2025-03,6,57.18,331.2,Two year,Bank transfer (automatic),Fiber optic,No,0,0
C103886,2021-09,38,63.54,2320.08,Two year,Electronic check,Fiber optic,No,0,0
C103887,2023-05,30,72.02,2244.68,Month-to-month,Mailed check,Fiber optic,No,0,0
C103888,2023-02,43,31.8,1336.48,One year,Bank transfer (automatic),No,No,0,0
C103889,2023-12,15,41.22,639.11,One year,Electronic check,DSL,Yes,1,0
C103890,2024-04,13,61.09,786.82,One year,Credit card (automatic),DSL,Yes,0,0
C103891,2024-11,11,79.45,860.72,One year,Mailed check,Fiber optic,No,0,0
C103892,2021-07,56,69.03,3741.19,Month-to-month,Bank transfer (automatic),Fiber optic,No,0,0
C103893,2023-06,23,86.81,2091.01,One year,Mailed check,Fiber optic,Yes,0,0
C103894,2024-07,6,52.03,298.57,Two year,Bank transfer (automatic),DSL,Yes,0,0
C103895,2021-12,35,68.35,2397.89,Two year,Bank transfer (automatic),Fiber optic,Yes,0,0
C103896,2025-03,13,58.56,777.94,Month-to-month,Electronic check,DSL,No,0,1
C103897,2025-06,1,53.11,52.67,Two year,Credit card (automatic),DSL,Yes,0,0
C103898,2025-02,8,55.7,436.49,Month-to-month,Bank transfer (automatic),DSL,No,0,0
C103899,2023-02,30,46.29,1341.11,One year,Mailed check,DSL,Yes,1,0
C103900,2024-11,21,72.38,1473.63,Month-to-month,Bank transfer (automatic),Fiber optic,No,0,0
C103901,2023-05,23,74.14,1781.09,One year,Electronic check,Fiber optic,Yes,1,0
C103902,2022-10,35,60.0,2081.69,Month-to-month,Bank transfer (automatic),DSL,No,0,1
C103903,2025-07,3,83.64,239.2,Month-to-month,Mailed check,Fiber optic,Yes,0,1
C103904,2025-06,8,72.26,571.79,Month-to-month,Credit card (automatic),Fiber optic,Yes,0,0
C103905,2023-08,16,51.08,826.34,Two year,Electronic check,DSL,Yes,0,0
C103906,2022-08,31,68.04,2134.17,One year,Bank transfer (automatic),Fiber optic,No,1,0
C103907,2025-01,6,61.56,354.37,Month-to-month,Credit card (automatic),DSL,No,0,1
C103908,2024-07,12,28.13,329.5,Month-to-month,Credit card (automatic),No,Yes,0,0
C103909,2023-10,15,71.47,1097.25,Month-to-month,Bank transfer (automatic),Fiber optic,Yes,0,1
C103910,2024-09,8,55.37,464.5,Month-to-month,Bank transfer (automatic),DSL,Yes,0,1
C103911,2024-08,15,19.96,299.77,Month-to-month,Mailed check,No,Yes,0,1
C103912,2024-12,13,75.25,937.75,One year,Electronic check,Fiber optic,No,0,0
C103913,2025-07,10,48.74,505.67,Two year,Bank transfer (automatic),DSL,Yes,1,0
C103914,2023-04,25,91.61,2275.89,Month-to-month,Bank transfer (automatic),Fiber optic,No,0,0
C103915,2023-04,22,68.29,1537.51,One year,Electronic check,Fiber optic,No,0,0
C103916,2024-03,26,67.4,1707.7,Two year,Bank transfer (automatic),Fiber optic,No,0,0
C103917,2024-02,28,75.1,2181.08,Two year,Electronic check,Fiber optic,No,0,0
C103918,2025-07,4,34.69,135.52,Month-to-month,Bank transfer (automatic),No,Yes,1,0
C103919,2024-07,4,33.82,137.9,Two year,Mailed check,No,Yes,0,0
C103920,2023-09,24,51.12,1214.7,One year,Credit card (automatic),DSL,Yes,1,0
C103921,2024-02,11,23.12,250.91,Month-to-month,Electronic check,No,Yes,1,0
C103922,2025-05,10,68.81,666.83,One year,Electronic check,DSL,Yes,1,0
C103923,2025-05,8,33.1,273.79,Month-to-month,Bank transfer (automatic),No,No,0,0
C103924,2023-09,27,51.95,1394.35,Two year,Mailed check,DSL,Yes,0,0
C103925,2020-08,54,55.43,2968.22,Two year,Electronic check,DSL,No,0,0
C103926,2022-09,28,61.18,1646.38,Two year,Bank transfer (automatic),Fiber optic,Yes,0,0
C103927,2024-03,10,50.06,482.73,One year,Credit card (automatic),DSL,Yes,0,0
C103928,2023-09,26,22.54,578.41,One year,Bank transfer (automatic),No,Yes,0,0
C103929,2025-09,4,56.0,213.77,Month-to-month,Electronic check,DSL,Yes,0,0
C103930,2024-03,13,66.73,876.07,Month-to-month,Electronic check,Fiber optic,Yes,0,1
C103931,2024-10,3,32.84,95.44,One year,Bank transfer (automatic),No,No,0,1
C103932,2024-11,11,82.1,923.63,Month-to-month,Bank transfer (automatic),Fiber optic,No,0,0
C103933,2024-01,17,75.88,1308.95,Two year,Credit card (automatic),Fiber optic,Yes,0,0
C103934,2021-10,60,31.44,1881.04,One year,Electronic check,No,Yes,0,0
C103935,2023-06,33,53.95,1727.36,One year,Mailed check,DSL,No,0,0
C103936,2024-12,3,50.29,155.01,One year,Credit card (automatic),DSL,Yes,0,0
C103937,2025-07,4,55.49,232.89,One year,Electronic check,DSL,Yes,0,1
C103938,2024-03,8,54.34,443.9,Month-to-month,Credit card (automatic),DSL,No,0,1
C103939,2021-02,46,43.78,2059.39,Month-to-month,Mailed check,DSL,No,0,0
C103940,2024-10,3,68.3,198.67,One year,Bank transfer (automatic),Fiber optic,Yes,0,0
C103941,2024-10,9,57.55,512.92,One year,Mailed check,DSL,No,1,0
C103942,2024-07,8,68.25,523.23,Month-to-month,Credit card (automatic),Fiber optic,Yes,0,0
C103943,2023-11,20,65.13,1248.19,One year,Credit card (automatic),Fiber optic,No,0,0
C103944,2023-11,26,73.8,1908.6,Month-to-month,Electronic check,Fiber optic,Yes,0,1
C103945,2023-06,23,61.99,1390.17,Month-to-month,Bank transfer (automatic),Fiber optic,No,0,0
C103946,2024-06,18,59.38,1084.4,Month-to-month,Electronic check,DSL,No,0,0
C103947,2025-01,4,78.85,329.03,Month-to-month,Electronic check,Fiber optic,Yes,0,0
C103948,2024-07,16,74.68,1186.41,Two year,Bank transfer (automatic),Fiber optic,No,0,0
C103949,2023-02,36,31.33,1085.73,Month-to-month,Bank transfer (automatic),No,Yes,0,0
C103950,2022-04,44,63.88,2728.22,Two year,Mailed check,Fiber optic,No,0,0
C103951,2023-07,19,64.62,1222.57,One year,Electronic check,Fiber optic,Yes,0,0
C103952,2025-09,3,78.31,234.06,Month-to-month,Electronic check,Fiber optic,Yes,0,1
C103953,2023-12,20,79.29,1593.08,Month-to-month,Electronic check,Fiber optic,No,0,0
C103954,2024-02,13,68.3,923.59,Month-to-month,Electronic check,Fiber optic,Yes,0,0
C103955,2024-07,4,67.5,281.11,Month-to-month,Electronic check,Fiber optic,Yes,0,1
C103956,2024-09,6,68.89,419.15,Two year,Credit card (automatic),Fiber optic,No,0,0
C103957,2025-02,7,29.62,200.18,One year,Electronic check,No,No,1,0
C103958,2024-03,24,56.21,1304.16,Two year,Credit card (automatic),DSL,Yes,0,0
C103959,2022-11,43,31.57,1330.29,Two year,Electronic check,No,No,0,0
C103960,2023-10,22,27.12,610.05,Two year,Mailed check,No,No,0,0
C103961,2024-08,25,59.01,1525.49,One year,Electronic check,DSL,No,0,0
C103962,2024-01,14,50.7,720.76,One year,Electronic check,DSL,No,0,0
C103963,2024-09,9,73.15,681.05,Month-to-month,Bank transfer (automatic),Fiber optic,No,0,1
C103964,2023-10,22,60.09,1287.56,Month-to-month,Electronic check,DSL,No,0,0
C103965,2024-03,18,58.55,1072.93,One year,Electronic check,DSL,Yes,0,0
C103966,2024-06,8,80.9,632.5,Month-to-month,Mailed check,Fiber optic,Yes,0,0
C103967,2023-09,17,73.92,1276.14,Month-to-month,Bank transfer (automatic),Fiber optic,No,1,0
C103968,2023-10,15,51.03,729.34,Two year,Mailed check,DSL,Yes,1,0
C103969,2024-02,12,24.8,300.87,Month-to-month,Electronic check,No,No,0,0
C103970,2024-08,9,60.4,564.82,Month-to-month,Electronic check,DSL,Yes,0,0
C103971,2024-06,19,47.05,872.66,Two year,Bank transfer (automatic),DSL,No,0,0
C103972,2024-04,10,43.02,445.88,Month-to-month,Credit card (automatic),DSL,No,0,0
C103973,2020-05,54,24.95,1287.28,Two year,Electronic check,No,No,1,0
C103974,2023-06,21,22.47,479.21,Two year,Electronic check,No,Yes,0,0
C103975,2023-06,20,36.56,725.32,One year,Mailed check,DSL,No,0,0
C103976,2024-06,13,65.56,812.04,Two year,Credit card (automatic),Fiber optic,Yes,0,0
C103977,2025-10,11,59.69,665.89,Month-to-month,Electronic check,DSL,No,0,1
C103978,2024-10,3,57.48,166.58,Month-to-month,Bank transfer (automatic),DSL,No,0,1
C103979,2025-06,8,57.47,459.6,Month-to-month,Bank transfer (automatic),DSL,Yes,0,0
C103980,2025-06,3,38.55,112.72,Month-to-month,Electronic check,No,No,0,0
C103981,2025-04,3,71.53,206.52,Month-to-month,Bank transfer (automatic),Fiber optic,No,0,1
C103982,2024-10,5,68.13,327.42,Month-to-month,Bank transfer (automatic),Fiber optic,Yes,0,1
C103983,2023-12,33,57.96,1937.48,Month-to-month,Electronic check,DSL,No,1,0
C103984,2023-12,33,29.74,951.77,Two year,Electronic check,No,No,1,0
C103985,2025-08,8,20.0,156.94,Two year,Electronic check,No,No,0,0
C103986,2025-07,4,49.54,192.25,Two year,Electronic check,DSL,Yes,0,0
C103987,2024-11,10,78.23,753.08,Month-to-month,Bank transfer (automatic),Fiber optic,Yes,0,0
C103988,2024-07,24,73.65,1679.71,One year,Bank transfer (automatic),Fiber optic,Yes,1,0
C103989,2022-07,29,33.19,960.72,One year,Credit card (automatic),No,No,0,0
C103990,2023-10,17,70.97,1238.96,Month-to-month,Mailed check,Fiber optic,No,0,0
C103991,2023-07,19,44.29,805.28,One year,Mailed check,DSL,No,0,0
C103992,2024-08,18,69.52,1210.34,Month-to-month,Electronic check,Fiber optic,Yes,0,1
C103993,2026-07,3,74.19,231.23,Two year,Bank transfer (automatic),Fiber optic,No,1,0
C103994,2025-01,4,81.21,338.26,Month-to-month,Electronic check,Fiber optic,No,0,0
C103995,2021-07,44,49.59,2282.58,Two year,Electronic check,DSL,Yes,0,0
C103996,2025-05,17,36.68,631.54,Two year,Bank transfer (automatic),No,Yes,0,0
C103997,2026-05,2,29.03,55.25,Month-to-month,Bank transfer (automatic),No,No,0,0
C103998,2024-04,20,71.93,1385.06,Month-to-month,Electronic check,Fiber optic,Yes,0,1
C103999,2024-05,7,66.53,452.66,Month-to-month,Bank transfer (automatic),Fiber optic,No,1,0
C104000,2024-02,30,68.55,2026.16,Two year,Electronic check,Fiber optic,Yes,0,0
C104001,2023-03,28,81.36,2243.96,Month-to-month,Bank transfer (automatic),Fiber optic,Yes,0,0
C104002,2023-02,23,62.61,1393.63,Month-to-month,Bank transfer (automatic),DSL,No,0,1
C104003,2025-02,17,75.42,1240.72,Two year,Bank transfer (automatic),Fiber optic,Yes,0,0
C104004,2021-12,35,72.0,2634.58,Two year,Electronic check,Fiber optic,No,0,0
C104005,2021-09,38,37.18,1354.99,Two year,Bank transfer (automatic),No,Yes,0,0
C104006,2025-04,7,49.19,327.77,Month-to-month,Electronic check,DSL,Yes,0,0
C104007,2024-09,23,59.91,1312.44,One year,Mailed check,DSL,Yes,0,0
C104008,2024-07,9,73.69,667.06,One year,Credit card (automatic),Fiber optic,No,0,0
C104009,2025-12,6,31.26,182.35,Month-to-month,Electronic check,No,Yes,0,0
C104010,2022-12,38,66.46,2520.5,Month-to-month,Bank transfer (automatic),Fiber optic,Yes,0,0
C104011,2024-08,25,57.05,1421.27,Month-to-month,Electronic check,DSL,Yes,1,0
C104012,2024-08,18,78.92,1477.91,One year,Mailed check,Fiber optic,No,1,0
C104013,2025-06,8,42.23,326.41,Month-to-month,Mailed check,DSL,Yes,0,0
C104014,2022-10,39,73.77,2822.89,Two year,Mailed check,Fiber optic,No,0,0
C104015,2025-11,7,61.29,436.73,Month-to-month,Bank transfer (automatic),Fiber optic,Yes,0,0
C104016,2026-02,5,66.5,333.46,Month-to-month,Credit card (automatic),Fiber optic,Yes,0,0
C104017,2023-08,15,68.43,1035.05,Two year,Credit card (automatic),Fiber optic,Yes,0,0
C104018,2023-02,24,60.1,1437.5,Two year,Credit card (automatic),DSL,Yes,0,0
C104019,2024-11,11,74.23,842.7,Month-to-month,Electronic check,Fiber optic,No,0,0
C104020,2024-09,17,30.42,497.53,Two year,Credit card (automatic),No,No,0,0
C104021,2024-07,9,69.54,654.21,Month-to-month,Electronic check,Fiber optic,No,0,1
C104022,2024-06,10,28.83,279.12,Month-to-month,Electronic check,No,No,0,0
C104023,2022-04,47,71.67,3263.04,One year,Mailed check,Fiber optic,No,1,0
C104024,2024-12,14,81.78,1114.15,One year,Electronic check,Fiber optic,Yes,0,0
C104025,2023-03,37,46.12,1747.6,Two year,Bank transfer (automatic),DSL,Yes,0,0
C104026,2026-05,3,24.84,75.25,One year,Electronic check,No,No,0,0
C104027,2023-04,31,61.46,1829.63,Month-to-month,Mailed check,DSL,No,0,0
C104028,2024-05,8,53.52,444.14,Month-to-month,Electronic check,DSL,No,0,0
C104029,2023-02,26,51.28,1398.48,Two year,Electronic check,DSL,No,0,0
C104030,2025-02,8,77.61,620.73,Month-to-month,Credit card (automatic),Fiber optic,Yes,1,1
C104031,2024-08,11,71.18,745.6,Month-to-month,Mailed check,Fiber optic,No,1,1
C104032,2024-07,6,62.69,376.6,Month-to-month,Electronic check,Fiber optic,No,0,0
C104033,2023-09,26,61.45,1610.37,Month-to-month,Bank transfer (automatic),DSL,No,1,1
C104034,2022-10,29,75.7,2128.58,Month-to-month,Credit card (automatic),Fiber optic,No,0,0
C104035,2025-11,8,47.34,361.08,Month-to-month,Mailed check,DSL,Yes,0,0
C104036,2025-03,4,79.67,318.27,Month-to-month,Electronic check,Fiber optic,No,0,1
C104037,2022-10,37,64.86,2489.25,One year,Credit card (automatic),DSL,Yes,0,0
C104038,2025-12,9,82.16,720.81,Month-to-month,Mailed check,Fiber optic,Yes,0,1
C104039,2024-06,13,87.49,1122.49,Month-to-month,Electronic check,Fiber optic,No,0,1
C104040,2025-09,7,67.63,492.55,Month-to-month,Electronic check,Fiber optic,No,0,0
C104041,2024-09,24,76.5,1856.18,Month-to-month,Electronic check,Fiber optic,No,0,1
C104042,2024-01,25,29.73,748.4,Two year,Credit card (automatic),No,Yes,0,0
C104043,2022-02,41,68.3,2752.22,Two year,Credit card (automatic),Fiber optic,Yes,0,0
C104044,2023-12,31,73.03,2368.63,Month-to-month,Mailed check,Fiber optic,Yes,1,0
C104045,2022-05,30,35.04,1072.05,One year,Bank transfer (automatic),DSL,No,0,0
C104046,2025-05,14,82.15,1104.36,One year,Credit card (automatic),Fiber optic,No,0,0
C104047,2025-05,13,62.3,773.2,One year,Bank transfer (automatic),Fiber optic,No,0,0
C104048,2024-08,24,77.42,1879.75,One year,Bank transfer (automatic),Fiber optic,Yes,0,0
C104049,2025-03,14,69.07,944.65,Two year,Credit card (automatic),Fiber optic,No,0,1
C104050,2023-10,32,74.82,2300.42,Month-to-month,Electronic check,Fiber optic,Yes,1,0
C104051,2025-05,7,28.77,206.05,Month-to-month,Electronic check,No,No,0,0
C104052,2024-09,3,56.19,174.73,Month-to-month,Bank transfer (automatic),DSL,No,0,0
C104053,2023-07,22,75.84,1660.02,One year,Bank transfer (automatic),Fiber optic,Yes,0,0
C104054,2024-01,10,80.71,791.17,Month-to-month,Electronic check,Fiber optic,Yes,0,0
C104055,2025-05,6,54.24,313.59,Month-to-month,Electronic check,DSL,No,0,1
C104056,2021-12,58,47.77,2819.9,Month-to-month,Bank transfer (automatic),DSL,Yes,0,0
C104057,2025-04,15,64.56,921.33,One year,Mailed check,Fiber optic,No,0,0
C104058,2025-10,5,61.23,311.72,Month-to-month,Credit card (automatic),DSL,No,0,1
C104059,2024-08,9,28.37,266.98,Month-to-month,Credit card (automatic),No,Yes,0,0
C104060,2025-06,12,44.45,527.51,Two year,Mailed check,DSL,No,0,0
C104061,2023-12,22,46.15,1038.39,Two year,Bank transfer (automatic),DSL,Yes,1,0
C104062,2024-03,9,74.44,640.24,Month-to-month,Bank transfer (automatic),Fiber optic,No,0,1
C104063,2024-03,13,42.9,548.84,Two year,Electronic check,DSL,Yes,0,0
C104064,2024-03,18,50.41,903.47,Two year,Mailed check,DSL,No,0,0
C104065,2024-07,21,82.52,1758.05,Month-to-month,Mailed check,Fiber optic,No,0,0
C104066,2024-12,14,71.29,978.09,One year,Credit card (automatic),Fiber optic,Yes,0,0
C104067,2020-12,47,58.39,2784.84,Two year,Credit card (automatic),Fiber optic,No,0,0
C104068,2023-11,25,77.21,1973.39,One year,Electronic check,Fiber optic,No,0,0
C104069,2024-07,24,75.66,1753.21,Two year,Credit card (automatic),Fiber optic,No,0,0
C104070,2024-02,23,35.78,851.16,One year,Bank transfer (automatic),No,No,0,0
C104071,2022-03,32,75.35,2455.89,Month-to-month,Electronic check,Fiber optic,No,1,0
C104072,2024-09,17,85.99,1533.48,One year,Mailed check,Fiber optic,No,0,0
C104073,2026-02,6,57.22,352.83,One year,Credit card (automatic),DSL,No,0,0
C104074,2023-08,20,92.94,1907.37,Month-to-month,Mailed check,Fiber optic,No,0,1
C104075,2024-06,22,83.11,1740.43,Month-to-month,Bank transfer (automatic),Fiber optic,Yes,0,0
C104076,2022-09,36,82.19,2935.88,Month-to-month,Bank transfer (automatic),Fiber optic,Yes,0,0
C104077,2026-01,6,51.26,301.66,Month-to-month,Bank transfer (automatic),DSL,No,0,1
C104078,2025-05,7,49.31,354.61,Month-to-month,Mailed check,DSL,Yes,0,0
C104079,2023-11,16,55.69,905.13,Month-to-month,Mailed check,DSL,Yes,0,1
C104080,2024-09,23,53.84,1239.66,Month-to-month,Credit card (automatic),DSL,No,0,0
C104081,2025-01,5,71.77,353.93,Month-to-month,Mailed check,Fiber optic,No,0,1
C104082,2026-04,6,74.22,427.51,Month-to-month,Electronic check,Fiber optic,No,0,1
C104083,2023-07,27,53.81,1425.7,Month-to-month,Mailed check,DSL,Yes,0,0
C104084,2024-08,5,71.16,359.47,Month-to-month,Bank transfer (automatic),Fiber optic,Yes,1,1
C104085,2024-05,7,78.94,541.21,Month-to-month,Mailed check,Fiber optic,Yes,0,0
C104086,2023-10,29,50.49,1407.97,Month-to-month,Bank transfer (automatic),DSL,No,0,0
C104087,2024-07,23,52.54,1149.89,One year,Electronic check,DSL,Yes,0,0
C104088,2025-07,9,67.71,634.26,Month-to-month,Bank transfer (automatic),Fiber optic,No,0,0
C104089,2024-05,21,75.6,1543.66,Month-to-month,Credit card (automatic),Fiber optic,Yes,0,0
C104090,2024-07,19,76.21,1510.62,Month-to-month,Mailed check,Fiber optic,Yes,1,0
C104091,2025-08,14,49.23,656.31,Month-to-month,Bank transfer (automatic),DSL,No,0,1
C104092,2024-12,11,75.42,823.54,Month-to-month,Bank transfer (automatic),Fiber optic,No,0,0
C104093,2024-03,21,68.41,1435.83,Two year,Bank transfer (automatic),Fiber optic,No,1,0
C104094,2026-01,6,27.24,161.72,Month-to-month,Mailed check,No,Yes,0,1
C104095,2024-12,21,69.29,1396.59,One year,Bank transfer (automatic),Fiber optic,No,0,0
C104096,2025-03,17,53.29,940.0,Two year,Mailed check,DSL,No,0,0
C104097,2024-11,18,28.97,543.3,One year,Mailed check,No,Yes,0,0
C104098,2025-06,7,77.75,558.09,One year,Mailed check,Fiber optic,Yes,0,0
C104099,2023-06,36,22.58,781.02,One year,Mailed check,No,Yes,1,0
C104100,2024-03,9,53.87,472.8,Month-to-month,Electronic check,DSL,No,0,0
C104101,2024-11,10,65.31,639.66,Two year,Bank transfer (automatic),Fiber optic,No,1,0
C104102,2024-03,13,75.36,1023.18,Month-to-month,Bank transfer (automatic),Fiber optic,No,0,0
C104103,2024-05,23,52.22,1237.05,Two year,Electronic check,DSL,No,0,0
C104104,2024-09,18,64.91,1160.91,One year,Electronic check,Fiber optic,No,0,0
C104105,2026-05,4,58.56,234.34,Month-to-month,Bank transfer (automatic),DSL,No,1,1
C104106,2024-10,15,65.78,1016.08,One year,Mailed check,DSL,No,1,0
C104107,2024-02,16,56.02,857.08,Month-to-month,Bank transfer (automatic),DSL,No,0,0
C104108,2023-05,37,24.79,907.36,Month-to-month,Mailed check,No,Yes,0,0
C104109,2025-06,12,25.85,296.29,Two year,Credit card (automatic),No,No,1,0
C104110,2024-09,22,70.05,1604.72,One year,Electronic check,Fiber optic,Yes,0,0
C104111,2020-05,72,65.0,4652.67,Two year,Bank transfer (automatic),Fiber optic,No,1,0
C104112,2024-01,33,59.34,1895.46,Month-to-month,Mailed check,DSL,Yes,0,0
C104113,2025-02,7,64.06,469.91,Month-to-month,Electronic check,Fiber optic,Yes,0,0
C104114,2024-04,25,31.63,820.62,Month-to-month,Credit card (automatic),No,No,0,0
C104115,2023-02,21,82.74,1738.96,Month-to-month,Credit card (automatic),Fiber optic,No,0,0
C104116,2024-03,12,82.36,1030.28,Month-to-month,Electronic check,Fiber optic,Yes,0,0
C104117,2023-01,26,56.75,1428.67,Two year,Electronic check,DSL,No,1,0
C104118,2025-04,7,68.04,488.88,One year,Credit card (automatic),Fiber optic,No,0,0
C104119,2024-06,9,38.75,358.28,Month-to-month,Electronic check,No,Yes,0,1
C104120,2024-09,13,32.2,422.47,Month-to-month,Credit card (automatic),No,Yes,0,0
C104121,2024-08,11,83.54,909.44,Month-to-month,Electronic check,Fiber optic,Yes,1,0
C104122,2023-01,24,59.29,1391.79,One year,Mailed check,DSL,No,0,0
C104123,2024-12,15,30.69,466.96,One year,Electronic check,No,Yes,0,0
C104124,2024-11,10,73.53,722.27,Month-to-month,Mailed check,Fiber optic,No,0,0
C104125,2022-12,32,69.18,2131.88,Month-to-month,Electronic check,DSL,Yes,0,0
C104126,2023-01,23,44.32,1055.31,Month-to-month,Mailed check,DSL,Yes,0,0
C104127,2024-11,4,67.96,279.98,Two year,Credit card (automatic),Fiber optic,No,0,0
C104128,2026-03,4,21.57,84.53,Month-to-month,Electronic check,No,Yes,0,0
C104129,2025-08,10,28.3,269.07,Two year,Bank transfer (automatic),No,Yes,0,0
C104130,2026-03,5,32.14,156.49,Month-to-month,Electronic check,No,No,0,1
C104131,2022-07,29,68.14,1989.17,One year,Bank transfer (automatic),Fiber optic,No,0,0
C104132,2024-10,9,26.59,243.8,Month-to-month,Electronic check,No,No,0,1
C104133,2023-05,22,42.68,929.94,Two year,Bank transfer (automatic),DSL,No,0,0
C104134,2023-07,25,57.71,1494.32,Month-to-month,Bank transfer (automatic),DSL,No,1,0
C104135,2025-06,3,52.2,152.87,Month-to-month,Credit card (automatic),DSL,Yes,0,0
C104136,2025-10,10,77.53,809.69,Month-to-month,Credit card (automatic),Fiber optic,Yes,0,0
C104137,2024-10,13,26.86,354.33,Month-to-month,Electronic check,No,No,0,1
C104138,2023-11,18,31.48,580.77,Month-to-month,Electronic check,No,No,0,1
C104139,2023-01,28,33.24,934.43,One year,Electronic check,No,No,0,0
C104140,2021-02,60,71.87,4527.79,Two year,Bank transfer (automatic),Fiber optic,No,0,0
C104141,2021-04,44,70.26,2987.75,Two year,Electronic check,Fiber optic,Yes,0,0
C104142,2025-03,15,52.18,779.11,One year,Credit card (automatic),DSL,Yes,0,0
C104143,2025-02,14,74.86,1023.3,One year,Credit card (automatic),Fiber optic,Yes,0,0
C104144,2022-01,41,65.38,2619.02,Two year,Electronic check,Fiber optic,No,0,1
C104145,2025-05,15,73.83,1142.02,Month-to-month,Electronic check,Fiber optic,Yes,0,0
C104146,2024-12,10,54.88,552.81,One year,Mailed check,DSL,Yes,0,0
C104147,2023-02,29,59.82,1666.03,Two year,Mailed check,DSL,No,0,0
C104148,2024-09,19,25.13,497.97,One year,Mailed check,No,No,0,0
C104149,2025-10,4,69.69,268.83,Month-to-month,Electronic check,Fiber optic,Yes,0,1
C104150,2024-12,12,76.71,939.93,Month-to-month,Credit card (automatic),Fiber optic,No,0,1
C104151,2025-11,5,37.24,189.52,Month-to-month,Bank transfer (automatic),No,No,1,0
C104152,2025-02,1,73.87,76.28,Two year,Electronic check,Fiber optic,No,0,0
C104153,2021-12,48,50.73,2468.62,Two year,Electronic check,DSL,No,0,0
C104154,2025-01,17,79.35,1332.91,One year,Bank transfer (automatic),Fiber optic,Yes,0,0
C104155,2024-08,12,64.14,746.8,Month-to-month,Electronic check,Fiber optic,No,0,1
C104156,2024-11,10,78.07,783.8,One year,Credit card (automatic),Fiber optic,Yes,0,0
C104157,2025-03,15,73.11,1045.42,Month-to-month,Mailed check,Fiber optic,No,0,0
C104158,2025-11,10,78.78,789.65,Month-to-month,Credit card (automatic),Fiber optic,Yes,0,0
C104159,2025-04,7,61.05,413.37,Month-to-month,Bank transfer (automatic),DSL,No,0,0
C104160,2024-01,11,56.16,626.71,Month-to-month,Credit card (automatic),DSL,Yes,0,1
C104161,2022-09,38,29.22,1100.57,One year,Bank transfer (automatic),No,No,0,0
C104162,2023-10,29,69.65,2072.2,One year,Bank transfer (automatic),Fiber optic,No,0,0
C104163,2025-06,11,40.15,445.63,Month-to-month,Electronic check,No,Yes,0,0
C104164,2021-01,51,71.07,3624.13,Two year,Bank transfer (automatic),Fiber optic,Yes,0,0
C104165,2025-08,14,51.93,738.49,Two year,Bank transfer (automatic),DSL,Yes,0,0
C104166,2025-02,8,78.06,607.11,Two year,Mailed check,Fiber optic,No,0,0
C104167,2024-10,20,65.98,1375.44,Two year,Bank transfer (automatic),Fiber optic,No,0,0
C104168,2023-03,42,70.5,2833.9,One year,Electronic check,Fiber optic,No,0,0
C104169,2023-09,37,77.62,2827.01,One year,Mailed check,Fiber optic,Yes,0,0
C104170,2025-03,8,85.65,654.87,Month-to-month,Electronic check,Fiber optic,No,0,1
C104171,2026-04,6,75.27,455.51,Month-to-month,Mailed check,Fiber optic,Yes,0,1
C104172,2023-12,11,52.92,575.17,Two year,Mailed check,DSL,No,0,0
C104173,2023-11,22,20.47,430.39,Month-to-month,Credit card (automatic),No,Yes,0,0
C104174,2023-09,26,79.69,2106.52,One year,Mailed check,Fiber optic,No,0,0
C104175,2022-02,33,65.5,2260.53,One year,Credit card (automatic),Fiber optic,No,0,0
C104176,2023-11,17,47.36,773.48,Two year,Credit card (automatic),DSL,No,0,0
C104177,2024-09,18,53.93,943.61,One year,Electronic check,DSL,Yes,0,0
C104178,2023-10,17,68.11,1131.54,One year,Bank transfer (automatic),Fiber optic,Yes,0,0
C104179,2022-07,31,63.36,1999.53,Month-to-month,Electronic check,Fiber optic,Yes,0,0
C104180,2024-07,27,21.39,570.97,One year,Credit card (automatic),No,No,0,0
C104181,2025-05,8,75.59,620.12,Month-to-month,Mailed check,Fiber optic,No,0,0
C104182,2023-02,24,80.98,1936.31,One year,Electronic check,Fiber optic,Yes,0,0
C104183,2023-02,29,77.49,2140.12,Two year,Electronic check,Fiber optic,Yes,0,0
C104184,2022-05,31,32.29,968.35,Month-to-month,Bank transfer (automatic),No,Yes,0,0
C104185,2024-04,19,30.94,577.28,Month-to-month,Electronic check,No,No,0,0
C104186,2025-01,18,55.39,1010.41,Two year,Mailed check,DSL,Yes,0,0
C104187,2023-08,15,82.95,1266.75,Month-to-month,Credit card (automatic),Fiber optic,Yes,1,0
C104188,2024-10,16,29.5,478.61,One year,Electronic check,No,Yes,1,0
C104189,2021-09,46,51.51,2265.61,Two year,Bank transfer (automatic),DSL,Yes,0,0
C104190,2024-07,16,51.82,818.27,Two year,Bank transfer (automatic),DSL,No,0,0
C104191,2024-12,9,36.06,328.93,Month-to-month,Electronic check,No,No,0,0
C104192,2023-05,19,66.79,1286.72,Month-to-month,Electronic check,Fiber optic,Yes,1,1
C104193,2023-12,26,27.7,725.93,Two year,Electronic check,No,Yes,0,0
C104194,2022-05,30,74.4,2215.5,One year,Credit card (automatic),Fiber optic,No,0,0
C104195,2024-08,7,63.64,423.61,Month-to-month,Bank transfer (automatic),Fiber optic,Yes,0,0
C104196,2023-05,40,77.5,3118.35,One year,Mailed check,Fiber optic,No,1,0
C104197,2022-10,25,81.46,1987.95,Month-to-month,Credit card (automatic),Fiber optic,No,0,0
C104198,2022-06,38,18.0,673.91,Two year,Electronic check,No,No,0,0
C104199,2025-11,5,72.52,366.13,Month-to-month,Electronic check,Fiber optic,No,1,0
C104200,2022-12,32,25.32,808.5,Two year,Electronic check,No,No,0,0
C104201,2026-01,6,45.27,269.78,Two year,Bank transfer (automatic),DSL,Yes,0,0
C104202,2024-01,12,25.49,302.99,Month-to-month,Mailed check,No,Yes,0,0
C104203,2022-09,26,68.87,1838.04,One year,Bank transfer (automatic),Fiber optic,No,0,0
C104204,2024-05,6,58.66,351.78,Month-to-month,Electronic check,DSL,No,1,1
C104205,2024-07,10,79.48,804.31,One year,Bank transfer (automatic),Fiber optic,No,0,0
C104206,2024-08,5,58.31,279.71,Month-to-month,Credit card (automatic),DSL,Yes,0,0
C104207,2024-08,25,49.52,1251.64,Month-to-month,Mailed check,DSL,No,1,0
C104208,2024-03,8,32.35,247.34,Two year,Electronic check,No,No,0,0
C104209,2025-02,16,32.42,532.81,One year,Bank transfer (automatic),No,Yes,0,0
C104210,2023-02,21,33.0,659.08,Two year,Electronic check,DSL,No,0,0
C104211,2023-09,19,62.44,1215.38,Month-to-month,Electronic check,DSL,No,0,1
C104212,2023-12,18,53.6,967.62,One year,Bank transfer (automatic),DSL,No,0,0
C104213,2023-07,18,29.82,547.88,One year,Mailed check,No,No,0,0
C104214,2026-02,5,61.54,299.84,One year,Bank transfer (automatic),Fiber optic,No,0,0
C104215,2025-08,13,84.68,1103.66,Month-to-month,Electronic check,Fiber optic,No,1,1
C104216,2025-01,18,77.02,1434.08,Month-to-month,Electronic check,Fiber optic,Yes,0,1
C104217,2025-03,17,32.25,532.49,Two year,Bank transfer (automatic),No,Yes,0,0
C104218,2025-08,14,42.66,568.92,Two year,Bank transfer (automatic),DSL,No,0,0
C104219,2025-10,9,58.07,535.85,Month-to-month,Mailed check,DSL,Yes,0,1
C104220,2024-02,19,78.19,1515.86,Month-to-month,Mailed check,Fiber optic,Yes,0,1
C104221,2023-03,21,27.87,564.79,One year,Electronic check,No,Yes,0,0
C104222,2025-11,11,67.24,727.95,Month-to-month,Mailed check,Fiber optic,Yes,1,1
C104223,2022-06,30,29.63,881.54,Month-to-month,Credit card (automatic),No,Yes,0,0
C104224,2023-02,40,21.87,834.47,Two year,Electronic check,No,Yes,0,0
C104225,2024-04,16,48.61,768.51,One year,Bank transfer (automatic),DSL,No,0,0
C104226,2025-04,8,81.96,629.05,Month-to-month,Electronic check,Fiber optic,No,0,0
C104227,2025-07,6,30.52,192.15,Month-to-month,Electronic check,No,No,0,0
C104228,2025-02,12,50.11,630.28,Two year,Bank transfer (automatic),DSL,No,0,0
C104229,2024-06,15,64.95,980.74,One year,Bank transfer (automatic),Fiber optic,No,1,0
C104230,2025-09,6,52.53,314.53,One year,Electronic check,DSL,Yes,0,0
C104231,2024-07,12,29.1,365.47,Month-to-month,Mailed check,No,Yes,0,0
C104232,2023-01,29,44.71,1318.3,Two year,Electronic check,DSL,No,0,0
C104233,2024-12,2,78.51,151.25,One year,Mailed check,Fiber optic,No,0,0
C104234,2024-04,17,81.22,1341.01,Month-to-month,Bank transfer (automatic),Fiber optic,No,0,0
C104235,2024-08,10,70.35,714.44,Month-to-month,Electronic check,Fiber optic,No,0,1
C104236,2025-05,15,55.17,864.61,One year,Mailed check,DSL,Yes,0,0
C104237,2021-12,42,41.68,1721.22,One year,Mailed check,DSL,No,0,0
C104238,2024-07,15,29.51,425.7,Two year,Credit card (automatic),No,No,0,0
C104239,2023-10,13,34.69,462.65,Month-to-month,Electronic check,No,No,0,0
C104240,2023-05,24,65.26,1520.11,One year,Bank transfer (automatic),Fiber optic,No,1,0
C104241,2024-12,19,50.69,924.23,Two year,Electronic check,DSL,No,0,0
C104242,2023-12,17,75.77,1312.54,Month-to-month,Electronic check,Fiber optic,Yes,1,0
C104243,2023-08,20,92.33,1855.14,Month-to-month,Electronic check,Fiber optic,Yes,0,0
C104244,2022-10,34,90.48,3057.69,Month-to-month,Bank transfer (automatic),Fiber optic,No,1,1
C104245,2022-08,28,52.53,1405.15,Two year,Electronic check,DSL,No,0,0
C104246,2024-09,13,51.02,630.96,Month-to-month,Credit card (automatic),DSL,Yes,0,0
C104247,2023-02,40,56.47,2239.97,Month-to-month,Mailed check,DSL,Yes,0,0
C104248,2025-11,11,81.76,908.59,Month-to-month,Credit card (automatic),Fiber optic,Yes,1,0
C104249,2024-09,17,40.56,715.5,Two year,Electronic check,DSL,No,0,0
C104250,2024-11,18,59.45,1080.45,One year,Electronic check,Fiber optic,No,0,0
C104251,2025-02,12,62.12,744.5,Two year,Bank transfer (automatic),Fiber optic,No,0,0
C104252,2022-10,37,79.57,2848.67,Month-to-month,Mailed check,Fiber optic,Yes,0,0
C104253,2024-02,12,79.92,926.19,Month-to-month,Mailed check,Fiber optic,Yes,0,0
C104254,2024-12,14,74.65,1056.73,One year,Credit card (automatic),Fiber optic,Yes,0,0
C104255,2023-01,31,61.66,1883.72,Month-to-month,Bank transfer (automatic),DSL,No,0,1
C104256,2024-06,11,51.71,549.23,One year,Credit card (automatic),DSL,No,0,0
C104257,2025-02,5,73.37,363.12,Month-to-month,Electronic check,Fiber optic,Yes,0,0
C104258,2023-12,17,77.31,1345.27,Month-to-month,Bank transfer (automatic),Fiber optic,Yes,0,1
C104259,2025-01,7,85.27,571.69,Month-to-month,Bank transfer (automatic),Fiber optic,Yes,0,0
C104260,2024-10,6,77.47,447.76,Month-to-month,Bank transfer (automatic),Fiber optic,No,0,0
C104261,2025-10,2,52.23,105.35,One year,Bank transfer (automatic),DSL,No,0,1
C104262,2025-12,3,57.42,173.13,Month-to-month,Bank transfer (automatic),DSL,No,0,1
C104263,2026-03,3,77.54,224.59,Two year,Credit card (automatic),Fiber optic,Yes,1,0
C104264,2023-02,44,72.84,3237.52,Month-to-month,Electronic check,Fiber optic,Yes,0,1
C104265,2026-06,3,66.31,201.56,Two year,Electronic check,Fiber optic,No,0,0
C104266,2026-02,7,49.96,335.14,One year,Electronic check,DSL,Yes,0,0
C104267,2025-02,14,34.89,499.48,Month-to-month,Electronic check,No,Yes,0,0
C104268,2024-01,24,70.32,1622.29,Month-to-month,Bank transfer (automatic),Fiber optic,Yes,0,0
C104269,2022-10,25,72.84,1868.06,Two year,Mailed check,Fiber optic,No,0,0
C104270,2025-03,8,66.17,515.69,Month-to-month,Electronic check,Fiber optic,No,0,1
C104271,2023-11,16,73.44,1142.77,Month-to-month,Credit card (automatic),Fiber optic,Yes,1,1
C104272,2024-07,14,68.65,977.44,Two year,Credit card (automatic),Fiber optic,No,0,0
C104273,2025-01,16,61.33,997.2,Two year,Mailed check,DSL,Yes,0,0
C104274,2024-06,17,56.42,937.08,Two year,Mailed check,DSL,No,0,0
C104275,2024-07,21,48.46,1065.04,Two year,Electronic check,DSL,No,0,0
C104276,2024-09,10,26.89,265.9,Month-to-month,Mailed check,No,Yes,0,1
C104277,2024-10,12,24.75,294.18,One year,Mailed check,No,No,1,0
C104278,2021-10,58,65.27,3672.32,One year,Electronic check,Fiber optic,Yes,0,0
C104279,2024-09,10,81.69,780.8,One year,Bank transfer (automatic),Fiber optic,No,0,0
C104280,2024-04,17,48.26,846.61,One year,Mailed check,DSL,No,0,0
C104281,2025-07,14,39.13,538.76,One year,Electronic check,No,No,0,0
C104282,2024-02,16,51.2,818.4,Two year,Bank transfer (automatic),DSL,Yes,1,0
C104283,2024-02,31,52.31,1667.68,One year,Mailed check,DSL,Yes,0,0
C104284,2024-12,13,29.39,367.06,One year,Electronic check,No,No,0,0
C104285,2025-01,6,62.26,377.97,Month-to-month,Electronic check,DSL,No,0,1
C104286,2024-09,10,24.87,245.3,Month-to-month,Electronic check,No,No,0,1
C104287,2024-07,13,78.05,1048.67,Month-to-month,Mailed check,Fiber optic,Yes,0,0
C104288,2024-01,18,27.37,487.2,Two year,Mailed check,No,No,0,0
C104289,2025-01,8,77.42,647.46,Month-to-month,Electronic check,Fiber optic,Yes,0,0
C104290,2025-04,9,73.77,655.53,Month-to-month,Credit card (automatic),Fiber optic,Yes,0,1
C104291,2024-09,18,69.83,1198.06,One year,Credit card (automatic),Fiber optic,Yes,0,0
C104292,2023-09,19,30.75,587.01,Two year,Mailed check,No,No,0,0
C104293,2023-07,28,60.72,1637.14,Two year,Credit card (automatic),Fiber optic,Yes,1,0
C104294,2024-08,10,38.36,369.76,Month-to-month,Mailed check,No,Yes,1,0
C104295,2023-09,22,30.65,673.08,Month-to-month,Electronic check,No,Yes,0,0
C104296,2024-05,14,68.7,941.35,One year,Mailed check,Fiber optic,No,0,0
C104297,2025-06,11,32.21,355.84,Month-to-month,Electronic check,No,No,0,1
C104298,2024-06,14,48.63,691.67,One year,Mailed check,DSL,Yes,1,0
C104299,2025-06,16,30.47,507.02,Month-to-month,Credit card (automatic),No,No,0,0
C104300,2025-02,5,30.51,149.31,Month-to-month,Mailed check,No,Yes,0,0
C104301,2025-05,6,58.15,349.27,Two year,Electronic check,DSL,Yes,0,0
C104302,2023-12,24,70.67,1740.39,Two year,Electronic check,Fiber optic,Yes,0,0
C104303,2024-06,12,68.28,826.14,Month-to-month,Credit card (automatic),Fiber optic,No,0,1
C104304,2023-11,18,33.49,594.45,Month-to-month,Electronic check,No,No,0,0
C104305,2024-06,24,54.93,1263.76,Two year,Credit card (automatic),DSL,No,0,0
C104306,2024-08,14,62.33,845.57,One year,Electronic check,Fiber optic,Yes,0,0
C104307,2024-04,22,61.87,1298.1,Two year,Bank transfer (automatic),Fiber optic,No,0,0
C104308,2024-06,16,87.06,1408.93,Month-to-month,Electronic check,Fiber optic,No,1,0
C104309,2024-11,16,28.01,448.42,Month-to-month,Electronic check,No,No,1,0
C104310,2023-02,33,70.15,2268.52,One year,Electronic check,Fiber optic,No,0,0
C104311,2024-02,13,68.79,934.48,Two year,Electronic check,Fiber optic,No,0,0
C104312,2024-05,24,26.16,627.91,Month-to-month,Electronic check,No,No,0,0
C104313,2024-06,5,44.36,232.66,Month-to-month,Electronic check,DSL,Yes,0,0
C104314,2023-08,17,46.07,772.83,One year,Bank transfer (automatic),DSL,Yes,0,0
C104315,2022-08,38,46.77,1799.0,Two year,Bank transfer (automatic),DSL,No,0,0
C104316,2020-02,61,24.58,1470.9,Two year,Electronic check,No,No,0,0
C104317,2025-08,5,22.98,119.87,Two year,Bank transfer (automatic),No,No,0,0
C104318,2023-12,12,66.05,773.32,Month-to-month,Bank transfer (automatic),Fiber optic,No,0,0
C104319,2024-12,7,49.48,335.84,One year,Credit card (automatic),DSL,No,0,0
C104320,2024-06,14,78.69,1116.73,One year,Mailed check,Fiber optic,Yes,1,0
C104321,2022-08,27,70.97,1882.77,Month-to-month,Mailed check,Fiber optic,Yes,0,1
C104322,2022-07,34,70.91,2500.63,One year,Credit card (automatic),Fiber optic,Yes,0,0
C104323,2022-07,34,61.46,2010.55,One year,Credit card (automatic),DSL,Yes,0,0
C104324,2024-07,4,50.88,194.59,Month-to-month,Credit card (automatic),DSL,No,0,0
C104325,2025-05,16,48.34,736.89,Month-to-month,Bank transfer (automatic),No,No,0,0
C104326,2025-07,10,77.35,758.29,One year,Bank transfer (automatic),Fiber optic,Yes,0,0
C104327,2024-11,13,51.06,684.1,Two year,Credit card (automatic),DSL,No,0,0
C104328,2025-11,11,28.51,326.85,Month-to-month,Mailed check,No,Yes,1,0
C104329,2026-01,5,77.05,400.79,Two year,Electronic check,Fiber optic,No,0,0
C104330,2022-11,34,70.84,2512.44,Month-to-month,Credit card (automatic),Fiber optic,No,0,1
C104331,2025-11,8,52.4,410.76,Month-to-month,Credit card (automatic),DSL,Yes,0,0
C104332,2024-04,10,39.64,398.47,Month-to-month,Electronic check,No,No,0,0
C104333,2022-04,38,50.55,1892.19,One year,Electronic check,DSL,No,0,0
C104334,2025-08,4,27.2,111.04,Month-to-month,Credit card (automatic),No,Yes,0,0
C104335,2023-09,20,68.03,1416.22,One year,Electronic check,Fiber optic,Yes,0,0
C104336,2023-11,30,39.01,1131.08,Two year,Bank transfer (automatic),DSL,Yes,1,0
C104337,2022-11,36,58.89,2116.17,One year,Electronic check,DSL,No,0,0
C104338,2023-08,20,27.34,544.0,Two year,Electronic check,No,No,0,0
C104339,2023-11,25,57.02,1483.63,Two year,Bank transfer (automatic),DSL,Yes,0,0
C104340,2023-03,30,53.99,1682.2,Month-to-month,Credit card (automatic),DSL,Yes,0,0
C104341,2024-12,14,72.47,1051.23,Month-to-month,Mailed check,Fiber optic,No,0,0
C104342,2024-04,8,51.02,418.2,Month-to-month,Electronic check,DSL,No,1,0
C104343,2021-08,40,73.1,3045.94,Two year,Electronic check,Fiber optic,Yes,0,0
C104344,2024-02,23,70.17,1694.12,Month-to-month,Electronic check,Fiber optic,No,0,0
C104345,2024-12,16,55.11,849.15,One year,Credit card (automatic),DSL,No,0,0
C104346,2025-10,5,75.23,391.64,Month-to-month,Mailed check,Fiber optic,Yes,0,0
C104347,2026-03,2,48.74,97.99,Month-to-month,Credit card (automatic),DSL,No,0,0
C104348,2024-02,20,27.31,533.57,Month-to-month,Credit card (automatic),No,No,0,0
C104349,2024-10,2,55.06,110.88,Month-to-month,Mailed check,DSL,Yes,0,0
C104350,2023-08,15,73.14,1096.69,Month-to-month,Electronic check,Fiber optic,No,0,1
C104351,2024-12,9,83.37,753.4,One year,Credit card (automatic),Fiber optic,No,0,0
C104352,2024-09,11,76.41,829.77,Month-to-month,Electronic check,Fiber optic,No,1,1
C104353,2023-08,35,51.62,1833.08,One year,Credit card (automatic),DSL,No,0,0
C104354,2025-04,9,52.82,483.8,Month-to-month,Mailed check,DSL,No,1,1
C104355,2023-11,16,70.62,1080.42,One year,Electronic check,Fiber optic,No,1,1
C104356,2025-01,9,71.35,659.51,Month-to-month,Mailed check,Fiber optic,Yes,1,0
C104357,2024-01,19,70.06,1337.13,Month-to-month,Mailed check,Fiber optic,Yes,0,0
C104358,2024-02,17,58.59,1033.29,Month-to-month,Bank transfer (automatic),DSL,Yes,0,0
C104359,2023-12,15,84.24,1282.66,Month-to-month,Bank transfer (automatic),Fiber optic,Yes,0,1
C104360,2023-04,30,52.3,1646.45,Month-to-month,Electronic check,DSL,No,0,0
C104361,2025-04,4,74.58,305.55,One year,Mailed check,Fiber optic,No,0,0
C104362,2026-05,3,71.01,211.81,Month-to-month,Mailed check,Fiber optic,Yes,1,1
C104363,2024-08,6,55.62,325.0,Month-to-month,Credit card (automatic),DSL,No,0,0
C104364,2024-05,17,22.15,381.56,Month-to-month,Credit card (automatic),No,No,1,1
C104365,2023-08,21,69.88,1467.09,Month-to-month,Bank transfer (automatic),Fiber optic,No,1,1
C104366,2025-07,1,49.66,49.32,Month-to-month,Credit card (automatic),DSL,No,0,0
C104367,2023-09,21,54.13,1174.06,Month-to-month,Mailed check,DSL,Yes,0,0
C104368,2024-12,12,67.98,849.8,Month-to-month,Electronic check,Fiber optic,Yes,0,0
C104369,2021-09,41,18.0,734.83,Two year,Electronic check,No,Yes,0,0
C104370,2025-02,20,46.78,891.71,Month-to-month,Credit card (automatic),DSL,No,0,0
C104371,2023-02,38,51.75,2041.06,One year,Mailed check,DSL,No,0,1
C104372,2023-08,33,67.24,2117.64,One year,Credit card (automatic),Fiber optic,No,0,0
C104373,2025-09,12,71.53,854.01,Month-to-month,Mailed check,Fiber optic,No,0,1
C104374,2023-08,27,54.39,1443.83,One year,Electronic check,DSL,No,0,0
C104375,2025-09,12,70.07,829.15,Month-to-month,Mailed check,Fiber optic,Yes,0,0
C104376,2022-06,44,68.52,3056.94,Two year,Bank transfer (automatic),Fiber optic,Yes,0,0
C104377,2025-05,13,63.42,853.79,Two year,Mailed check,DSL,Yes,0,0
C104378,2024-01,22,69.71,1567.37,One year,Credit card (automatic),Fiber optic,Yes,1,0
C104379,2021-09,50,51.57,2561.91,One year,Bank transfer (automatic),DSL,No,1,0
C104380,2023-07,23,55.08,1301.19,One year,Mailed check,DSL,No,0,0
C104381,2025-11,11,25.09,280.03,Month-to-month,Bank transfer (automatic),No,No,0,1
C104382,2026-01,5,49.25,246.03,One year,Electronic check,DSL,No,0,1
C104383,2025-02,4,54.43,214.11,Month-to-month,Credit card (automatic),DSL,No,0,0
C104384,2024-10,21,29.96,628.39,One year,Electronic check,No,No,1,0
C104385,2023-10,14,24.42,351.67,Month-to-month,Bank transfer (automatic),No,No,0,0
C104386,2024-07,6,33.35,203.81,Month-to-month,Mailed check,No,Yes,0,0
C104387,2023-11,25,64.28,1656.51,Month-to-month,Electronic check,DSL,Yes,0,0
C104388,2023-04,25,63.52,1664.97,Month-to-month,Bank transfer (automatic),Fiber optic,No,0,1
C104389,2024-07,14,74.35,1089.87,One year,Mailed check,Fiber optic,Yes,0,0
C104390,2022-06,39,68.45,2781.32,Two year,Bank transfer (automatic),Fiber optic,No,0,0
C104391,2024-09,3,53.22,163.72,Month-to-month,Mailed check,DSL,No,0,1
C104392,2024-02,11,76.96,888.32,Month-to-month,Electronic check,Fiber optic,No,0,0
C104393,2024-10,22,58.88,1292.1,Two year,Electronic check,DSL,Yes,0,0
C104394,2025-09,6,76.54,442.86,Month-to-month,Bank transfer (automatic),Fiber optic,Yes,1,0
C104395,2023-10,27,58.56,1629.7,One year,Mailed check,DSL,No,1,0
C104396,2023-06,32,71.77,2221.56,One year,Mailed check,Fiber optic,No,0,0
C104397,2024-10,1,77.19,77.29,Month-to-month,Electronic check,Fiber optic,Yes,0,1
C104398,2021-11,40,24.34,1012.7,Two year,Electronic check,No,No,0,0
C104399,2024-09,22,30.23,683.98,Month-to-month,Bank transfer (automatic),No,No,0,1
C104400,2024-10,10,73.37,720.18,Month-to-month,Credit card (automatic),Fiber optic,Yes,0,1
C104401,2024-09,4,55.64,216.63,Month-to-month,Bank transfer (automatic),DSL,Yes,0,0
C104402,2023-12,29,20.07,588.34,Month-to-month,Mailed check,No,No,1,0
C104403,2025-07,6,48.31,297.29,Month-to-month,Mailed check,DSL,No,1,1
C104404,2023-10,22,62.13,1403.01,Month-to-month,Bank transfer (automatic),DSL,No,0,1
C104405,2025-04,6,83.36,513.46,Month-to-month,Bank transfer (automatic),Fiber optic,No,0,1
C104406,2024-01,15,58.61,835.44,Two year,Electronic check,Fiber optic,No,0,0
C104407,2022-11,28,47.2,1348.16,Two year,Bank transfer (automatic),DSL,Yes,0,0
C104408,2025-06,10,50.51,513.05,Month-to-month,Electronic check,DSL,No,0,1
C104409,2021-07,40,52.12,2064.21,Two year,Electronic check,DSL,No,0,0
C104410,2024-02,23,74.5,1798.94,Month-to-month,Electronic check,Fiber optic,Yes,0,1
C104411,2026-04,6,79.08,472.05,Month-to-month,Electronic check,Fiber optic,Yes,1,0
C104412,2026-03,5,66.89,320.08,Month-to-month,Electronic check,Fiber optic,No,0,0
C104413,2025-06,8,74.1,566.7,One year,Electronic check,Fiber optic,No,0,0
C104414,2024-10,15,28.0,416.89,Month-to-month,Electronic check,No,Yes,0,0
C104415,2022-09,42,67.58,2871.27,One year,Electronic check,Fiber optic,Yes,0,0
C104416,2022-01,48,71.65,3610.84,Two year,Electronic check,Fiber optic,No,1,0
C104417,2025-01,10,73.52,730.46,Month-to-month,Electronic check,Fiber optic,Yes,0,0
C104418,2025-07,10,74.4,749.46,Month-to-month,Credit card (automatic),Fiber optic,Yes,0,0
C104419,2024-05,26,83.02,2232.6,Month-to-month,Bank transfer (automatic),Fiber optic,No,1,0
C104420,2024-08,25,53.23,1358.66,One year,Electronic check,DSL,No,0,0
C104421,2023-03,36,41.67,1561.78,Month-to-month,Mailed check,No,Yes,0,0
C104422,2022-08,36,58.02,2117.84,One year,Mailed check,Fiber optic,No,0,0
C104423,2024-12,8,29.94,250.01,Month-to-month,Electronic check,No,Yes,0,0
C104424,2026-06,4,68.33,277.18,Month-to-month,Mailed check,Fiber optic,Yes,1,1
C104425,2023-04,23,63.43,1404.63,Two year,Electronic check,Fiber optic,No,0,0
C104426,2023-09,18,51.07,904.88,Month-to-month,Mailed check,DSL,No,0,0
C104427,2024-09,2,80.54,160.49,Month-to-month,Bank transfer (automatic),Fiber optic,No,0,1
C104428,2025-09,4,72.56,298.97,Month-to-month,Mailed check,Fiber optic,Yes,0,0
C104429,2024-06,22,23.15,498.97,Month-to-month,Electronic check,No,No,0,0
C104430,2024-10,14,31.56,441.52,Two year,Electronic check,No,Yes,0,0
C104431,2022-12,23,61.91,1384.66,Two year,Credit card (automatic),Fiber optic,Yes,0,0
C104432,2025-04,6,38.83,230.05,One year,Bank transfer (automatic),No,No,0,0
C104433,2024-03,24,19.85,465.93,Two year,Bank transfer (automatic),No,No,0,0
C104434,2024-09,19,27.08,537.13,One year,Credit card (automatic),No,No,0,1
C104435,2022-11,25,83.55,2173.21,One year,Mailed check,Fiber optic,Yes,1,0
C104436,2025-04,11,53.05,597.0,Month-to-month,Electronic check,DSL,No,0,1
C104437,2024-08,9,30.14,261.02,Two year,Bank transfer (automatic),No,Yes,0,0
C104438,2025-07,4,74.34,310.51,Month-to-month,Electronic check,Fiber optic,No,0,1
C104439,2025-01,12,74.99,868.99,Month-to-month,Bank transfer (automatic),Fiber optic,No,0,0
C104440,2023-12,31,64.09,1898.28,Two year,Mailed check,Fiber optic,No,0,0
C104441,2021-10,37,53.32,1882.91,Two year,Electronic check,DSL,Yes,1,0
C104442,2025-09,6,58.56,343.63,Two year,Electronic check,DSL,No,1,1
C104443,2025-07,15,38.95,564.45,Two year,Mailed check,DSL,Yes,0,0
C104444,2021-11,43,63.45,2638.49,Two year,Bank transfer (automatic),Fiber optic,Yes,0,0
C104445,2021-06,46,65.68,2956.01,Two year,Electronic check,Fiber optic,Yes,0,0
C104446,2023-12,12,69.68,868.1,Month-to-month,Electronic check,Fiber optic,Yes,1,0
C104447,2022-09,33,54.46,1869.96,Two year,Mailed check,DSL,No,0,0
C104448,2024-01,30,51.36,1603.39,Month-to-month,Credit card (automatic),DSL,Yes,1,0
C104449,2024-04,28,75.49,2173.42,Month-to-month,Bank transfer (automatic),Fiber optic,No,0,1
C104450,2026-06,3,59.55,181.5,Two year,Bank transfer (automatic),DSL,Yes,0,0
C104451,2025-06,10,18.0,181.61,Two year,Mailed check,No,No,0,0
C104452,2024-04,14,70.9,1041.62,Two year,Mailed check,Fiber optic,Yes,1,0
C104453,2024-11,13,74.26,947.26,Month-to-month,Electronic check,Fiber optic,Yes,0,0
C104454,2025-02,15,74.28,1140.3,Month-to-month,Electronic check,Fiber optic,No,0,1
C104455,2022-03,50,63.57,3040.22,Two year,Electronic check,Fiber optic,Yes,1,0
C104456,2024-07,12,52.72,606.56,Month-to-month,Credit card (automatic),DSL,Yes,0,1
C104457,2023-04,20,71.95,1451.24,One year,Mailed check,Fiber optic,No,0,0
C104458,2024-07,20,53.9,1116.49,Month-to-month,Electronic check,DSL,Yes,0,0
C104459,2025-04,15,73.18,1141.83,Two year,Mailed check,Fiber optic,No,1,0
C104460,2025-12,6,68.44,391.24,Month-to-month,Electronic check,Fiber optic,Yes,1,1
C104461,2024-05,16,66.62,1042.93,Month-to-month,Mailed check,Fiber optic,No,0,0
C104462,2025-01,2,62.96,130.4,Month-to-month,Bank transfer (automatic),Fiber optic,Yes,1,0
C104463,2023-11,22,30.85,682.13,Month-to-month,Credit card (automatic),No,No,1,0
C104464,2024-09,2,79.54,153.76,Month-to-month,Bank transfer (automatic),Fiber optic,Yes,0,1
C104465,2024-02,20,45.76,911.22,One year,Credit card (automatic),DSL,No,1,0
C104466,2025-06,9,67.42,624.31,Month-to-month,Electronic check,Fiber optic,Yes,0,0
C104467,2025-12,7,86.33,621.06,Month-to-month,Bank transfer (automatic),Fiber optic,No,1,1
C104468,2024-07,26,82.66,2226.31,Month-to-month,Credit card (automatic),Fiber optic,Yes,0,0
C104469,2024-12,11,83.0,869.31,Month-to-month,Electronic check,Fiber optic,Yes,1,0
C104470,2024-06,16,71.1,1115.82,Two year,Bank transfer (automatic),Fiber optic,Yes,0,0
C104471,2024-09,3,79.23,233.01,Month-to-month,Credit card (automatic),Fiber optic,Yes,0,0
C104472,2023-07,39,70.28,2674.87,One year,Bank transfer (automatic),Fiber optic,Yes,1,0
C104473,2024-12,17,21.46,362.5,Month-to-month,Electronic check,No,No,0,0
C104474,2025-01,17,60.76,1024.08,Two year,Electronic check,Fiber optic,No,1,0
C104475,2024-11,22,69.02,1503.23,Two year,Bank transfer (automatic),Fiber optic,No,0,0
C104476,2026-07,1,60.55,60.16,Month-to-month,Credit card (automatic),DSL,Yes,0,0
C104477,2021-06,42,49.6,2044.07,Two year,Electronic check,DSL,No,0,0
C104478,2025-10,12,58.65,737.66,Month-to-month,Electronic check,DSL,No,0,0
C104479,2021-08,40,50.06,2016.53,Two year,Electronic check,DSL,Yes,0,0
C104480,2024-06,11,52.43,574.63,Two year,Mailed check,DSL,No,0,0
C104481,2024-12,9,79.63,698.01,Month-to-month,Bank transfer (automatic),Fiber optic,Yes,0,0
C104482,2024-10,21,58.59,1200.31,Two year,Mailed check,DSL,Yes,0,0
C104483,2020-05,56,52.31,3005.32,Two year,Mailed check,DSL,No,0,0
C104484,2022-06,33,86.64,2834.93,Month-to-month,Bank transfer (automatic),Fiber optic,No,1,1
C104485,2023-01,22,70.6,1526.12,One year,Mailed check,Fiber optic,No,0,0
C104486,2024-07,21,60.74,1235.49,One year,Bank transfer (automatic),DSL,Yes,0,0
C104487,2025-02,16,33.5,562.49,Month-to-month,Electronic check,No,No,1,0
C104488,2022-08,39,18.0,692.31,Two year,Electronic check,No,No,0,0
C104489,2024-03,26,38.48,969.73,Month-to-month,Credit card (automatic),No,No,1,0
C104490,2026-04,4,69.49,284.56,Month-to-month,Mailed check,Fiber optic,No,0,0
C104491,2025-03,7,27.31,198.88,One year,Electronic check,No,Yes,0,0
C104492,2024-10,23,80.24,1892.89,Month-to-month,Mailed check,Fiber optic,Yes,0,0
C104493,2024-12,6,67.53,400.0,One year,Bank transfer (automatic),Fiber optic,No,0,0
C104494,2025-02,17,54.57,949.28,Month-to-month,Electronic check,DSL,No,0,0
C104495,2022-11,28,56.74,1559.98,One year,Mailed check,DSL,Yes,0,0
C104496,2023-08,21,22.67,475.48,Two year,Electronic check,No,No,0,0
C104497,2025-06,5,70.58,338.87,One year,Credit card (automatic),Fiber optic,No,0,0
C104498,2024-09,7,50.68,347.15,One year,Bank transfer (automatic),DSL,Yes,1,0
C104499,2025-01,21,60.78,1277.43,Month-to-month,Credit card (automatic),DSL,Yes,0,1
C104500,2020-07,52,81.41,4052.74,One year,Bank transfer (automatic),Fiber optic,No,1,0
C104501,2025-07,14,22.2,318.07,One year,Credit card (automatic),No,No,0,0
C104502,2022-12,28,28.07,779.11,Two year,Electronic check,No,Yes,0,0
C104503,2023-05,21,47.46,999.66,Two year,Electronic check,DSL,Yes,0,0
C104504,2024-11,9,55.19,494.7,Month-to-month,Credit card (automatic),DSL,Yes,0,0
C104505,2023-04,29,65.6,1942.51,Month-to-month,Credit card (automatic),DSL,Yes,0,0
C104506,2025-12,3,77.28,235.0,Month-to-month,Credit card (automatic),Fiber optic,No,0,0
C104507,2024-06,27,65.62,1808.07,Two year,Credit card (automatic),Fiber optic,Yes,0,0
C104508,2023-09,22,63.79,1365.81,One year,Bank transfer (automatic),Fiber optic,No,0,1
C104509,2024-08,10,77.99,789.87,One year,Mailed check,Fiber optic,Yes,0,0
C104510,2025-06,6,52.24,314.1,Month-to-month,Bank transfer (automatic),DSL,No,0,0
C104511,2024-09,10,45.94,439.85,Two year,Electronic check,DSL,No,0,0
C104512,2025-06,8,54.62,417.54,One year,Bank transfer (automatic),DSL,Yes,0,0
C104513,2024-12,12,78.47,949.27,Month-to-month,Credit card (automatic),Fiber optic,No,0,1
C104514,2025-04,11,69.79,774.14,One year,Bank transfer (automatic),Fiber optic,No,0,0
C104515,2024-04,10,24.32,249.83,Month-to-month,Mailed check,No,No,0,1
C104516,2025-02,3,63.21,194.65,Month-to-month,Bank transfer (automatic),DSL,Yes,1,0
C104517,2025-10,5,32.9,163.77,One year,Credit card (automatic),No,No,0,0
C104518,2023-01,32,60.92,1935.58,Month-to-month,Electronic check,DSL,No,1,0
C104519,2024-06,10,52.86,522.71,Month-to-month,Electronic check,DSL,Yes,0,0
C104520,2025-07,13,47.82,649.17,One year,Bank transfer (automatic),DSL,No,0,0
C104521,2025-04,11,47.4,531.27,Two year,Credit card (automatic),DSL,No,1,0
C104522,2022-07,40,45.86,1806.69,Month-to-month,Bank transfer (automatic),DSL,Yes,0,0
C104523,2025-01,8,52.99,432.54,Month-to-month,Bank transfer (automatic),DSL,No,0,0
C104524,2025-09,8,70.95,569.87,Month-to-month,Electronic check,Fiber optic,No,0,0
C104525,2023-01,22,74.53,1652.09,Month-to-month,Mailed check,Fiber optic,No,0,0
C104526,2024-12,18,72.29,1355.2,One year,Credit card (automatic),Fiber optic,No,0,0
C104527,2023-09,23,29.34,682.0,One year,Mailed check,No,Yes,0,0
C104528,2024-07,22,65.49,1499.31,Two year,Mailed check,Fiber optic,Yes,0,0
C104529,2023-04,29,21.67,630.32,One year,Mailed check,No,No,0,0
C104530,2024-11,5,41.95,215.33,Two year,Mailed check,DSL,No,0,0
C104531,2023-12,21,28.77,605.86,Two year,Mailed check,No,No,1,0
C104532,2025-05,8,75.81,610.45,Month-to-month,Bank transfer (automatic),Fiber optic,No,0,1
C104533,2025-04,2,63.65,126.41,One year,Mailed check,Fiber optic,Yes,0,0
C104534,2023-09,22,80.56,1800.23,One year,Bank transfer (automatic),Fiber optic,No,0,0
C104535,2023-06,21,60.01,1205.73,Month-to-month,Mailed check,DSL,Yes,0,0
C104536,2024-06,15,46.67,712.88,One year,Credit card (automatic),DSL,No,0,0
C104537,2022-09,30,70.59,2122.36,Two year,Electronic check,Fiber optic,No,0,0
C104538,2025-01,8,74.18,606.79,Month-to-month,Electronic check,Fiber optic,No,0,0
C104539,2023-04,24,31.58,720.82,Month-to-month,Mailed check,No,Yes,0,0
C104540,2025-06,14,53.83,737.9,One year,Credit card (automatic),DSL,No,0,0
C104541,2024-12,14,59.03,831.96,Month-to-month,Bank transfer (automatic),DSL,Yes,0,0
C104542,2026-05,3,80.88,241.77,One year,Bank transfer (automatic),Fiber optic,Yes,0,0
C104543,2023-11,30,76.8,2213.98,Month-to-month,Mailed check,Fiber optic,No,0,1
C104544,2024-07,20,53.8,1027.98,Two year,Electronic check,DSL,Yes,0,0
C104545,2024-01,24,77.79,1848.98,Two year,Credit card (automatic),Fiber optic,Yes,1,0
C104546,2025-07,7,71.77,498.18,Month-to-month,Mailed check,Fiber optic,No,0,1
C104547,2024-03,19,47.2,886.03,One year,Bank transfer (automatic),DSL,Yes,0,0
C104548,2024-05,14,59.03,862.72,Month-to-month,Credit card (automatic),DSL,No,0,0
C104549,2023-06,21,47.66,971.41,Month-to-month,Bank transfer (automatic),DSL,No,1,0
C104550,2023-12,18,67.15,1234.76,One year,Electronic check,Fiber optic,Yes,0,0
C104551,2022-01,45,61.83,2693.78,One year,Electronic check,DSL,No,1,0
C104552,2023-09,36,58.69,2016.66,Two year,Electronic check,Fiber optic,Yes,1,0
C104553,2025-02,12,31.82,386.47,Month-to-month,Credit card (automatic),No,No,0,1
C104554,2023-12,22,46.35,1054.71,Month-to-month,Credit card (automatic),DSL,No,0,0
C104555,2024-10,12,57.46,677.81,Month-to-month,Mailed check,DSL,Yes,0,0
C104556,2022-08,29,61.59,1793.81,Two year,Credit card (automatic),DSL,No,0,0
C104557,2025-07,14,23.92,339.24,Month-to-month,Electronic check,No,No,0,0
C104558,2024-02,10,62.38,634.33,Month-to-month,Electronic check,Fiber optic,No,1,1
C104559,2024-04,18,32.14,584.51,Month-to-month,Electronic check,No,Yes,0,0
C104560,2023-03,34,23.83,842.37,Two year,Credit card (automatic),No,Yes,1,0
C104561,2023-03,31,28.9,867.5,Month-to-month,Electronic check,No,Yes,0,0
C104562,2024-05,11,32.19,362.64,Month-to-month,Electronic check,No,No,0,1
C104563,2022-02,42,53.98,2368.48,Two year,Electronic check,DSL,Yes,0,0
C104564,2025-05,7,78.44,540.82,Month-to-month,Mailed check,Fiber optic,No,0,0
C104565,2024-05,9,29.84,276.03,Month-to-month,Mailed check,No,No,0,1
C104566,2024-02,28,77.61,2197.85,Month-to-month,Electronic check,Fiber optic,Yes,1,1
C104567,2025-07,2,73.87,144.43,Month-to-month,Credit card (automatic),Fiber optic,No,0,0
C104568,2024-03,16,28.03,444.21,Month-to-month,Credit card (automatic),No,Yes,0,0
C104569,2024-09,12,74.9,932.64,Month-to-month,Electronic check,Fiber optic,No,0,1
C104570,2022-03,44,72.46,3182.14,Two year,Credit card (automatic),Fiber optic,Yes,0,0
C104571,2024-12,6,71.12,417.89,Month-to-month,Credit card (automatic),Fiber optic,No,0,0
C104572,2024-11,7,54.09,397.43,One year,Credit card (automatic),DSL,Yes,0,0
C104573,2020-11,48,47.85,2251.28,Two year,Electronic check,DSL,No,0,0
C104574,2024-02,12,70.58,808.18,Month-to-month,Credit card (automatic),Fiber optic,Yes,1,0
C104575,2022-08,33,36.31,1162.2,Month-to-month,Bank transfer (automatic),No,No,1,0
C104576,2025-11,11,32.23,371.07,Month-to-month,Electronic check,No,Yes,1,0
C104577,2025-09,9,57.28,505.77,Month-to-month,Bank transfer (automatic),DSL,Yes,1,0
C104578,2022-01,34,21.93,772.53,Two year,Electronic check,No,No,1,0
C104579,2021-05,55,49.12,2802.09,Two year,Bank transfer (automatic),DSL,Yes,0,0
C104580,2023-10,36,78.6,2694.23,Month-to-month,Bank transfer (automatic),Fiber optic,No,0,0
C104581,2025-09,10,32.23,329.85,Month-to-month,Mailed check,No,No,0,0
C104582,2025-07,15,45.39,683.8,Month-to-month,Electronic check,No,Yes,0,0
C104583,2026-03,7,73.32,519.64,One year,Credit card (automatic),Fiber optic,Yes,0,0
C104584,2024-05,8,71.01,564.51,Month-to-month,Electronic check,Fiber optic,No,0,0
C104585,2024-07,8,72.39,557.43,Month-to-month,Credit card (automatic),Fiber optic,No,1,0
C104586,2025-10,11,69.86,740.69,Month-to-month,Bank transfer (automatic),Fiber optic,No,0,1
C104587,2024-09,17,51.12,827.85,Month-to-month,Electronic check,DSL,No,0,1
C104588,2023-08,16,51.2,799.66,Two year,Mailed check,DSL,No,0,0
C104589,2024-03,25,27.22,691.07,Month-to-month,Credit card (automatic),No,No,1,0
C104590,2023-09,18,58.62,1032.09,Two year,Credit card (automatic),DSL,Yes,0,0
C104591,2023-11,24,74.29,1761.49,Two year,Electronic check,Fiber optic,No,0,0
C104592,2023-07,26,77.18,2024.47,One year,Electronic check,Fiber optic,No,0,0
C104593,2025-07,11,53.49,596.34,Month-to-month,Electronic check,DSL,No,0,0
C104594,2025-02,14,58.28,845.36,One year,Bank transfer (automatic),DSL,No,1,0
C104595,2020-09,72,61.14,4340.63,Month-to-month,Electronic check,DSL,Yes,0,0
C104596,2025-10,10,60.18,615.58,Two year,Electronic check,DSL,Yes,0,0
C104597,2023-05,25,68.75,1692.15,One year,Mailed check,Fiber optic,Yes,1,0
C104598,2024-06,5,72.07,367.94,One year,Credit card (automatic),Fiber optic,No,0,1
C104599,2024-02,27,67.49,1900.87,One year,Electronic check,Fiber optic,Yes,0,0
C104600,2024-07,9,45.84,405.79,Month-to-month,Bank transfer (automatic),No,Yes,1,1
C104601,2025-06,16,73.79,1180.08,Month-to-month,Electronic check,Fiber optic,No,1,0
C104602,2025-08,4,82.65,322.29,Month-to-month,Bank transfer (automatic),Fiber optic,Yes,0,0
C104603,2024-02,15,75.94,1141.68,Month-to-month,Bank transfer (automatic),Fiber optic,No,0,0
C104604,2024-11,15,77.28,1161.23,One year,Credit card (automatic),Fiber optic,Yes,0,1
C104605,2023-11,13,54.91,736.11,Month-to-month,Bank transfer (automatic),DSL,Yes,0,0
C104606,2024-12,21,56.14,1212.12,Two year,Electronic check,DSL,No,0,0
C104607,2023-12,32,56.66,1797.59,Month-to-month,Mailed check,DSL,Yes,0,0
C104608,2025-04,7,85.23,577.03,Month-to-month,Electronic check,Fiber optic,Yes,0,0
C104609,2024-09,14,76.84,1049.22,Month-to-month,Electronic check,Fiber optic,Yes,0,0
C104610,2026-07,3,25.67,77.03,Month-to-month,Credit card (automatic),No,No,0,0
C104611,2024-12,17,55.91,995.14,One year,Mailed check,DSL,Yes,0,0
C104612,2024-12,6,75.06,458.42,Month-to-month,Credit card (automatic),Fiber optic,Yes,0,0
C104613,2025-06,15,46.88,686.86,One year,Electronic check,DSL,No,0,0
C104614,2024-05,18,31.08,586.99,One year,Credit card (automatic),No,Yes,1,0
C104615,2025-10,3,71.3,221.08,Month-to-month,Credit card (automatic),Fiber optic,No,0,0
C104616,2025-02,20,70.59,1403.73,One year,Bank transfer (automatic),Fiber optic,No,0,0
C104617,2022-08,31,75.25,2375.7,Month-to-month,Electronic check,Fiber optic,Yes,0,0
C104618,2024-08,23,42.84,947.4,Month-to-month,Credit card (automatic),DSL,No,0,1
C104619,2025-08,7,69.41,509.34,One year,Credit card (automatic),Fiber optic,No,0,0
C104620,2025-01,15,35.54,515.04,Month-to-month,Electronic check,No,No,0,1
C104621,2025-04,16,73.85,1223.27,Month-to-month,Credit card (automatic),Fiber optic,No,0,1
C104622,2024-04,14,41.39,578.1,One year,Credit card (automatic),DSL,No,0,0
C104623,2025-03,5,74.51,381.81,Month-to-month,Electronic check,Fiber optic,Yes,0,1
C104624,2025-09,8,71.9,565.38,Two year,Mailed check,Fiber optic,No,0,0
C104625,2024-01,13,25.81,335.83,Two year,Electronic check,No,Yes,0,0
C104626,2025-02,18,49.01,890.65,Two year,Mailed check,DSL,No,0,0
C104627,2025-04,10,27.32,270.82,Month-to-month,Credit card (automatic),No,No,0,1
C104628,2026-06,3,33.72,100.81,Month-to-month,Credit card (automatic),No,Yes,0,0
C104629,2025-02,10,50.07,524.52,Month-to-month,Electronic check,DSL,No,0,0
C104630,2022-10,45,72.28,3237.48,Two year,Bank transfer (automatic),Fiber optic,No,0,0
C104631,2024-10,20,53.39,1031.56,Month-to-month,Mailed check,DSL,Yes,0,0
C104632,2023-06,17,62.52,1061.4,Month-to-month,Mailed check,DSL,No,0,0
C104633,2024-03,8,72.09,600.09,Month-to-month,Bank transfer (automatic),Fiber optic,Yes,0,0
C104634,2025-10,11,46.14,494.99,One year,Bank transfer (automatic),DSL,No,0,0
C104635,2024-09,2,58.71,115.13,Month-to-month,Electronic check,DSL,Yes,0,1
C104636,2025-07,7,77.96,533.14,Month-to-month,Electronic check,Fiber optic,No,0,0
C104637,2023-08,19,30.07,564.01,Two year,Credit card (automatic),No,Yes,0,0
C104638,2025-03,17,60.08,1018.55,Month-to-month,Electronic check,DSL,No,0,1
C104639,2025-12,9,44.59,394.67,Two year,Mailed check,DSL,No,1,0
C104640,2024-08,14,50.27,681.71,Month-to-month,Credit card (automatic),DSL,Yes,0,0
C104641,2024-11,16,58.52,921.31,Two year,Credit card (automatic),DSL,No,0,0
C104642,2025-05,9,30.21,269.58,Two year,Bank transfer (automatic),No,No,0,0
C104643,2024-09,21,72.27,1516.08,Month-to-month,Electronic check,Fiber optic,Yes,0,0
C104644,2024-09,17,58.42,1008.57,Two year,Bank transfer (automatic),Fiber optic,No,0,0
C104645,2025-09,11,67.53,760.58,Month-to-month,Bank transfer (automatic),Fiber optic,Yes,0,0
C104646,2025-09,5,24.26,125.25,Month-to-month,Mailed check,No,No,0,0
C104647,2025-02,10,71.63,698.46,Month-to-month,Electronic check,Fiber optic,No,0,0
C104648,2025-09,10,31.83,321.97,Month-to-month,Mailed check,No,No,0,0
C104649,2025-03,9,66.81,582.28,Month-to-month,Mailed check,Fiber optic,Yes,0,0
C104650,2025-01,4,26.83,108.61,Month-to-month,Credit card (automatic),No,Yes,0,0
C104651,2021-10,37,61.42,2367.77,Two year,Bank transfer (automatic),Fiber optic,No,0,1
C104652,2023-06,36,25.07,936.02,Two year,Electronic check,No,Yes,0,0
C104653,2024-04,13,69.31,910.77,Month-to-month,Electronic check,DSL,No,1,1
C104654,2024-02,18,79.14,1392.7,One year,Mailed check,Fiber optic,No,0,0
C104655,2024-12,21,78.44,1587.76,Month-to-month,Mailed check,Fiber optic,No,0,0
C104656,2025-04,14,71.87,1000.74,Month-to-month,Electronic check,Fiber optic,Yes,0,1
C104657,2025-02,19,62.54,1176.22,Two year,Credit card (automatic),Fiber optic,No,1,0
C104658,2024-05,23,50.08,1171.97,Two year,Credit card (automatic),DSL,Yes,0,0
C104659,2023-07,17,20.68,337.72,Month-to-month,Credit card (automatic),No,Yes,0,1
C104660,2024-01,25,78.89,1882.73,Month-to-month,Mailed check,Fiber optic,No,0,1
C104661,2024-06,9,53.81,495.22,Month-to-month,Credit card (automatic),DSL,No,0,1
C104662,2024-05,15,74.83,1133.87,Month-to-month,Bank transfer (automatic),Fiber optic,No,0,1
C104663,2020-10,72,65.01,4612.41,Month-to-month,Mailed check,Fiber optic,No,0,0
C104664,2024-01,30,55.3,1699.56,Month-to-month,Electronic check,DSL,Yes,0,1
C104665,2023-09,17,53.57,905.54,Month-to-month,Electronic check,DSL,Yes,0,0
C104666,2025-03,7,69.26,498.96,Month-to-month,Electronic check,Fiber optic,Yes,0,1
C104667,2024-08,15,28.95,448.91,Two year,Credit card (automatic),No,Yes,0,0
C104668,2023-09,28,48.21,1383.16,Two year,Bank transfer (automatic),DSL,Yes,1,0
C104669,2023-05,24,54.57,1366.41,One year,Credit card (automatic),DSL,No,0,0
C104670,2026-03,3,78.71,226.02,Month-to-month,Bank transfer (automatic),Fiber optic,No,0,0
C104671,2025-04,4,46.29,178.25,One year,Electronic check,DSL,Yes,1,0
C104672,2025-05,4,30.64,126.13,Month-to-month,Mailed check,No,No,1,0
C104673,2023-09,21,69.53,1493.59,Two year,Electronic check,Fiber optic,Yes,0,0
C104674,2024-07,4,37.46,148.73,Month-to-month,Credit card (automatic),No,Yes,0,1
C104675,2025-08,7,74.05,520.05,Two year,Electronic check,Fiber optic,No,0,0
C104676,2023-11,13,52.91,667.46,Month-to-month,Electronic check,DSL,No,0,0
C104677,2023-02,32,66.45,2092.55,Two year,Mailed check,Fiber optic,No,0,0
C104678,2024-07,22,55.9,1177.86,Month-to-month,Credit card (automatic),DSL,Yes,0,0
C104679,2025-06,12,46.06,526.98,One year,Mailed check,DSL,Yes,0,0
C104680,2023-01,26,66.16,1747.48,One year,Electronic check,Fiber optic,No,0,0
C104681,2021-08,53,72.19,3861.55,Month-to-month,Bank transfer (automatic),Fiber optic,No,0,0
C104682,2024-05,15,36.31,555.58,Two year,Electronic check,DSL,Yes,1,0
C104683,2026-03,5,49.06,242.49,Month-to-month,Bank transfer (automatic),DSL,Yes,0,0
C104684,2024-08,7,53.01,382.39,Month-to-month,Bank transfer (automatic),DSL,No,0,0
C104685,2024-12,7,91.54,632.88,Month-to-month,Electronic check,Fiber optic,Yes,0,0
C104686,2025-10,8,48.94,384.0,One year,Mailed check,DSL,No,0,0
C104687,2025-10,11,75.96,843.76,One year,Electronic check,Fiber optic,No,0,1
C104688,2024-04,18,70.81,1280.41,One year,Electronic check,Fiber optic,No,0,0
C104689,2025-11,4,74.64,305.2,One year,Bank transfer (automatic),Fiber optic,Yes,0,0
C104690,2025-04,5,21.1,105.06,Two year,Electronic check,No,No,0,0
C104691,2024-09,23,19.53,469.3,One year,Electronic check,No,Yes,0,0
C104692,2024-07,10,63.26,631.95,Month-to-month,Bank transfer (automatic),DSL,Yes,1,1
C104693,2024-12,7,47.02,313.22,Month-to-month,Bank transfer (automatic),DSL,Yes,1,0
C104694,2023-11,12,83.9,1014.65,Month-to-month,Credit card (automatic),Fiber optic,Yes,0,0
C104695,2022-12,35,69.77,2505.92,One year,Credit card (automatic),Fiber optic,No,0,0
C104696,2023-10,25,50.04,1250.96,Month-to-month,Mailed check,DSL,Yes,0,0
C104697,2024-02,24,24.5,576.66,Two year,Mailed check,No,No,0,0
C104698,2021-12,44,37.21,1645.49,Two year,Bank transfer (automatic),No,No,0,0
C104699,2024-04,19,24.61,475.79,One year,Bank transfer (automatic),No,No,0,0
C104700,2021-05,46,52.71,2455.3,Month-to-month,Mailed check,DSL,No,0,0
C104701,2022-06,49,80.85,3925.0,Month-to-month,Credit card (automatic),Fiber optic,Yes,1,0
C104702,2026-03,4,74.84,295.82,One year,Bank transfer (automatic),Fiber optic,No,0,0
C104703,2024-10,3,87.46,270.53,Month-to-month,Electronic check,Fiber optic,Yes,1,1
C104704,2024-05,6,57.59,337.3,Two year,Bank transfer (automatic),DSL,No,0,0
C104705,2023-05,33,48.62,1585.96,One year,Electronic check,DSL,No,1,0
C104706,2024-06,13,37.82,499.64,Month-to-month,Credit card (automatic),No,No,0,0
C104707,2024-07,11,63.47,692.21,Month-to-month,Electronic check,Fiber optic,Yes,0,0
C104708,2023-08,26,76.62,1971.58,One year,Bank transfer (automatic),Fiber optic,Yes,0,0
C104709,2024-03,9,51.07,442.39,Month-to-month,Bank transfer (automatic),DSL,No,0,0
C104710,2023-08,17,32.37,551.06,One year,Electronic check,No,No,0,0
C104711,2024-09,23,41.78,1007.94,Month-to-month,Bank transfer (automatic),No,No,0,0
C104712,2025-04,7,64.98,471.05,Month-to-month,Electronic check,Fiber optic,Yes,1,0
C104713,2024-12,6,60.54,373.56,Month-to-month,Mailed check,DSL,Yes,0,0
C104714,2023-11,15,57.84,866.29,One year,Electronic check,DSL,No,0,0
C104715,2025-05,17,75.96,1332.99,One year,Credit card (automatic),Fiber optic,Yes,1,0
C104716,2023-11,25,24.12,627.89,Month-to-month,Credit card (automatic),No,No,0,0
C104717,2024-06,6,28.26,164.78,One year,Electronic check,No,Yes,0,0
C104718,2025-03,8,47.02,376.03,One year,Credit card (automatic),DSL,No,0,0
C104719,2022-02,48,55.38,2753.06,One year,Credit card (automatic),DSL,Yes,1,0
C104720,2024-04,29,67.17,2010.62,Month-to-month,Electronic check,Fiber optic,Yes,0,0
C104721,2025-02,14,72.38,1052.17,Month-to-month,Credit card (automatic),Fiber optic,Yes,1,0
C104722,2022-12,32,78.78,2636.44,Month-to-month,Electronic check,Fiber optic,No,0,0
C104723,2025-09,6,64.6,379.35,Two year,Credit card (automatic),Fiber optic,No,0,0
C104724,2025-06,12,26.42,319.74,One year,Bank transfer (automatic),No,No,1,0
C104725,2023-06,17,49.56,813.82,Month-to-month,Credit card (automatic),DSL,No,0,0
C104726,2025-11,11,76.54,844.08,Month-to-month,Electronic check,Fiber optic,Yes,1,1
C104727,2025-03,12,74.17,852.06,Month-to-month,Mailed check,Fiber optic,No,1,0
C104728,2023-09,24,25.6,609.46,Month-to-month,Credit card (automatic),No,Yes,0,0
C104729,2022-08,29,26.22,761.95,Month-to-month,Bank transfer (automatic),No,Yes,0,0
C104730,2024-07,10,30.95,315.57,Month-to-month,Bank transfer (automatic),No,No,0,0
C104731,2024-08,5,68.65,333.46,Month-to-month,Bank transfer (automatic),Fiber optic,No,0,1
C104732,2025-08,4,54.73,227.19,Month-to-month,Bank transfer (automatic),DSL,No,0,1
C104733,2024-12,2,75.2,143.29,Month-to-month,Electronic check,Fiber optic,Yes,0,1
C104734,2022-08,43,29.74,1293.48,One year,Electronic check,No,No,0,0
C104735,2024-07,24,49.62,1240.01,One year,Electronic check,DSL,No,0,0
C104736,2023-04,21,58.63,1276.24,Month-to-month,Electronic check,DSL,No,1,1
C104737,2024-10,9,60.77,548.26,Month-to-month,Credit card (automatic),DSL,No,0,0
C104738,2025-12,9,78.88,684.58,Month-to-month,Mailed check,Fiber optic,Yes,0,0
C104739,2023-07,30,70.26,2022.99,Two year,Mailed check,Fiber optic,Yes,0,0
C104740,2026-03,3,46.44,142.27,Month-to-month,Electronic check,DSL,No,0,0
C104741,2024-12,11,65.05,688.7,Month-to-month,Credit card (automatic),DSL,Yes,0,1
C104742,2022-09,33,75.35,2377.06,Month-to-month,Electronic check,Fiber optic,No,0,0
C104743,2025-08,11,76.87,841.18,Month-to-month,Electronic check,Fiber optic,No,0,0
C104744,2023-02,23,48.57,1081.92,One year,Credit card (automatic),DSL,No,0,0
C104745,2023-09,14,67.71,977.05,Two year,Electronic check,Fiber optic,No,1,0
C104746,2025-06,1,57.68,57.92,Two year,Bank transfer (automatic),DSL,Yes,0,0
C104747,2025-03,13,57.5,774.05,One year,Mailed check,DSL,Yes,0,0
C104748,2025-01,16,53.13,840.68,Month-to-month,Bank transfer (automatic),DSL,Yes,0,0
C104749,2024-01,13,59.77,809.79,Two year,Electronic check,DSL,Yes,0,0
C104750,2025-07,5,48.94,256.38,Month-to-month,Electronic check,DSL,Yes,0,1
C104751,2025-08,13,42.71,558.13,One year,Mailed check,DSL,Yes,0,0
C104752,2025-11,2,41.23,79.88,One year,Bank transfer (automatic),DSL,Yes,0,0
C104753,2024-04,11,79.77,838.29,Month-to-month,Credit card (automatic),Fiber optic,Yes,0,1
C104754,2023-06,25,24.62,641.24,One year,Electronic check,No,No,0,0
C104755,2021-10,41,54.16,2222.58,Month-to-month,Bank transfer (automatic),DSL,Yes,0,0
C104756,2022-05,37,81.57,2928.1,Month-to-month,Electronic check,Fiber optic,Yes,1,0
C104757,2025-10,6,52.57,311.47,Two year,Bank transfer (automatic),DSL,No,0,0
C104758,2025-05,4,22.88,95.46,Month-to-month,Credit card (automatic),No,Yes,0,0
C104759,2024-04,17,64.75,1151.48,Month-to-month,Electronic check,DSL,No,0,1
C104760,2023-08,15,51.05,743.25,One year,Electronic check,DSL,No,0,0
C104761,2024-05,22,74.62,1642.51,Month-to-month,Bank transfer (automatic),Fiber optic,No,0,1
C104762,2025-06,9,50.72,470.46,Month-to-month,Credit card (automatic),DSL,Yes,0,0
C104763,2025-02,15,48.31,740.76,Month-to-month,Bank transfer (automatic),DSL,Yes,0,0
C104764,2024-10,15,54.18,825.34,One year,Mailed check,DSL,No,0,0
C104765,2024-09,11,66.35,753.83,Month-to-month,Bank transfer (automatic),Fiber optic,No,0,1
C104766,2025-09,3,52.3,161.84,One year,Electronic check,DSL,No,0,0
C104767,2023-05,24,64.51,1564.48,Month-to-month,Credit card (automatic),DSL,Yes,1,0
C104768,2025-04,17,32.11,545.38,Two year,Credit card (automatic),No,Yes,1,0
C104769,2023-03,26,56.22,1508.29,Month-to-month,Credit card (automatic),DSL,No,0,1
C104770,2022-07,30,48.41,1490.6,Month-to-month,Credit card (automatic),DSL,Yes,0,0
C104771,2023-12,14,68.64,931.75,Two year,Credit card (automatic),Fiber optic,No,0,0
C104772,2023-10,25,45.82,1146.04,Two year,Electronic check,DSL,No,0,0
C104773,2021-11,42,37.45,1587.36,One year,Credit card (automatic),No,Yes,0,0
C104774,2021-01,51,49.96,2666.59,One year,Electronic check,DSL,Yes,0,0
C104775,2024-07,18,45.88,824.02,Two year,Mailed check,DSL,Yes,0,0
C104776,2024-06,19,28.69,532.76,Month-to-month,Mailed check,No,No,0,0
C104777,2023-05,18,25.31,441.53,Month-to-month,Electronic check,No,Yes,0,0
C104778,2023-05,22,73.41,1684.76,One year,Mailed check,Fiber optic,No,0,0
C104779,2022-07,29,61.53,1793.21,Two year,Mailed check,DSL,No,0,0
C104780,2023-08,18,72.04,1264.49,One year,Electronic check,Fiber optic,Yes,1,0
C104781,2021-11,49,23.26,1130.8,One year,Mailed check,No,Yes,1,0
C104782,2022-04,45,68.05,2918.21,Two year,Electronic check,Fiber optic,Yes,0,0
C104783,2023-07,16,22.37,340.15,Month-to-month,Bank transfer (automatic),No,No,0,0
C104784,2024-08,15,86.24,1273.26,Two year,Bank transfer (automatic),Fiber optic,No,0,0
C104785,2024-01,10,40.81,416.57,Month-to-month,Bank transfer (automatic),No,Yes,1,0
C104786,2023-09,23,60.28,1418.73,One year,Bank transfer (automatic),DSL,No,1,0
C104787,2024-05,12,34.51,393.62,Month-to-month,Bank transfer (automatic),No,Yes,1,0
C104788,2024-07,10,29.01,295.42,Month-to-month,Electronic check,No,No,0,0
C104789,2023-05,22,71.14,1605.57,One year,Mailed check,Fiber optic,Yes,0,0
C104790,2026-01,6,27.48,160.46,One year,Mailed check,No,Yes,1,0
C104791,2024-02,30,86.26,2498.02,One year,Electronic check,Fiber optic,Yes,1,0
C104792,2024-04,23,73.85,1733.56,Month-to-month,Credit card (automatic),Fiber optic,No,0,0
C104793,2022-09,43,71.62,3100.48,Month-to-month,Electronic check,Fiber optic,Yes,0,0
C104794,2024-04,19,28.17,529.7,One year,Credit card (automatic),No,Yes,0,0
C104795,2024-07,25,75.1,1892.27,One year,Electronic check,Fiber optic,No,0,0
C104796,2023-06,28,54.11,1562.09,Month-to-month,Bank transfer (automatic),Fiber optic,No,1,0
C104797,2023-08,35,77.36,2597.43,Month-to-month,Electronic check,Fiber optic,Yes,0,0
C104798,2023-12,17,18.0,306.38,One year,Credit card (automatic),No,Yes,1,0
C104799,2024-06,10,63.83,624.04,Month-to-month,Credit card (automatic),DSL,No,0,1
C104800,2023-04,19,64.66,1202.08,Month-to-month,Electronic check,Fiber optic,Yes,0,1
C104801,2023-12,30,70.18,2162.93,Month-to-month,Electronic check,Fiber optic,Yes,0,0
C104802,2024-01,32,18.0,584.61,One year,Bank transfer (automatic),No,Yes,0,0
C104803,2025-10,3,61.4,191.34,Two year,Electronic check,DSL,No,0,0
C104804,2019-05,72,68.93,4896.56,Two year,Electronic check,Fiber optic,No,0,0
C104805,2025-02,10,68.36,683.95,Month-to-month,Credit card (automatic),DSL,No,0,0
C104806,2024-04,26,80.93,2029.31,Two year,Bank transfer (automatic),Fiber optic,No,0,0
C104807,2023-07,38,79.5,3127.57,One year,Electronic check,Fiber optic,No,1,0
C104808,2025-05,14,60.59,858.32,Two year,Mailed check,Fiber optic,Yes,0,0
C104809,2022-05,33,75.99,2610.61,Month-to-month,Electronic check,Fiber optic,No,1,0
C104810,2024-12,3,58.8,178.73,Two year,Credit card (automatic),DSL,Yes,0,0
C104811,2022-04,34,71.33,2336.48,Two year,Electronic check,Fiber optic,No,0,0
C104812,2023-03,31,25.38,791.76,Two year,Mailed check,No,Yes,0,0
C104813,2025-01,21,77.11,1692.1,Month-to-month,Electronic check,Fiber optic,No,1,1
C104814,2022-12,30,53.29,1545.59,Two year,Credit card (automatic),DSL,No,0,0
C104815,2021-10,46,60.14,2718.91,Two year,Electronic check,Fiber optic,No,0,0
C104816,2022-04,39,68.6,2714.39,One year,Bank transfer (automatic),Fiber optic,No,0,0
C104817,2024-05,15,75.92,1146.72,One year,Mailed check,Fiber optic,No,0,0
C104818,2024-10,19,77.25,1421.23,One year,Credit card (automatic),Fiber optic,No,0,0
C104819,2024-06,13,29.06,364.97,Two year,Electronic check,No,Yes,1,0
C104820,2023-12,12,26.35,305.04,One year,Credit card (automatic),No,No,0,0
C104821,2023-12,28,53.85,1513.18,Month-to-month,Credit card (automatic),DSL,Yes,0,0
C104822,2025-03,13,67.47,913.26,One year,Electronic check,Fiber optic,No,0,0
C104823,2024-02,28,74.38,2083.0,Month-to-month,Electronic check,Fiber optic,Yes,1,1
C104824,2024-05,14,35.1,486.97,Month-to-month,Credit card (automatic),No,No,0,0
C104825,2025-04,16,65.17,1012.41,Two year,Mailed check,DSL,No,0,0
C104826,2024-12,8,47.77,396.91,Month-to-month,Credit card (automatic),DSL,Yes,0,0
C104827,2023-02,27,76.6,2168.85,Two year,Credit card (automatic),Fiber optic,No,0,0
C104828,2025-12,3,77.3,236.78,Month-to-month,Electronic check,Fiber optic,No,0,0
C104829,2022-12,35,45.39,1591.13,Month-to-month,Electronic check,DSL,No,0,0
C104830,2021-03,62,27.01,1743.83,Two year,Mailed check,No,Yes,1,0
C104831,2024-03,17,53.91,918.77,Month-to-month,Bank transfer (automatic),DSL,No,0,0
C104832,2025-02,16,50.59,796.93,Two year,Mailed check,DSL,Yes,0,0
C104833,2025-05,4,56.89,220.44,Two year,Bank transfer (automatic),DSL,No,0,0
C104834,2024-11,10,64.65,623.07,One year,Mailed check,DSL,No,1,0
C104835,2023-01,30,58.37,1742.17,Two year,Credit card (automatic),DSL,Yes,1,0
C104836,2022-04,33,73.28,2391.49,One year,Electronic check,Fiber optic,Yes,1,0
C104837,2023-12,18,54.74,956.46,One year,Mailed check,DSL,Yes,0,0
C104838,2023-11,29,81.47,2364.62,Two year,Electronic check,Fiber optic,Yes,0,0
C104839,2025-09,8,68.65,561.76,Month-to-month,Electronic check,Fiber optic,Yes,0,1
C104840,2024-03,21,76.45,1624.05,Two year,Electronic check,Fiber optic,No,0,1
C104841,2022-01,41,21.92,923.27,One year,Credit card (automatic),No,Yes,0,0
C104842,2024-01,24,18.45,456.49,Two year,Mailed check,No,No,0,0
C104843,2022-07,45,72.79,3156.29,Two year,Electronic check,Fiber optic,No,0,0
C104844,2021-08,46,59.05,2849.92,Two year,Bank transfer (automatic),Fiber optic,No,0,0
C104845,2024-12,22,69.64,1480.54,One year,Bank transfer (automatic),Fiber optic,Yes,0,0
C104846,2025-01,1,83.25,85.24,Month-to-month,Mailed check,Fiber optic,No,0,0
C104847,2022-07,32,63.52,2046.7,Two year,Electronic check,Fiber optic,No,0,0
C104848,2026-03,5,85.78,429.69,Month-to-month,Electronic check,Fiber optic,Yes,1,0
C104849,2025-03,1,41.45,43.12,Month-to-month,Electronic check,DSL,Yes,0,0
C104850,2025-06,3,81.27,250.87,Month-to-month,Mailed check,Fiber optic,No,1,0
C104851,2022-06,34,20.5,666.12,One year,Electronic check,No,Yes,0,0
C104852,2023-06,22,70.83,1578.12,One year,Bank transfer (automatic),Fiber optic,Yes,1,0
C104853,2024-07,18,73.29,1318.52,One year,Credit card (automatic),Fiber optic,Yes,0,0
C104854,2023-03,24,73.31,1744.22,Month-to-month,Electronic check,Fiber optic,No,0,1
C104855,2025-01,3,73.46,210.1,Month-to-month,Electronic check,Fiber optic,No,0,0
C104856,2024-05,13,41.9,565.29,Two year,Credit card (automatic),DSL,No,1,0
C104857,2025-07,9,83.49,738.42,Month-to-month,Bank transfer (automatic),Fiber optic,Yes,0,0
C104858,2024-12,17,47.62,849.95,Month-to-month,Bank transfer (automatic),DSL,No,1,1
C104859,2024-09,18,67.62,1255.5,Month-to-month,Credit card (automatic),Fiber optic,Yes,0,0
C104860,2024-04,23,54.42,1289.57,Month-to-month,Bank transfer (automatic),DSL,No,0,0
C104861,2023-12,26,23.42,614.55,Two year,Bank transfer (automatic),No,No,0,0
C104862,2025-01,3,80.03,248.0,Month-to-month,Mailed check,Fiber optic,No,0,1
C104863,2024-04,13,49.6,628.75,One year,Credit card (automatic),DSL,No,0,0
C104864,2024-10,16,71.99,1162.51,One year,Bank transfer (automatic),Fiber optic,No,0,1
C104865,2025-12,5,72.69,366.48,One year,Electronic check,Fiber optic,Yes,0,0
C104866,2024-12,5,80.84,401.41,Month-to-month,Bank transfer (automatic),Fiber optic,Yes,0,0
C104867,2026-05,4,51.83,208.71,Month-to-month,Electronic check,DSL,No,0,1
C104868,2023-05,28,64.97,1865.7,Month-to-month,Mailed check,Fiber optic,Yes,0,0
C104869,2026-01,3,64.14,186.4,Two year,Electronic check,Fiber optic,Yes,1,0
C104870,2025-04,4,81.82,342.87,Month-to-month,Bank transfer (automatic),Fiber optic,Yes,0,0
C104871,2024-06,17,74.09,1255.62,One year,Mailed check,Fiber optic,No,0,0
C104872,2024-12,21,48.38,1035.57,Two year,Bank transfer (automatic),DSL,No,1,1
C104873,2024-12,15,30.37,474.07,Month-to-month,Bank transfer (automatic),No,Yes,0,1
C104874,2025-04,6,28.41,178.45,Month-to-month,Electronic check,No,No,0,1
C104875,2024-12,5,59.73,301.24,Month-to-month,Electronic check,DSL,Yes,0,1
C104876,2023-07,17,52.62,935.64,Two year,Mailed check,DSL,No,0,0
C104877,2025-07,14,53.33,752.28,Month-to-month,Bank transfer (automatic),DSL,Yes,0,0
C104878,2024-07,11,35.51,381.04,Month-to-month,Credit card (automatic),No,No,0,1
C104879,2023-03,28,57.66,1622.81,Two year,Mailed check,DSL,No,0,0
C104880,2025-09,13,66.48,831.24,One year,Bank transfer (automatic),Fiber optic,No,0,0
C104881,2025-11,4,24.59,100.58,Month-to-month,Credit card (automatic),No,No,0,0
C104882,2025-08,11,69.41,743.24,Month-to-month,Bank transfer (automatic),DSL,Yes,0,0
C104883,2024-07,23,78.76,1796.12,Month-to-month,Electronic check,Fiber optic,Yes,0,0
C104884,2025-02,13,85.02,1091.61,Month-to-month,Mailed check,Fiber optic,Yes,1,0
C104885,2024-06,23,60.35,1351.41,Month-to-month,Credit card (automatic),DSL,No,0,0
C104886,2023-06,26,30.36,806.73,Two year,Mailed check,No,No,1,0
C104887,2025-05,13,59.18,755.41,One year,Electronic check,Fiber optic,Yes,0,0
C104888,2025-04,15,43.27,677.73,Two year,Mailed check,DSL,No,1,0
C104889,2024-02,12,78.9,900.09,Month-to-month,Electronic check,Fiber optic,No,0,0
C104890,2023-11,23,69.57,1592.66,Month-to-month,Bank transfer (automatic),Fiber optic,Yes,0,1
C104891,2025-03,12,71.11,850.27,One year,Credit card (automatic),Fiber optic,No,1,0
C104892,2023-06,21,80.46,1703.94,Month-to-month,Credit card (automatic),Fiber optic,No,0,1
C104893,2023-09,18,75.81,1312.72,Month-to-month,Bank transfer (automatic),Fiber optic,No,0,1
C104894,2026-07,3,57.39,178.38,Month-to-month,Credit card (automatic),DSL,Yes,1,0
C104895,2024-06,22,83.33,1782.31,Month-to-month,Credit card (automatic),Fiber optic,No,1,1
C104896,2024-05,17,63.92,1073.91,Month-to-month,Credit card (automatic),DSL,No,0,0
C104897,2023-10,36,74.66,2705.11,Month-to-month,Credit card (automatic),Fiber optic,Yes,1,0
C104898,2025-01,5,36.44,173.18,One year,Credit card (automatic),No,No,1,1
C104899,2025-04,18,49.24,897.19,Month-to-month,Electronic check,DSL,No,0,0
C104900,2023-12,11,56.36,601.57,Month-to-month,Electronic check,DSL,No,0,1
C104901,2025-11,3,78.4,241.33,Month-to-month,Electronic check,Fiber optic,No,0,1
C104902,2025-08,2,54.37,106.43,Month-to-month,Bank transfer (automatic),DSL,Yes,1,0
C104903,2021-09,41,49.27,2040.57,Two year,Credit card (automatic),DSL,No,0,0
C104904,2024-03,18,68.28,1229.02,Month-to-month,Credit card (automatic),Fiber optic,Yes,1,0
C104905,2024-07,13,74.79,1009.32,Month-to-month,Credit card (automatic),Fiber optic,No,0,0
C104906,2024-08,4,45.35,178.79,Month-to-month,Credit card (automatic),DSL,Yes,1,0
C104907,2022-03,39,68.2,2660.44,Two year,Mailed check,Fiber optic,No,0,0
C104908,2025-05,8,55.36,444.44,Month-to-month,Mailed check,DSL,No,0,0
C104909,2024-06,19,33.27,607.52,One year,Bank transfer (automatic),No,No,1,0
C104910,2024-03,16,61.94,995.31,Two year,Electronic check,Fiber optic,Yes,0,0
C104911,2021-12,52,52.64,2734.3,Two year,Bank transfer (automatic),DSL,No,0,0
C104912,2025-07,15,72.42,1050.56,Two year,Bank transfer (automatic),Fiber optic,Yes,1,0
C104913,2024-09,10,74.87,757.81,Month-to-month,Electronic check,Fiber optic,No,0,0
C104914,2023-12,19,30.28,575.98,Two year,Bank transfer (automatic),No,No,0,0
C104915,2024-01,20,73.62,1419.57,One year,Bank transfer (automatic),Fiber optic,No,1,0
C104916,2020-03,72,53.4,3894.09,Two year,Bank transfer (automatic),Fiber optic,Yes,1,0
C104917,2025-07,15,63.47,949.16,Two year,Credit card (automatic),Fiber optic,Yes,0,0
C104918,2026-01,5,87.86,457.11,Month-to-month,Electronic check,Fiber optic,Yes,0,0
C104919,2024-10,11,72.94,805.44,Two year,Credit card (automatic),Fiber optic,No,0,0
C104920,2025-03,19,65.39,1210.56,Two year,Electronic check,Fiber optic,No,0,0
C104921,2023-10,21,31.0,666.68,One year,Mailed check,No,No,0,0
C104922,2026-03,3,59.27,176.46,Month-to-month,Mailed check,DSL,No,0,1
C104923,2025-04,10,38.05,393.23,One year,Credit card (automatic),No,Yes,0,0
C104924,2020-09,50,50.46,2510.51,One year,Credit card (automatic),DSL,Yes,0,0
C104925,2025-07,7,51.42,349.53,Month-to-month,Electronic check,DSL,No,0,0
C104926,2023-09,28,52.01,1456.06,Month-to-month,Bank transfer (automatic),DSL,Yes,0,0
C104927,2024-04,12,25.37,292.36,One year,Credit card (automatic),No,Yes,0,0
C104928,2025-05,16,65.37,1034.87,Two year,Credit card (automatic),Fiber optic,Yes,0,0
C104929,2025-10,4,76.12,306.48,Month-to-month,Electronic check,Fiber optic,No,0,0
C104930,2024-10,13,26.27,345.52,One year,Electronic check,No,Yes,0,0
C104931,2024-10,18,50.23,892.95,Two year,Mailed check,DSL,No,0,0
C104932,2023-08,15,66.23,959.32,Month-to-month,Credit card (automatic),DSL,No,0,0
C104933,2024-03,13,49.25,628.73,Month-to-month,Electronic check,DSL,No,0,0
C104934,2024-10,23,77.02,1773.04,Month-to-month,Mailed check,Fiber optic,Yes,0,0
C104935,2024-06,5,65.19,327.46,One year,Credit card (automatic),Fiber optic,Yes,0,0
C104936,2024-11,19,58.36,1146.66,One year,Mailed check,DSL,No,0,0
C104937,2026-04,2,61.71,117.9,Month-to-month,Bank transfer (automatic),DSL,Yes,1,1
C104938,2022-07,34,69.79,2381.47,Month-to-month,Credit card (automatic),Fiber optic,Yes,0,0
C104939,2024-11,14,48.62,659.26,One year,Mailed check,DSL,Yes,0,0
C104940,2024-07,27,79.0,2214.78,Month-to-month,Electronic check,Fiber optic,No,1,1
C104941,2026-09,1,73.35,74.71,Month-to-month,Electronic check,Fiber optic,No,0,1
C104942,2023-06,24,63.5,1489.04,Month-to-month,Bank transfer (automatic),DSL,No,0,0
C104943,2025-03,8,45.59,367.68,One year,Electronic check,DSL,No,0,0
C104944,2024-07,16,78.46,1301.28,One year,Electronic check,Fiber optic,Yes,0,0
C104945,2024-04,24,82.43,1908.2,Two year,Electronic check,Fiber optic,Yes,0,0
C104946,2025-02,15,77.35,1139.07,Month-to-month,Mailed check,Fiber optic,Yes,1,1
C104947,2023-05,22,68.18,1496.66,One year,Credit card (automatic),Fiber optic,No,0,0
C104948,2024-12,12,24.14,282.41,One year,Mailed check,No,Yes,0,0
C104949,2022-02,35,71.03,2394.92,One year,Bank transfer (automatic),Fiber optic,No,1,0
C104950,2024-07,14,59.06,801.29,Month-to-month,Credit card (automatic),DSL,Yes,0,0
C104951,2025-06,14,21.04,289.61,Month-to-month,Bank transfer (automatic),No,Yes,0,0
C104952,2024-10,14,70.14,1007.47,One year,Bank transfer (automatic),Fiber optic,No,0,0
C104953,2023-11,15,72.79,1144.57,One year,Electronic check,Fiber optic,Yes,0,0
C104954,2026-04,5,78.32,380.45,Two year,Mailed check,Fiber optic,Yes,0,0
C104955,2025-10,7,83.17,600.43,One year,Electronic check,Fiber optic,Yes,1,0
C104956,2023-04,30,28.01,835.74,One year,Mailed check,No,No,0,1
C104957,2023-12,27,43.95,1141.26,Two year,Credit card (automatic),DSL,Yes,0,0
C104958,2023-06,26,72.84,1912.41,One year,Electronic check,Fiber optic,Yes,0,0
C104959,2023-04,21,56.06,1164.45,Month-to-month,Electronic check,DSL,Yes,0,0
C104960,2024-08,10,82.12,805.38,Month-to-month,Credit card (automatic),Fiber optic,No,0,0
C104961,2025-05,9,50.14,445.46,One year,Credit card (automatic),DSL,No,0,1
C104962,2023-12,15,69.07,1037.26,Month-to-month,Bank transfer (automatic),Fiber optic,Yes,1,1
C104963,2024-01,33,27.53,908.39,Two year,Electronic check,No,No,0,0
C104964,2023-10,18,52.96,943.38,Month-to-month,Bank transfer (automatic),DSL,Yes,0,0
C104965,2026-02,7,52.8,355.11,Month-to-month,Mailed check,DSL,No,0,1
C104966,2026-02,4,66.79,267.62,One year,Bank transfer (automatic),Fiber optic,No,0,0
C104967,2023-11,27,61.47,1725.84,Two year,Bank transfer (automatic),Fiber optic,No,0,0
C104968,2023-03,40,54.26,2147.79,Two year,Credit card (automatic),DSL,Yes,0,0
C104969,2024-10,3,56.58,170.45,Month-to-month,Electronic check,DSL,No,1,0
C104970,2023-03,28,50.18,1423.92,Month-to-month,Credit card (automatic),DSL,Yes,1,1
C104971,2024-11,21,57.72,1203.46,One year,Electronic check,DSL,Yes,0,0
C104972,2024-09,8,57.94,477.19,Two year,Electronic check,Fiber optic,No,0,0
C104973,2024-12,18,52.55,901.8,Month-to-month,Credit card (automatic),DSL,Yes,0,0
C104974,2024-11,6,76.29,440.23,Month-to-month,Mailed check,Fiber optic,No,0,1
C104975,2023-10,13,61.65,763.56,Month-to-month,Mailed check,DSL,No,1,1
C104976,2025-06,15,25.47,398.8,One year,Electronic check,No,No,1,0
C104977,2023-02,35,81.74,2745.63,Month-to-month,Electronic check,Fiber optic,No,0,1
C104978,2024-07,12,65.09,805.31,Two year,Electronic check,Fiber optic,No,0,0
C104979,2024-05,9,79.93,690.26,Month-to-month,Bank transfer (automatic),Fiber optic,Yes,0,0
C104980,2023-11,20,62.89,1250.03,One year,Electronic check,DSL,No,1,0
C104981,2024-02,23,44.6,1030.29,Two year,Credit card (automatic),DSL,No,1,0
C104982,2026-01,8,75.91,624.8,Month-to-month,Bank transfer (automatic),Fiber optic,Yes,0,0
C104983,2025-04,6,78.24,453.3,Month-to-month,Credit card (automatic),Fiber optic,Yes,0,1
C104984,2025-05,7,47.53,337.7,Month-to-month,Credit card (automatic),DSL,Yes,0,0
C104985,2022-01,35,74.59,2706.85,One year,Bank transfer (automatic),Fiber optic,Yes,1,0
C104986,2023-12,22,68.6,1576.91,One year,Mailed check,Fiber optic,No,0,0
C104987,2023-12,12,24.94,313.75,Month-to-month,Credit card (automatic),No,Yes,0,0
C104988,2023-02,31,27.46,887.63,Month-to-month,Mailed check,No,No,0,1
C104989,2025-11,8,66.02,520.12,Two year,Electronic check,Fiber optic,No,0,0
C104990,2025-07,14,79.8,1083.32,Month-to-month,Bank transfer (automatic),Fiber optic,No,1,1
C104991,2024-12,6,74.99,446.44,Month-to-month,Electronic check,Fiber optic,No,0,1
C104992,2023-12,30,82.86,2414.54,Two year,Bank transfer (automatic),Fiber optic,No,0,0
C104993,2025-04,8,65.78,548.77,Two year,Credit card (automatic),Fiber optic,No,0,0
C104994,2024-10,8,57.84,460.86,Month-to-month,Bank transfer (automatic),DSL,No,0,0
C104995,2024-11,20,29.1,570.93,Month-to-month,Electronic check,No,Yes,0,0
C104996,2026-06,2,47.34,98.66,Month-to-month,Electronic check,DSL,No,0,1
C104997,2026-06,4,64.54,252.97,Month-to-month,Mailed check,DSL,No,0,0
C104998,2024-02,25,53.52,1337.56,One year,Electronic check,DSL,No,0,0
C104999,2025-03,7,25.31,176.44,Month-to-month,Bank transfer (automatic),No,Yes,0,0
C105000,2020-10,63,55.2,3595.3,One year,Bank transfer (automatic),DSL,No,0,0
C105001,2025-03,17,81.2,1378.3,Month-to-month,Bank transfer (automatic),Fiber optic,No,0,0
C105002,2025-06,3,49.91,147.52,Month-to-month,Bank transfer (automatic),DSL,No,1,1
C105003,2021-07,41,69.3,2734.57,Two year,Mailed check,Fiber optic,Yes,0,0
C105004,2024-12,17,81.24,1386.53,Month-to-month,Electronic check,Fiber optic,No,0,1
C105005,2025-04,13,30.99,409.54,Month-to-month,Bank transfer (automatic),No,Yes,0,0
C105006,2025-04,17,58.33,967.67,Month-to-month,Mailed check,DSL,No,0,1
C105007,2025-09,3,53.42,162.89,Month-to-month,Electronic check,DSL,Yes,0,1
C105008,2025-04,15,41.16,615.05,Two year,Bank transfer (automatic),DSL,No,0,0
C105009,2024-10,7,70.49,470.91,One year,Mailed check,Fiber optic,No,1,1
C105010,2024-07,14,24.24,323.89,Two year,Electronic check,No,Yes,0,0
C105011,2024-12,10,54.35,519.55,Month-to-month,Mailed check,DSL,Yes,0,0
C105012,2025-04,16,24.3,385.51,Two year,Electronic check,No,No,0,0
C105013,2025-01,12,56.02,693.75,Month-to-month,Bank transfer (automatic),DSL,No,0,0
C105014,2024-11,10,27.92,274.24,Month-to-month,Electronic check,No,No,0,0
C105015,2025-01,6,79.85,485.28,Month-to-month,Credit card (automatic),Fiber optic,No,1,0
C105016,2024-08,3,32.49,100.83,One year,Mailed check,No,No,0,0
C105017,2026-04,2,66.45,133.7,One year,Electronic check,Fiber optic,Yes,0,0
C105018,2024-08,5,82.54,430.18,Month-to-month,Electronic check,Fiber optic,Yes,0,0
C105019,2023-11,24,46.26,1088.73,Two year,Credit card (automatic),DSL,Yes,0,0
C105020,2025-06,6,65.25,391.85,One year,Mailed check,Fiber optic,Yes,0,0
C105021,2024-02,9,75.33,681.02,Two year,Bank transfer (automatic),Fiber optic,No,1,0
C105022,2025-07,9,51.45,448.01,Month-to-month,Credit card (automatic),DSL,Yes,0,0
C105023,2024-05,11,69.59,765.45,Two year,Electronic check,Fiber optic,No,0,0
C105024,2023-12,21,42.87,914.0,Two year,Mailed check,DSL,Yes,0,0
C105025,2025-02,12,72.8,838.62,Month-to-month,Bank transfer (automatic),Fiber optic,Yes,0,0
C105026,2024-01,27,74.31,2034.8,Month-to-month,Credit card (automatic),Fiber optic,Yes,0,1
C105027,2024-08,5,50.44,252.84,One year,Mailed check,DSL,Yes,0,0
C105028,2023-03,25,65.92,1626.77,Two year,Credit card (automatic),Fiber optic,Yes,0,0
C105029,2021-12,38,27.85,1045.75,Two year,Bank transfer (automatic),No,No,0,0
C105030,2024-01,15,56.54,878.28,Two year,Credit card (automatic),DSL,Yes,0,0
C105031,2025-10,6,49.35,309.82,Month-to-month,Electronic check,DSL,No,0,1
C105032,2023-04,21,37.64,778.87,One year,Mailed check,DSL,No,0,0
C105033,2023-09,15,82.44,1231.49,Month-to-month,Electronic check,Fiber optic,Yes,0,0
C105034,2023-09,19,68.05,1290.65,One year,Credit card (automatic),Fiber optic,No,0,0
C105035,2023-08,27,26.56,728.13,Month-to-month,Electronic check,No,No,0,0
C105036,2024-11,11,71.73,768.58,Month-to-month,Bank transfer (automatic),Fiber optic,Yes,0,0
C105037,2024-02,10,47.03,463.55,Month-to-month,Electronic check,DSL,Yes,0,0
C105038,2020-03,71,52.63,3602.04,Month-to-month,Electronic check,DSL,No,0,0
C105039,2023-12,21,53.32,1064.64,Month-to-month,Electronic check,DSL,Yes,0,0
C105040,2022-06,31,74.61,2240.56,One year,Bank transfer (automatic),Fiber optic,Yes,0,0
C105041,2024-06,26,26.71,662.87,Month-to-month,Electronic check,No,Yes,1,0
C105042,2023-02,31,40.35,1218.62,Month-to-month,Credit card (automatic),DSL,Yes,0,0
C105043,2024-12,19,66.98,1254.84,Month-to-month,Bank transfer (automatic),Fiber optic,No,0,0
C105044,2022-10,28,81.69,2187.6,Month-to-month,Credit card (automatic),Fiber optic,No,1,0
C105045,2025-02,9,24.96,234.98,Month-to-month,Bank transfer (automatic),No,No,0,1
C105046,2025-06,3,30.87,89.23,Two year,Bank transfer (automatic),No,Yes,0,0
C105047,2026-03,7,25.72,186.45,Month-to-month,Bank transfer (automatic),No,No,0,0
C105048,2025-09,13,79.88,1060.71,Month-to-month,Electronic check,Fiber optic,No,0,0
C105049,2024-04,12,55.59,685.03,Month-to-month,Mailed check,DSL,No,0,0
C105050,2023-08,15,46.29,675.06,Month-to-month,Credit card (automatic),DSL,No,0,0
C105051,2025-07,8,47.97,400.61,Month-to-month,Electronic check,DSL,No,0,0
C105052,2025-06,2,60.06,116.88,Two year,Electronic check,Fiber optic,Yes,0,0
C105053,2025-11,11,35.47,371.52,Month-to-month,Bank transfer (automatic),No,No,0,0
C105054,2026-04,4,67.45,260.47,Month-to-month,Credit card (automatic),Fiber optic,No,0,1
C105055,2024-05,14,69.78,962.3,One year,Electronic check,Fiber optic,Yes,0,0
C105056,2024-09,20,54.52,1044.66,Month-to-month,Credit card (automatic),DSL,Yes,1,0
C105057,2024-09,11,76.33,865.8,Month-to-month,Electronic check,Fiber optic,No,0,0
C105058,2024-12,5,52.23,262.73,Month-to-month,Mailed check,DSL,No,0,1
C105059,2025-04,15,43.35,677.99,One year,Credit card (automatic),DSL,No,0,1
C105060,2019-06,72,45.56,3309.01,One year,Mailed check,DSL,No,0,0
C105061,2024-09,21,21.29,427.58,Two year,Bank transfer (automatic),No,No,1,0
C105062,2024-01,23,59.11,1364.47,Month-to-month,Credit card (automatic),Fiber optic,Yes,0,0
C105063,2024-07,10,32.59,312.17,Month-to-month,Electronic check,No,No,0,1
C105064,2025-04,7,78.03,570.18,Month-to-month,Electronic check,Fiber optic,Yes,1,1
C105065,2023-12,31,65.57,2064.49,One year,Credit card (automatic),Fiber optic,No,0,0
C105066,2025-04,1,37.83,37.25,Month-to-month,Bank transfer (automatic),No,Yes,0,0
C105067,2026-02,8,29.36,237.44,Month-to-month,Credit card (automatic),No,No,0,1
C105068,2021-03,44,55.68,2511.64,Two year,Credit card (automatic),DSL,Yes,1,0
C105069,2023-09,14,55.26,807.66,Two year,Bank transfer (automatic),DSL,No,0,0
C105070,2024-11,3,54.2,164.66,Month-to-month,Mailed check,DSL,Yes,0,0
C105071,2024-08,20,62.82,1278.37,Month-to-month,Mailed check,Fiber optic,Yes,1,0
C105072,2025-11,11,53.99,588.02,One year,Electronic check,DSL,No,0,0
C105073,2024-10,3,78.16,228.03,Month-to-month,Mailed check,Fiber optic,Yes,0,0
C105074,2024-01,17,65.08,1090.01,Two year,Credit card (automatic),Fiber optic,Yes,0,0
C105075,2024-09,16,30.96,503.37,Month-to-month,Credit card (automatic),No,No,0,0
C105076,2025-02,15,28.63,445.42,One year,Credit card (automatic),No,Yes,0,0
C105077,2023-02,21,66.28,1414.91,One year,Credit card (automatic),Fiber optic,Yes,0,0
C105078,2025-08,5,74.4,388.98,Month-to-month,Electronic check,Fiber optic,Yes,0,1
C105079,2024-05,19,51.94,1003.85,Month-to-month,Mailed check,DSL,Yes,0,0
C105080,2023-11,16,57.25,927.82,Month-to-month,Electronic check,DSL,Yes,0,0
C105081,2022-10,31,65.46,1930.33,Two year,Bank transfer (automatic),Fiber optic,Yes,0,0
C105082,2025-05,8,23.33,188.69,Two year,Credit card (automatic),No,No,0,0
C105083,2022-01,34,42.97,1398.55,One year,Credit card (automatic),DSL,No,0,0
C105084,2023-09,26,88.24,2299.33,Month-to-month,Credit card (automatic),Fiber optic,Yes,0,0
C105085,2025-03,13,72.28,947.75,Month-to-month,Mailed check,Fiber optic,No,0,1
C105086,2025-03,15,46.02,700.39,One year,Mailed check,DSL,Yes,0,0
C105087,2026-09,1,33.62,34.87,Month-to-month,Electronic check,No,Yes,0,0
C105088,2025-06,15,28.72,429.64,Two year,Bank transfer (automatic),No,No,0,0
C105089,2023-11,25,56.09,1399.56,One year,Electronic check,DSL,No,0,0
C105090,2023-11,12,78.92,951.65,Month-to-month,Credit card (automatic),Fiber optic,Yes,0,0
C105091,2022-09,31,61.58,1877.39,Month-to-month,Mailed check,DSL,Yes,0,0
C105092,2024-10,20,68.61,1340.85,Month-to-month,Bank transfer (automatic),Fiber optic,No,0,0
C105093,2021-04,53,28.48,1450.11,Two year,Credit card (automatic),No,Yes,1,0
C105094,2025-05,8,45.53,376.61,Month-to-month,Electronic check,DSL,No,0,0
C105095,2023-03,23,28.16,618.0,Month-to-month,Bank transfer (automatic),No,No,0,1
C105096,2025-12,4,34.02,142.63,Month-to-month,Credit card (automatic),No,Yes,0,0
C105097,2025-03,13,69.63,886.1,Month-to-month,Credit card (automatic),Fiber optic,No,0,0
C105098,2023-09,21,85.39,1829.42,One year,Electronic check,Fiber optic,No,0,0
C105099,2024-09,24,50.71,1245.19,Two year,Bank transfer (automatic),DSL,No,0,0
C105100,2025-05,11,64.14,698.29,Month-to-month,Mailed check,Fiber optic,Yes,0,0
C105101,2023-08,33,59.23,1937.1,Month-to-month,Electronic check,DSL,No,0,0
C105102,2022-10,38,63.92,2452.72,Two year,Electronic check,DSL,Yes,0,0
C105103,2025-09,8,41.58,318.32,Month-to-month,Bank transfer (automatic),DSL,Yes,1,1
C105104,2024-02,13,79.29,981.49,Month-to-month,Electronic check,Fiber optic,Yes,0,1
C105105,2025-02,12,46.86,574.83,One year,Bank transfer (automatic),DSL,Yes,0,0
C105106,2025-04,10,54.68,547.86,Month-to-month,Electronic check,DSL,Yes,0,0
C105107,2023-03,36,61.14,2310.72,Two year,Electronic check,Fiber optic,Yes,0,0
C105108,2022-12,36,57.92,2043.17,One year,Bank transfer (automatic),DSL,No,0,0
C105109,2025-05,12,53.09,628.98,Month-to-month,Electronic check,DSL,No,0,1
C105110,2023-06,23,61.96,1444.29,Month-to-month,Electronic check,DSL,No,0,0
C105111,2024-02,30,48.82,1492.06,Month-to-month,Electronic check,DSL,No,0,0
C105112,2025-02,18,51.56,917.53,One year,Electronic check,DSL,Yes,0,0
C105113,2024-11,11,41.12,435.22,Month-to-month,Mailed check,DSL,No,0,1
C105114,2025-03,8,90.59,693.41,Month-to-month,Credit card (automatic),Fiber optic,No,0,0
C105115,2023-04,25,66.52,1580.14,Month-to-month,Bank transfer (automatic),DSL,Yes,0,0
C105116,2026-03,5,68.08,335.99,Month-to-month,Electronic check,DSL,No,0,1
C105117,2024-01,12,84.2,988.04,Month-to-month,Electronic check,Fiber optic,No,0,0
C105118,2024-10,10,71.45,680.31,Month-to-month,Credit card (automatic),Fiber optic,No,1,1
C105119,2025-12,4,74.74,303.73,Month-to-month,Electronic check,Fiber optic,No,0,1
C105120,2024-02,14,29.35,404.94,Two year,Electronic check,No,No,0,0
C105121,2024-06,13,77.25,1008.77,Month-to-month,Electronic check,Fiber optic,No,1,1
C105122,2024-06,7,68.43,496.45,Month-to-month,Bank transfer (automatic),Fiber optic,No,0,0
C105123,2022-11,35,62.13,2144.89,Two year,Bank transfer (automatic),Fiber optic,Yes,0,0
C105124,2023-05,25,42.58,1034.31,Two year,Electronic check,DSL,Yes,1,0
C105125,2023-10,15,72.44,1062.49,Month-to-month,Electronic check,Fiber optic,Yes,0,1
C105126,2022-12,27,73.08,1882.33,Month-to-month,Bank transfer (automatic),Fiber optic,No,0,0
C105127,2022-10,32,24.88,774.29,Two year,Electronic check,No,Yes,0,0
C105128,2023-01,36,30.31,1135.05,One year,Mailed check,No,Yes,0,0
C105129,2025-10,8,46.7,359.62,Month-to-month,Credit card (automatic),DSL,Yes,0,0
C105130,2024-07,27,24.87,660.11,Month-to-month,Electronic check,No,No,0,0
C105131,2025-03,13,70.44,881.7,Month-to-month,Mailed check,Fiber optic,No,0,0
C105132,2024-06,17,73.91,1201.04,Two year,Bank transfer (automatic),Fiber optic,No,0,1
C105133,2024-11,9,31.18,277.22,Month-to-month,Bank transfer (automatic),No,Yes,0,0
C105134,2025-03,15,57.03,883.05,Month-to-month,Mailed check,DSL,No,0,0
C105135,2022-12,28,69.4,1853.45,Month-to-month,Mailed check,Fiber optic,No,0,0
C105136,2021-07,43,30.24,1324.48,Month-to-month,Mailed check,No,No,0,0
C105137,2025-08,13,48.15,597.77,One year,Mailed check,DSL,No,0,0
C105138,2024-07,7,67.56,483.6,One year,Electronic check,Fiber optic,No,0,0
C105139,2021-08,47,29.82,1466.77,Two year,Electronic check,No,No,0,0
C105140,2026-01,8,24.92,194.9,One year,Electronic check,No,No,0,1
C105141,2026-03,3,54.37,162.42,Month-to-month,Mailed check,DSL,No,0,1
C105142,2024-08,9,73.38,663.58,Month-to-month,Mailed check,Fiber optic,No,0,1
C105143,2022-05,31,47.95,1445.95,Month-to-month,Bank transfer (automatic),DSL,Yes,0,0
C105144,2024-09,8,26.53,202.61,Month-to-month,Bank transfer (automatic),No,Yes,0,0
C105145,2024-06,5,71.63,342.68,Month-to-month,Credit card (automatic),Fiber optic,Yes,0,1
C105146,2024-10,16,66.71,1053.5,Two year,Bank transfer (automatic),Fiber optic,No,0,0
C105147,2021-07,43,19.18,800.53,Month-to-month,Bank transfer (automatic),No,No,0,0
C105148,2023-05,21,67.62,1421.94,One year,Electronic check,Fiber optic,Yes,1,0
C105149,2024-09,5,77.47,370.47,One year,Bank transfer (automatic),Fiber optic,Yes,0,0
C105150,2021-12,58,71.62,4231.66,Two year,Mailed check,Fiber optic,No,0,0
C105151,2023-04,19,69.6,1276.51,One year,Credit card (automatic),Fiber optic,Yes,0,0
C105152,2023-05,29,67.92,1877.82,Month-to-month,Credit card (automatic),Fiber optic,Yes,0,0
C105153,2025-12,4,29.4,114.68,One year,Electronic check,No,No,0,0
C105154,2020-12,52,60.81,3220.75,Month-to-month,Credit card (automatic),DSL,Yes,0,0
C105155,2024-11,11,64.1,677.92,Month-to-month,Bank transfer (automatic),DSL,No,0,0
C105156,2025-10,3,71.86,221.49,Month-to-month,Bank transfer (automatic),Fiber optic,No,0,1
C105157,2025-02,17,46.44,799.45,One year,Mailed check,DSL,No,0,0
C105158,2022-10,29,74.89,2130.04,One year,Mailed check,Fiber optic,Yes,0,0
C105159,2024-01,23,71.15,1569.42,Two year,Credit card (automatic),Fiber optic,Yes,0,0
C105160,2023-09,23,52.86,1265.58,One year,Electronic check,DSL,Yes,0,0
C105161,2024-11,21,65.19,1332.44,Two year,Mailed check,Fiber optic,No,0,0
C105162,2024-12,16,44.95,728.73,One year,Electronic check,DSL,Yes,0,0
C105163,2025-02,4,79.05,322.24,Month-to-month,Electronic check,Fiber optic,No,1,0
C105164,2025-02,13,60.38,787.44,Month-to-month,Bank transfer (automatic),DSL,No,0,1
C105165,2025-10,11,52.84,586.13,Month-to-month,Bank transfer (automatic),DSL,No,0,0
C105166,2023-04,36,63.06,2223.9,One year,Credit card (automatic),DSL,No,0,0
C105167,2022-07,31,73.42,2295.93,One year,Bank transfer (automatic),Fiber optic,Yes,0,0
C105168,2024-02,10,73.95,763.44,Month-to-month,Bank transfer (automatic),Fiber optic,Yes,0,1
C105169,2022-12,26,64.9,1734.1,One year,Credit card (automatic),Fiber optic,Yes,1,0
C105170,2024-12,14,44.8,609.83,Month-to-month,Mailed check,DSL,No,0,0
C105171,2024-08,3,71.93,221.89,Month-to-month,Bank transfer (automatic),Fiber optic,No,0,1
C105172,2025-01,1,77.21,78.6,Month-to-month,Credit card (automatic),Fiber optic,Yes,1,0
C105173,2024-10,24,89.0,2122.38,Month-to-month,Bank transfer (automatic),Fiber optic,No,0,1
C105174,2025-08,6,55.41,332.0,Month-to-month,Bank transfer (automatic),DSL,Yes,0,1
C105175,2024-09,6,75.55,454.04,One year,Mailed check,Fiber optic,No,0,1
C105176,2025-10,8,67.04,551.28,One year,Mailed check,Fiber optic,Yes,1,0
C105177,2024-03,24,76.25,1850.48,Month-to-month,Bank transfer (automatic),Fiber optic,Yes,0,0
C105178,2022-04,31,75.47,2420.91,Month-to-month,Bank transfer (automatic),Fiber optic,No,0,0
C105179,2023-11,31,47.13,1507.86,One year,Mailed check,DSL,No,0,0
C105180,2025-02,3,63.03,196.92,Month-to-month,Electronic check,DSL,No,0,0
C105181,2024-08,8,28.0,232.4,One year,Electronic check,No,No,0,0
C105182,2025-09,7,81.63,544.03,Month-to-month,Mailed check,Fiber optic,Yes,0,0
C105183,2024-08,24,69.06,1634.7,Two year,Electronic check,Fiber optic,Yes,0,0
C105184,2025-12,8,73.01,576.7,Month-to-month,Mailed check,Fiber optic,No,0,0
C105185,2023-12,13,45.91,607.99,Two year,Electronic check,DSL,Yes,0,0
C105186,2024-04,25,48.5,1220.6,Two year,Electronic check,DSL,No,0,0
C105187,2023-10,15,80.79,1271.29,One year,Credit card (automatic),Fiber optic,No,0,0
C105188,2024-03,19,45.21,869.16,Two year,Mailed check,DSL,Yes,0,0
C105189,2024-08,13,32.8,429.26,One year,Bank transfer (automatic),No,Yes,0,0
C105190,2023-02,29,53.13,1594.73,Month-to-month,Electronic check,DSL,No,0,1
C105191,2023-05,31,75.54,2409.66,One year,Electronic check,Fiber optic,Yes,0,0
C105192,2023-03,21,51.84,1051.67,Two year,Electronic check,DSL,No,0,0
C105193,2022-06,31,19.6,606.63,Two year,Electronic check,No,Yes,1,0
C105194,2019-08,71,29.79,2219.1,One year,Electronic check,No,Yes,0,0
C105195,2023-04,25,65.79,1678.94,One year,Mailed check,DSL,No,0,0
C105196,2024-03,14,76.84,1024.5,Month-to-month,Electronic check,Fiber optic,Yes,0,0
C105197,2025-03,19,35.56,646.02,Month-to-month,Bank transfer (automatic),No,No,0,0
C105198,2023-07,33,73.78,2491.1,One year,Mailed check,Fiber optic,Yes,0,0
C105199,2025-02,11,59.73,674.99,Month-to-month,Electronic check,DSL,Yes,0,0
C105200,2025-09,10,70.69,729.48,Month-to-month,Credit card (automatic),Fiber optic,No,1,0
C105201,2024-05,19,68.27,1270.23,Two year,Mailed check,Fiber optic,No,0,0
C105202,2024-05,14,58.08,838.01,One year,Mailed check,DSL,Yes,0,0
C105203,2024-07,7,27.9,204.91,Month-to-month,Bank transfer (automatic),No,No,0,0
C105204,2023-12,17,36.43,624.02,Month-to-month,Bank transfer (automatic),No,Yes,0,0
C105205,2021-11,38,46.78,1795.05,One year,Bank transfer (automatic),DSL,No,1,0
C105206,2023-09,21,72.35,1480.49,One year,Credit card (automatic),Fiber optic,No,0,0
C105207,2025-03,6,51.25,298.76,One year,Mailed check,DSL,No,0,0
C105208,2023-09,23,45.83,1002.22,Month-to-month,Mailed check,No,No,0,0
C105209,2025-08,12,26.46,308.47,One year,Credit card (automatic),No,No,0,0
C105210,2020-07,56,30.12,1627.99,Two year,Bank transfer (automatic),No,No,0,0
C105211,2023-10,22,38.65,864.14,Two year,Credit card (automatic),DSL,No,1,0
C105212,2024-08,9,47.99,412.09,Month-to-month,Bank transfer (automatic),DSL,No,1,0
C105213,2023-10,25,76.83,2010.73,Month-to-month,Mailed check,Fiber optic,Yes,1,1
C105214,2023-10,18,49.02,919.42,Two year,Bank transfer (automatic),DSL,No,0,0
C105215,2022-12,36,51.33,1813.77,One year,Mailed check,DSL,No,0,0
C105216,2024-04,10,53.05,552.35,Month-to-month,Electronic check,DSL,No,0,1
C105217,2023-01,22,73.89,1622.09,Month-to-month,Mailed check,Fiber optic,No,0,0
C105218,2026-02,4,64.73,268.23,Month-to-month,Electronic check,Fiber optic,Yes,0,0
C105219,2023-07,16,71.48,1165.22,One year,Bank transfer (automatic),Fiber optic,Yes,0,0
C105220,2024-09,6,51.48,296.31,One year,Bank transfer (automatic),DSL,Yes,0,0
C105221,2024-08,17,81.4,1413.32,Month-to-month,Credit card (automatic),Fiber optic,No,0,1
C105222,2024-02,20,80.01,1622.58,Month-to-month,Electronic check,Fiber optic,No,0,0
C105223,2023-03,21,33.63,727.83,Two year,Mailed check,DSL,Yes,0,0
C105224,2024-12,10,70.59,724.66,Month-to-month,Mailed check,Fiber optic,Yes,0,0
C105225,2024-12,17,85.81,1492.67,Month-to-month,Mailed check,Fiber optic,Yes,0,0
C105226,2022-11,33,56.04,1876.26,Two year,Electronic check,DSL,No,0,0
C105227,2022-08,46,30.55,1455.64,Two year,Mailed check,No,Yes,0,0
C105228,2024-08,17,68.98,1205.39,One year,Bank transfer (automatic),Fiber optic,Yes,0,0
C105229,2022-10,33,79.44,2683.34,Month-to-month,Electronic check,Fiber optic,No,0,0
C105230,2025-01,7,20.91,140.85,Month-to-month,Bank transfer (automatic),No,Yes,0,0
C105231,2024-11,11,68.6,790.23,One year,Electronic check,Fiber optic,No,0,0
C105232,2024-12,19,71.07,1401.1,Two year,Mailed check,Fiber optic,No,0,0
C105233,2024-03,14,58.65,824.01,Month-to-month,Credit card (automatic),DSL,Yes,0,0
C105234,2025-04,13,70.3,950.46,Two year,Electronic check,Fiber optic,No,0,0
C105235,2024-01,31,31.16,969.64,One year,Electronic check,No,No,0,0
C105236,2025-10,6,30.99,186.87,Month-to-month,Credit card (automatic),No,Yes,0,0
C105237,2025-04,7,73.11,529.3,Month-to-month,Electronic check,Fiber optic,Yes,0,0
C105238,2026-04,5,83.04,410.51,Month-to-month,Mailed check,Fiber optic,Yes,0,0
C105239,2023-11,19,80.11,1555.5,Two year,Mailed check,Fiber optic,Yes,0,0
C105240,2024-06,12,74.7,923.59,Month-to-month,Bank transfer (automatic),Fiber optic,Yes,0,0
C105241,2023-05,29,45.75,1379.72,One year,Bank transfer (automatic),DSL,No,0,0
C105242,2024-05,18,73.59,1341.36,Month-to-month,Bank transfer (automatic),Fiber optic,Yes,0,1
C105243,2025-06,10,72.52,709.86,One year,Credit card (automatic),Fiber optic,No,0,0
C105244,2025-02,9,61.74,571.34,Month-to-month,Mailed check,Fiber optic,No,0,0
C105245,2024-08,14,77.03,1034.46,Two year,Mailed check,Fiber optic,No,0,0
C105246,2025-02,6,26.17,159.37,Month-to-month,Credit card (automatic),No,No,0,0
C105247,2023-01,31,22.64,716.41,Two year,Electronic check,No,No,0,0
C105248,2025-04,12,27.96,348.12,Month-to-month,Credit card (automatic),No,No,0,0
C105249,2025-05,4,27.16,107.5,Month-to-month,Credit card (automatic),No,Yes,1,0
C105250,2023-01,36,69.34,2559.75,Two year,Credit card (automatic),Fiber optic,Yes,0,0
C105251,2024-07,14,76.74,1081.3,One year,Electronic check,Fiber optic,Yes,1,0
C105252,2023-07,23,58.25,1356.94,Two year,Bank transfer (automatic),DSL,Yes,1,0
C105253,2025-02,10,34.74,353.83,Month-to-month,Credit card (automatic),No,Yes,1,0
C105254,2023-01,37,44.94,1605.75,Two year,Electronic check,DSL,No,0,0
C105255,2025-07,8,68.35,559.92,Two year,Bank transfer (automatic),Fiber optic,Yes,0,0
C105256,2024-02,12,53.43,615.2,One year,Electronic check,DSL,No,0,0
C105257,2026-06,3,76.84,241.45,Month-to-month,Electronic check,Fiber optic,No,0,1
C105258,2022-03,36,55.74,1934.86,One year,Credit card (automatic),DSL,Yes,0,0
C105259,2025-12,9,72.47,683.94,One year,Credit card (automatic),Fiber optic,Yes,1,0
C105260,2023-12,19,29.48,546.15,Month-to-month,Electronic check,No,No,0,1
C105261,2024-01,21,56.06,1166.38,Two year,Electronic check,DSL,Yes,0,0
C105262,2022-09,32,54.2,1746.63,Month-to-month,Bank transfer (automatic),DSL,Yes,0,0
C105263,2023-08,18,35.74,642.0,Month-to-month,Electronic check,No,Yes,0,0
C105264,2024-01,14,55.48,792.79,Two year,Bank transfer (automatic),DSL,Yes,0,0
C105265,2022-10,30,83.72,2555.92,Month-to-month,Bank transfer (automatic),Fiber optic,No,0,0
C105266,2023-11,21,31.31,648.76,Month-to-month,Mailed check,No,Yes,0,0
C105267,2024-09,13,83.66,1116.6,Month-to-month,Bank transfer (automatic),Fiber optic,Yes,0,0
C105268,2022-05,37,48.78,1802.82,Two year,Electronic check,DSL,No,0,0
C105269,2023-09,22,74.07,1648.87,One year,Electronic check,Fiber optic,No,0,0
C105270,2025-05,5,32.19,164.26,Two year,Credit card (automatic),No,Yes,0,0
C105271,2021-05,42,65.94,2801.48,One year,Electronic check,Fiber optic,Yes,0,0
C105272,2025-05,10,72.64,695.76,Month-to-month,Electronic check,Fiber optic,Yes,1,0
C105273,2022-03,32,50.99,1673.44,Month-to-month,Bank transfer (automatic),DSL,No,0,0
C105274,2025-01,4,29.65,118.31,Month-to-month,Electronic check,No,Yes,0,0
C105275,2022-05,30,51.8,1496.69,Month-to-month,Mailed check,DSL,No,1,0
C105276,2025-12,5,55.64,269.6,Month-to-month,Credit card (automatic),DSL,Yes,0,0
C105277,2025-04,18,52.33,915.83,One year,Electronic check,DSL,No,0,0
C105278,2024-03,22,27.12,619.73,One year,Mailed check,No,Yes,0,0
C105279,2024-06,13,75.9,996.87,Month-to-month,Electronic check,Fiber optic,Yes,0,0
C105280,2023-08,16,48.71,744.72,One year,Bank transfer (automatic),DSL,No,0,0
C105281,2024-10,7,49.83,359.35,Month-to-month,Mailed check,DSL,No,0,0
C105282,2024-01,28,21.64,617.87,One year,Credit card (automatic),No,No,0,0
C105283,2025-01,19,39.87,758.64,Two year,Electronic check,DSL,Yes,0,0
C105284,2025-01,8,67.92,561.07,One year,Bank transfer (automatic),Fiber optic,No,1,0
C105285,2024-07,19,72.23,1409.17,Two year,Credit card (automatic),Fiber optic,No,0,0
C105286,2024-06,20,73.81,1476.66,Month-to-month,Bank transfer (automatic),Fiber optic,Yes,1,0
C105287,2025-03,16,72.07,1180.46,One year,Bank transfer (automatic),Fiber optic,Yes,1,0
C105288,2025-08,1,26.37,25.11,One year,Electronic check,No,No,0,0
C105289,2025-01,12,62.19,746.51,Two year,Mailed check,DSL,No,0,0
C105290,2024-04,27,72.99,1945.07,One year,Mailed check,Fiber optic,No,0,1
C105291,2024-01,23,49.39,1105.42,One year,Electronic check,DSL,Yes,1,0
C105292,2024-10,22,62.66,1373.11,Two year,Mailed check,Fiber optic,No,0,0
C105293,2024-12,18,79.28,1411.69,Two year,Bank transfer (automatic),Fiber optic,No,1,0
C105294,2023-02,30,66.59,1934.75,Month-to-month,Mailed check,Fiber optic,No,0,0
C105295,2025-01,10,25.23,264.91,Month-to-month,Credit card (automatic),No,Yes,0,0
C105296,2025-12,8,24.03,183.63,One year,Bank transfer (automatic),No,Yes,0,0
C105297,2022-05,49,50.39,2552.47,Two year,Mailed check,DSL,No,1,0
C105298,2025-12,9,77.13,711.81,Month-to-month,Mailed check,Fiber optic,No,0,1
C105299,2024-07,5,75.41,361.0,Month-to-month,Bank transfer (automatic),Fiber optic,No,0,1
C105300,2024-11,13,26.61,340.43,One year,Mailed check,No,Yes,0,0
C105301,2025-01,17,44.42,763.78,One year,Electronic check,DSL,No,0,0
C105302,2023-08,30,80.14,2321.26,Two year,Mailed check,Fiber optic,Yes,0,0
C105303,2024-10,12,76.59,941.42,Month-to-month,Bank transfer (automatic),Fiber optic,No,0,1
C105304,2025-10,11,58.41,632.95,Month-to-month,Mailed check,DSL,No,1,1
C105305,2024-10,16,67.94,1048.08,One year,Electronic check,Fiber optic,No,1,0
C105306,2025-01,10,53.22,542.36,Month-to-month,Electronic check,DSL,Yes,0,1
C105307,2025-08,4,62.04,241.98,Month-to-month,Mailed check,DSL,Yes,1,1
C105308,2024-06,5,61.77,304.27,Month-to-month,Electronic check,Fiber optic,No,1,1
C105309,2023-02,35,59.58,2071.74,Month-to-month,Bank transfer (automatic),DSL,No,1,0
C105310,2024-05,25,49.12,1219.68,Two year,Bank transfer (automatic),DSL,No,0,0
C105311,2023-08,15,77.5,1196.27,Month-to-month,Electronic check,Fiber optic,No,0,0
C105312,2022-12,23,78.99,1843.48,Two year,Credit card (automatic),Fiber optic,Yes,0,0
C105313,2023-05,26,69.13,1860.8,One year,Bank transfer (automatic),Fiber optic,No,0,0
C105314,2024-06,9,18.0,166.39,Month-to-month,Electronic check,No,Yes,0,0
C105315,2026-02,7,65.45,478.15,One year,Credit card (automatic),Fiber optic,Yes,0,0
C105316,2022-11,33,55.08,1790.21,Month-to-month,Bank transfer (automatic),DSL,Yes,0,0
C105317,2024-12,2,62.69,126.37,One year,Mailed check,DSL,No,0,0
C105318,2024-11,23,72.67,1728.56,Month-to-month,Electronic check,Fiber optic,Yes,1,0
C105319,2024-03,18,78.29,1453.91,Two year,Credit card (automatic),Fiber optic,No,0,0
C105320,2023-12,31,18.0,575.28,Month-to-month,Electronic check,No,No,0,0
C105321,2024-09,23,68.98,1575.51,One year,Mailed check,Fiber optic,No,0,0
C105322,2023-09,22,81.23,1784.58,Month-to-month,Credit card (automatic),Fiber optic,No,0,1
C105323,2025-04,7,35.66,239.12,Month-to-month,Credit card (automatic),No,Yes,0,1
C105324,2023-09,27,63.27,1652.66,Month-to-month,Bank transfer (automatic),Fiber optic,No,0,0
C105325,2024-10,21,69.96,1460.52,Month-to-month,Electronic check,Fiber optic,Yes,0,0
C105326,2025-07,8,74.17,582.15,Month-to-month,Electronic check,Fiber optic,No,0,1
C105327,2024-03,18,51.02,894.59,Month-to-month,Credit card (automatic),DSL,Yes,0,0
C105328,2025-06,6,82.02,474.89,Month-to-month,Bank transfer (automatic),Fiber optic,No,0,1
C105329,2024-12,14,52.88,759.08,One year,Credit card (automatic),DSL,No,1,0
C105330,2019-09,62,66.33,4240.27,Month-to-month,Electronic check,Fiber optic,No,0,1
C105331,2026-02,7,30.36,212.33,Two year,Credit card (automatic),No,No,0,0
C105332,2025-09,4,78.08,322.47,Month-to-month,Electronic check,Fiber optic,Yes,0,0
C105333,2025-02,5,48.1,250.47,Month-to-month,Electronic check,DSL,Yes,0,0
C105334,2024-07,13,49.65,623.01,Month-to-month,Credit card (automatic),DSL,Yes,0,1
C105335,2024-04,25,24.53,633.53,One year,Mailed check,No,No,0,0
C105336,2024-05,16,61.0,929.91,One year,Bank transfer (automatic),DSL,No,1,0
C105337,2024-11,5,71.47,343.52,One year,Bank transfer (automatic),Fiber optic,Yes,0,0
C105338,2023-10,24,58.74,1397.24,One year,Credit card (automatic),Fiber optic,Yes,0,0
C105339,2024-10,3,43.38,132.37,Two year,Electronic check,DSL,No,0,0
C105340,2025-01,5,79.3,396.07,Month-to-month,Electronic check,Fiber optic,No,1,1
C105341,2025-07,10,48.15,467.5,Two year,Bank transfer (automatic),DSL,No,0,0
C105342,2022-11,32,64.64,2095.61,One year,Credit card (automatic),Fiber optic,Yes,0,0
C105343,2024-11,16,50.53,838.29,One year,Credit card (automatic),DSL,No,0,0
C105344,2024-11,17,58.69,1027.17,One year,Mailed check,DSL,Yes,0,0
C105345,2026-04,5,65.86,322.61,One year,Bank transfer (automatic),DSL,No,0,0
C105346,2024-05,11,29.65,339.26,Month-to-month,Mailed check,No,No,1,0
C105347,2023-06,29,77.94,2234.62,Month-to-month,Electronic check,Fiber optic,Yes,0,0
C105348,2023-07,20,29.4,611.45,Month-to-month,Electronic check,No,No,0,0
C105349,2023-01,25,76.31,1832.1,Month-to-month,Electronic check,Fiber optic,Yes,0,1
C105350,2025-01,15,22.05,345.15,Two year,Electronic check,No,No,0,0
C105351,2024-03,29,80.67,2303.89,One year,Electronic check,Fiber optic,Yes,0,0
C105352,2024-12,5,72.25,359.05,Month-to-month,Electronic check,Fiber optic,Yes,0,0
C105353,2025-05,13,68.4,919.25,Month-to-month,Credit card (automatic),Fiber optic,Yes,0,0
C105354,2023-08,22,50.39,1129.61,Month-to-month,Electronic check,DSL,Yes,0,0
C105355,2025-02,3,32.79,98.91,One year,Credit card (automatic),No,No,0,0
C105356,2025-05,1,23.41,23.83,Two year,Credit card (automatic),No,No,0,0
C105357,2021-06,49,64.1,3147.55,Month-to-month,Mailed check,DSL,No,0,0
C105358,2024-12,17,33.84,548.03,Month-to-month,Bank transfer (automatic),No,Yes,0,1
C105359,2026-03,3,55.77,166.81,Two year,Electronic check,DSL,No,0,0
C105360,2024-03,16,69.49,1123.47,One year,Electronic check,Fiber optic,No,0,0
C105361,2026-01,5,25.07,120.73,One year,Bank transfer (automatic),No,No,1,0
C105362,2025-04,7,55.2,375.81,Month-to-month,Bank transfer (automatic),DSL,No,0,1
C105363,2023-12,33,47.88,1537.27,Month-to-month,Mailed check,DSL,No,0,0
C105364,2025-06,10,77.83,781.49,Month-to-month,Credit card (automatic),Fiber optic,No,1,0
C105365,2025-12,10,80.5,782.9,Month-to-month,Bank transfer (automatic),Fiber optic,Yes,1,1
C105366,2025-10,5,67.85,330.0,One year,Mailed check,Fiber optic,Yes,0,0
C105367,2024-12,12,76.14,906.87,One year,Electronic check,Fiber optic,Yes,0,0
C105368,2025-03,17,56.53,988.72,Month-to-month,Credit card (automatic),DSL,No,0,1
C105369,2025-10,10,61.7,603.39,Month-to-month,Credit card (automatic),DSL,No,0,1
C105370,2020-07,57,37.46,2082.17,Two year,Bank transfer (automatic),No,Yes,0,0
C105371,2025-09,6,73.69,442.26,Two year,Bank transfer (automatic),Fiber optic,Yes,1,0
C105372,2025-06,6,74.66,441.36,Month-to-month,Mailed check,Fiber optic,Yes,0,1
C105373,2024-03,11,60.03,692.08,One year,Electronic check,DSL,No,0,0
C105374,2022-04,53,30.28,1654.02,Month-to-month,Credit card (automatic),No,Yes,1,0
C105375,2024-08,25,49.01,1211.98,Two year,Bank transfer (automatic),DSL,Yes,0,0
C105376,2025-04,10,51.34,493.88,Month-to-month,Mailed check,DSL,No,0,0
C105377,2024-05,10,55.59,540.22,Month-to-month,Bank transfer (automatic),DSL,Yes,1,0
C105378,2024-05,6,81.03,499.96,Month-to-month,Mailed check,Fiber optic,No,0,0
C105379,2025-02,11,48.81,534.6,Month-to-month,Electronic check,DSL,Yes,0,1
C105380,2025-02,13,45.36,571.72,One year,Bank transfer (automatic),DSL,No,1,0
C105381,2024-01,24,67.68,1644.61,Month-to-month,Electronic check,Fiber optic,No,1,0
C105382,2024-01,21,78.13,1663.61,One year,Electronic check,Fiber optic,Yes,0,0
C105383,2023-12,11,55.19,596.72,One year,Electronic check,DSL,Yes,0,0
C105384,2023-01,40,80.85,3118.9,One year,Electronic check,Fiber optic,No,0,0
C105385,2024-12,9,71.89,651.14,Month-to-month,Credit card (automatic),Fiber optic,No,0,0
C105386,2024-09,4,45.46,183.0,One year,Electronic check,DSL,Yes,0,0
C105387,2025-04,18,62.14,1113.71,One year,Mailed check,DSL,No,0,0
C105388,2022-12,31,24.39,791.62,One year,Bank transfer (automatic),No,No,1,0
C105389,2023-12,15,73.06,1076.23,Two year,Credit card (automatic),Fiber optic,No,0,0
C105390,2025-09,5,46.99,235.02,Month-to-month,Bank transfer (automatic),DSL,No,0,0
C105391,2024-04,17,70.08,1207.49,Two year,Credit card (automatic),Fiber optic,Yes,0,0
C105392,2023-07,19,51.82,1003.34,One year,Bank transfer (automatic),DSL,No,0,0
C105393,2023-08,20,66.46,1375.1,Month-to-month,Bank transfer (automatic),Fiber optic,Yes,0,0
C105394,2024-02,17,80.35,1327.82,Two year,Mailed check,Fiber optic,No,0,0
C105395,2023-09,34,45.27,1594.95,Two year,Electronic check,DSL,Yes,0,0
C105396,2025-12,6,24.39,140.5,Month-to-month,Mailed check,No,No,0,1
C105397,2026-03,1,65.07,62.24,Two year,Bank transfer (automatic),Fiber optic,No,0,0
C105398,2025-03,3,37.53,116.77,Two year,Bank transfer (automatic),DSL,No,0,0
C105399,2024-08,5,50.84,249.75,One year,Bank transfer (automatic),DSL,Yes,1,0
C105400,2023-06,28,51.08,1472.63,Month-to-month,Bank transfer (automatic),DSL,Yes,0,0
C105401,2024-12,12,35.95,443.22,Month-to-month,Bank transfer (automatic),No,No,0,0
C105402,2021-05,42,70.9,3030.05,Two year,Electronic check,Fiber optic,Yes,0,0
C105403,2025-04,6,61.39,357.46,Two year,Electronic check,Fiber optic,No,0,0
C105404,2021-12,42,48.88,2037.49,One year,Bank transfer (automatic),DSL,No,1,0
C105405,2024-12,7,67.93,490.22,Month-to-month,Electronic check,DSL,No,0,0
C105406,2024-01,13,69.53,867.57,Month-to-month,Credit card (automatic),Fiber optic,Yes,0,0
C105407,2025-07,3,79.94,239.96,Month-to-month,Electronic check,Fiber optic,Yes,0,1
C105408,2022-12,38,46.52,1706.53,Two year,Electronic check,DSL,Yes,0,0
C105409,2024-02,14,48.98,658.44,Month-to-month,Bank transfer (automatic),DSL,No,1,1
C105410,2021-10,59,24.35,1428.24,Two year,Electronic check,No,Yes,0,0
C105411,2023-09,32,80.82,2536.98,One year,Bank transfer (automatic),Fiber optic,No,0,0
C105412,2025-07,13,44.0,590.35,One year,Electronic check,DSL,No,0,0
C105413,2024-04,8,75.94,606.79,One year,Electronic check,Fiber optic,No,0,1
C105414,2022-09,28,82.32,2360.52,Month-to-month,Bank transfer (automatic),Fiber optic,No,1,0
C105415,2025-05,16,71.69,1165.55,Month-to-month,Mailed check,Fiber optic,No,0,0
C105416,2025-09,8,35.98,300.83,Month-to-month,Bank transfer (automatic),No,Yes,0,0
C105417,2024-07,16,57.85,903.39,One year,Electronic check,DSL,No,1,1
C105418,2024-09,2,25.16,51.73,Month-to-month,Bank transfer (automatic),No,No,1,0
C105419,2023-03,20,44.9,869.95,Two year,Mailed check,DSL,No,0,0
C105420,2023-09,23,54.08,1288.9,Month-to-month,Electronic check,DSL,Yes,0,0
C105421,2025-02,5,75.65,392.38,Month-to-month,Bank transfer (automatic),Fiber optic,No,0,1
C105422,2023-04,35,66.78,2411.49,Two year,Bank transfer (automatic),Fiber optic,Yes,0,1
C105423,2023-05,30,53.99,1590.71,Two year,Credit card (automatic),DSL,No,0,0
C105424,2023-05,19,48.16,882.71,One year,Credit card (automatic),DSL,Yes,0,0
C105425,2024-05,7,49.53,358.61,Month-to-month,Bank transfer (automatic),DSL,No,0,0
C105426,2023-09,24,55.02,1332.31,Month-to-month,Electronic check,DSL,Yes,0,0
C105427,2025-10,11,56.37,616.85,Month-to-month,Bank transfer (automatic),DSL,Yes,0,0
C105428,2024-10,17,60.67,1022.38,One year,Mailed check,DSL,No,1,0
C105429,2023-10,26,31.53,787.1,One year,Credit card (automatic),No,No,0,0
C105430,2025-11,4,79.26,321.7,Month-to-month,Bank transfer (automatic),Fiber optic,Yes,1,1
C105431,2024-10,3,27.93,83.96,Month-to-month,Electronic check,No,No,0,0
C105432,2024-12,10,50.77,531.12,One year,Credit card (automatic),DSL,No,0,0
C105433,2021-02,52,48.99,2592.08,One year,Bank transfer (automatic),DSL,No,1,0
C105434,2020-03,60,76.1,4778.61,Month-to-month,Electronic check,Fiber optic,Yes,0,0
C105435,2024-06,20,69.87,1347.07,Two year,Bank transfer (automatic),Fiber optic,No,0,0
C105436,2022-09,30,75.58,2308.78,Month-to-month,Mailed check,Fiber optic,Yes,0,1
C105437,2023-08,15,53.78,832.05,Month-to-month,Bank transfer (automatic),DSL,No,0,1
C105438,2024-10,16,29.74,481.13,Month-to-month,Credit card (automatic),No,No,1,0
C105439,2024-03,13,81.94,1077.45,One year,Electronic check,Fiber optic,No,0,0
C105440,2022-12,33,73.65,2346.78,One year,Electronic check,Fiber optic,Yes,0,0
C105441,2021-04,43,72.5,3061.76,Two year,Electronic check,Fiber optic,Yes,0,0
C105442,2024-02,16,57.81,937.22,Month-to-month,Credit card (automatic),DSL,No,0,0
C105443,2024-04,16,51.75,825.77,One year,Electronic check,DSL,No,0,0
C105444,2024-02,13,33.22,447.54,Month-to-month,Bank transfer (automatic),No,No,1,0
C105445,2023-03,43,69.12,3054.57,Two year,Bank transfer (automatic),Fiber optic,No,0,0
C105446,2022-09,28,43.1,1211.02,Two year,Credit card (automatic),DSL,Yes,1,0
C105447,2024-04,7,51.52,364.67,Month-to-month,Electronic check,DSL,No,1,0
C105448,2021-01,51,64.76,3354.4,One year,Electronic check,DSL,Yes,0,0
C105449,2025-02,1,35.8,36.36,One year,Credit card (automatic),No,Yes,0,0
C105450,2022-09,41,28.21,1179.29,Month-to-month,Mailed check,No,Yes,0,0
C105451,2023-02,31,79.05,2449.86,Month-to-month,Electronic check,Fiber optic,Yes,0,0
C105452,2025-03,16,28.91,445.16,Two year,Electronic check,No,Yes,0,0
C105453,2025-03,16,85.46,1429.59,Month-to-month,Credit card (automatic),Fiber optic,Yes,0,0
C105454,2024-09,14,29.22,389.3,Month-to-month,Credit card (automatic),No,No,1,0
C105455,2024-06,7,76.35,508.61,Month-to-month,Mailed check,Fiber optic,No,0,1
C105456,2021-07,49,22.82,1167.2,Two year,Mailed check,No,Yes,0,0
C105457,2024-04,15,27.99,419.61,One year,Bank transfer (automatic),No,Yes,0,0
C105458,2024-04,7,58.55,422.86,Month-to-month,Electronic check,Fiber optic,Yes,0,0
C105459,2022-11,47,52.16,2423.5,Two year,Credit card (automatic),DSL,No,0,0
C105460,2024-11,22,61.02,1333.17,Month-to-month,Electronic check,DSL,Yes,0,0
C105461,2023-12,23,60.75,1425.95,Two year,Electronic check,DSL,No,0,0
C105462,2021-12,54,55.69,3009.92,One year,Electronic check,DSL,Yes,0,0
C105463,2022-10,25,72.81,1893.17,Month-to-month,Electronic check,Fiber optic,No,0,0
C105464,2025-06,9,70.07,642.71,Month-to-month,Mailed check,Fiber optic,No,1,0
C105465,2023-07,25,52.15,1307.31,Month-to-month,Bank transfer (automatic),DSL,Yes,1,0
C105466,2026-03,7,20.41,147.58,Month-to-month,Mailed check,No,No,0,0
C105467,2024-06,11,53.49,591.03,Month-to-month,Bank transfer (automatic),DSL,No,0,1
C105468,2023-04,19,47.65,887.21,Month-to-month,Electronic check,DSL,Yes,1,0
C105469,2023-01,30,51.42,1484.04,Month-to-month,Mailed check,DSL,No,0,0
C105470,2025-01,10,28.77,283.4,Month-to-month,Mailed check,No,Yes,0,0
C105471,2024-08,14,76.98,1092.22,Month-to-month,Bank transfer (automatic),Fiber optic,No,1,0
C105472,2024-10,14,45.09,661.67,Month-to-month,Electronic check,DSL,Yes,1,1
C105473,2022-08,34,52.94,1844.16,Month-to-month,Credit card (automatic),DSL,No,0,0
C105474,2025-03,16,73.12,1183.84,Two year,Electronic check,Fiber optic,No,0,0
C105475,2022-03,51,36.0,1781.36,Two year,Electronic check,No,No,0,0
C105476,2024-10,11,74.55,837.03,Month-to-month,Electronic check,Fiber optic,Yes,0,1
C105477,2025-04,10,88.18,883.82,Month-to-month,Bank transfer (automatic),Fiber optic,Yes,0,0
C105478,2021-10,40,79.2,3243.7,Month-to-month,Electronic check,Fiber optic,No,0,1
C105479,2023-02,23,55.37,1256.38,Month-to-month,Electronic check,DSL,No,0,1
C105480,2021-09,39,79.46,3092.16,One year,Mailed check,Fiber optic,No,0,0
C105481,2025-11,5,71.96,360.74,Month-to-month,Electronic check,Fiber optic,No,0,1
C105482,2024-11,16,62.71,989.52,Two year,Electronic check,Fiber optic,No,0,0
C105483,2024-05,19,56.17,1075.63,Two year,Bank transfer (automatic),DSL,No,1,0
C105484,2023-10,18,58.18,1023.82,Month-to-month,Bank transfer (automatic),DSL,No,0,1
C105485,2025-06,14,81.27,1089.58,Month-to-month,Electronic check,Fiber optic,Yes,0,1
C105486,2023-12,18,81.13,1413.37,Month-to-month,Electronic check,Fiber optic,No,0,1
C105487,2023-05,19,87.06,1653.18,Month-to-month,Mailed check,Fiber optic,Yes,1,0
C105488,2024-03,10,66.29,634.2,Month-to-month,Credit card (automatic),Fiber optic,No,0,1
C105489,2023-07,33,27.87,909.29,Month-to-month,Bank transfer (automatic),No,Yes,0,0
C105490,2022-02,47,28.27,1352.03,Month-to-month,Electronic check,No,No,0,0
C105491,2023-07,26,82.0,2134.59,Month-to-month,Credit card (automatic),Fiber optic,No,0,1
C105492,2024-06,21,31.04,655.33,One year,Mailed check,No,No,0,0
C105493,2024-10,15,82.02,1257.91,Month-to-month,Mailed check,Fiber optic,Yes,0,0
C105494,2024-07,19,70.7,1292.38,Two year,Credit card (automatic),Fiber optic,No,0,0
C105495,2024-05,21,74.89,1535.54,Month-to-month,Bank transfer (automatic),Fiber optic,Yes,0,1
C105496,2025-07,7,59.08,410.36,Month-to-month,Mailed check,DSL,Yes,0,0
C105497,2023-10,32,73.57,2299.66,One year,Bank transfer (automatic),Fiber optic,No,0,0
C105498,2024-12,11,77.34,845.53,Month-to-month,Credit card (automatic),Fiber optic,Yes,0,1
C105499,2021-05,42,32.71,1427.9,One year,Electronic check,No,Yes,0,0
C105500,2024-10,18,74.6,1291.03,One year,Electronic check,Fiber optic,No,0,1
C105501,2023-08,32,35.9,1125.2,Month-to-month,Mailed check,No,No,0,0
C105502,2024-03,26,55.31,1490.88,Month-to-month,Credit card (automatic),DSL,Yes,0,0
C105503,2025-08,5,31.02,156.11,Month-to-month,Electronic check,No,No,1,0
C105504,2023-06,39,62.99,2572.07,Two year,Electronic check,Fiber optic,No,0,0
C105505,2025-09,9,80.9,704.25,Month-to-month,Mailed check,Fiber optic,Yes,0,0
C105506,2025-05,11,85.27,961.96,Month-to-month,Electronic check,Fiber optic,No,1,1
C105507,2024-07,12,18.0,223.32,Two year,Bank transfer (automatic),No,No,0,0
C105508,2025-10,4,58.85,246.19,Month-to-month,Mailed check,DSL,Yes,0,0
C105509,2025-02,18,68.12,1184.2,Two year,Credit card (automatic),Fiber optic,Yes,1,0
C105510,2023-01,33,28.89,956.78,Month-to-month,Bank transfer (automatic),No,Yes,1,0
C105511,2022-02,41,56.57,2296.88,One year,Mailed check,DSL,No,0,0
C105512,2024-05,14,71.82,1016.13,One year,Credit card (automatic),Fiber optic,No,0,0
C105513,2024-06,16,77.36,1185.71,Month-to-month,Electronic check,Fiber optic,Yes,0,1
C105514,2024-02,27,27.84,749.71,Month-to-month,Bank transfer (automatic),No,Yes,0,0
C105515,2024-05,14,37.83,504.67,One year,Bank transfer (automatic),No,No,0,0
C105516,2022-03,35,53.6,1840.26,Month-to-month,Electronic check,DSL,Yes,0,0
C105517,2025-07,15,70.43,1090.41,Month-to-month,Electronic check,Fiber optic,Yes,0,0
C105518,2024-09,8,74.08,590.69,One year,Mailed check,Fiber optic,No,0,0
C105519,2023-11,19,66.99,1317.53,One year,Mailed check,Fiber optic,Yes,0,0
C105520,2025-11,4,56.41,215.67,Month-to-month,Bank transfer (automatic),DSL,No,0,0
C105521,2025-02,19,64.88,1257.38,Month-to-month,Electronic check,DSL,Yes,0,0
C105522,2024-01,21,68.73,1379.82,Two year,Electronic check,Fiber optic,Yes,0,0
C105523,2024-03,9,42.47,369.06,Two year,Credit card (automatic),DSL,Yes,0,0
C105524,2023-07,21,69.51,1504.03,One year,Electronic check,Fiber optic,No,0,0
C105525,2024-02,13,59.87,740.93,Month-to-month,Credit card (automatic),DSL,No,1,0
C105526,2025-05,8,30.64,242.19,Month-to-month,Bank transfer (automatic),No,Yes,0,0
C105527,2026-04,4,34.21,142.81,Month-to-month,Bank transfer (automatic),No,No,1,0
C105528,2025-04,5,68.2,329.24,One year,Electronic check,Fiber optic,No,0,0
C105529,2022-01,44,25.13,1155.24,Two year,Credit card (automatic),No,No,0,0
C105530,2024-09,12,32.6,379.3,One year,Credit card (automatic),No,No,0,0
C105531,2023-03,21,84.67,1737.17,Month-to-month,Bank transfer (automatic),Fiber optic,No,0,1
C105532,2024-02,14,66.68,946.41,Two year,Bank transfer (automatic),Fiber optic,Yes,0,0
C105533,2022-08,45,72.22,3089.53,One year,Mailed check,Fiber optic,No,0,0
C105534,2024-08,8,36.6,298.92,Month-to-month,Electronic check,No,No,0,0
C105535,2025-04,17,72.79,1287.36,One year,Credit card (automatic),Fiber optic,No,1,0
C105536,2025-02,11,78.83,854.63,Month-to-month,Electronic check,Fiber optic,No,0,0
C105537,2023-04,32,64.56,2087.69,Two year,Mailed check,Fiber optic,No,0,0
C105538,2024-04,21,52.82,1093.39,One year,Mailed check,DSL,No,0,0
C105539,2025-03,16,65.27,1064.36,Two year,Bank transfer (automatic),Fiber optic,No,0,0
C105540,2025-11,5,19.89,99.72,Month-to-month,Bank transfer (automatic),No,No,0,0
C105541,2020-05,59,47.49,2802.65,One year,Bank transfer (automatic),DSL,No,0,0
C105542,2025-08,14,57.69,771.5,Month-to-month,Electronic check,DSL,No,1,0
C105543,2024-06,7,33.31,236.94,Month-to-month,Electronic check,No,Yes,0,0
C105544,2024-11,4,57.41,229.78,One year,Electronic check,DSL,No,0,0
C105545,2025-07,5,78.05,383.26,Month-to-month,Credit card (automatic),Fiber optic,No,0,1
C105546,2025-02,16,73.67,1176.33,Month-to-month,Electronic check,Fiber optic,Yes,0,0
C105547,2022-03,32,64.0,2013.28,Month-to-month,Credit card (automatic),Fiber optic,No,0,0
C105548,2023-04,20,45.94,897.77,One year,Electronic check,DSL,Yes,1,0
C105549,2026-02,4,57.23,220.25,Two year,Credit card (automatic),DSL,Yes,0,0
C105550,2023-11,16,63.95,994.53,Two year,Bank transfer (automatic),Fiber optic,No,0,0
C105551,2021-09,39,71.55,2687.12,One year,Credit card (automatic),Fiber optic,Yes,0,0
C105552,2024-02,12,75.38,860.25,Month-to-month,Bank transfer (automatic),Fiber optic,No,0,0
C105553,2024-07,20,21.69,444.11,Month-to-month,Bank transfer (automatic),No,No,0,0
C105554,2024-07,13,29.59,369.07,Two year,Bank transfer (automatic),No,Yes,0,0
C105555,2023-02,23,84.17,1915.56,Month-to-month,Electronic check,Fiber optic,Yes,0,0
C105556,2024-12,8,68.89,559.25,Two year,Credit card (automatic),Fiber optic,Yes,0,0
C105557,2024-12,1,51.18,52.24,One year,Bank transfer (automatic),DSL,No,0,0
C105558,2025-12,6,68.05,391.01,Month-to-month,Electronic check,Fiber optic,No,0,0
C105559,2025-03,11,70.36,803.49,One year,Electronic check,Fiber optic,No,0,0
C105560,2023-08,15,33.25,478.28,Month-to-month,Mailed check,No,Yes,0,0
C105561,2025-11,11,74.96,825.65,Month-to-month,Credit card (automatic),Fiber optic,No,1,1
C105562,2024-03,11,52.36,594.52,Month-to-month,Bank transfer (automatic),DSL,No,0,1
C105563,2023-07,32,81.04,2582.34,Month-to-month,Electronic check,Fiber optic,No,0,0
C105564,2025-12,7,73.43,539.69,Month-to-month,Bank transfer (automatic),Fiber optic,No,0,0
C105565,2024-08,16,26.23,428.32,One year,Electronic check,No,Yes,1,0
C105566,2025-09,4,72.85,286.7,One year,Electronic check,Fiber optic,Yes,0,0
C105567,2022-09,26,76.84,1913.17,Two year,Credit card (automatic),Fiber optic,No,1,0
C105568,2024-07,19,54.07,1060.73,Month-to-month,Electronic check,DSL,Yes,0,0
C105569,2020-08,58,23.49,1412.9,One year,Mailed check,No,No,0,0
C105570,2025-09,6,78.27,475.76,Month-to-month,Electronic check,Fiber optic,Yes,0,0
C105571,2021-08,47,73.01,3373.37,Month-to-month,Electronic check,Fiber optic,No,1,0
C105572,2024-09,7,78.33,551.92,Month-to-month,Electronic check,Fiber optic,No,0,0
C105573,2024-07,12,18.0,205.26,Month-to-month,Electronic check,No,No,1,0
C105574,2025-02,5,75.22,372.99,Month-to-month,Mailed check,Fiber optic,No,0,0
C105575,2021-04,57,51.31,3066.9,One year,Credit card (automatic),DSL,Yes,0,0
C105576,2023-08,21,63.24,1289.94,Two year,Electronic check,Fiber optic,No,0,0
C105577,2023-08,22,45.52,1019.76,One year,Credit card (automatic),DSL,No,0,1
C105578,2025-07,8,25.92,199.17,Two year,Bank transfer (automatic),No,Yes,1,1
C105579,2026-02,2,65.58,134.18,One year,Electronic check,Fiber optic,Yes,0,0
C105580,2025-09,12,57.2,682.28,Month-to-month,Electronic check,Fiber optic,Yes,1,1
C105581,2024-06,10,47.95,471.87,Month-to-month,Electronic check,DSL,Yes,0,0
C105582,2026-07,3,21.49,64.51,One year,Bank transfer (automatic),No,No,0,0
C105583,2024-07,12,30.18,373.7,Month-to-month,Bank transfer (automatic),No,Yes,0,0
C105584,2024-09,16,67.87,1122.66,Month-to-month,Electronic check,Fiber optic,Yes,0,1
C105585,2023-07,22,72.0,1560.7,One year,Electronic check,Fiber optic,No,1,0
C105586,2026-06,2,49.28,99.87,Month-to-month,Electronic check,DSL,No,0,1
C105587,2026-02,5,59.7,293.22,Month-to-month,Bank transfer (automatic),DSL,Yes,0,1
C105588,2024-08,8,32.25,256.76,Month-to-month,Electronic check,No,No,0,0
C105589,2022-12,33,67.2,2252.25,Two year,Mailed check,Fiber optic,No,0,0
C105590,2022-03,33,53.66,1727.52,One year,Bank transfer (automatic),DSL,Yes,0,0
C105591,2024-09,21,72.45,1494.8,Two year,Bank transfer (automatic),Fiber optic,No,0,0
C105592,2025-10,12,72.37,839.43,One year,Electronic check,Fiber optic,Yes,1,1
C105593,2023-04,35,55.85,1974.6,Month-to-month,Mailed check,DSL,No,0,0
C105594,2024-11,19,18.0,353.82,Two year,Mailed check,No,No,0,0
C105595,2022-06,33,49.69,1708.33,One year,Credit card (automatic),DSL,Yes,1,0
C105596,2023-12,21,50.33,1103.72,Month-to-month,Mailed check,DSL,No,0,0
C105597,2025-09,3,33.91,104.57,Two year,Mailed check,No,Yes,0,0
C105598,2024-09,2,48.26,96.26,Two year,Electronic check,DSL,No,0,0
C105599,2025-10,11,70.95,804.84,Month-to-month,Bank transfer (automatic),Fiber optic,No,1,1
C105600,2022-10,29,72.49,2050.86,Two year,Bank transfer (automatic),Fiber optic,Yes,0,0
C105601,2024-03,10,45.89,459.4,Month-to-month,Bank transfer (automatic),DSL,No,1,1
C105602,2023-07,39,68.48,2782.49,Two year,Bank transfer (automatic),Fiber optic,No,0,0
C105603,2024-05,27,60.14,1636.46,One year,Credit card (automatic),Fiber optic,Yes,0,0
C105604,2023-05,37,25.68,960.71,Month-to-month,Credit card (automatic),No,No,0,0
C105605,2024-12,11,26.02,289.69,One year,Electronic check,No,Yes,0,0
C105606,2025-05,7,63.74,459.73,Month-to-month,Electronic check,DSL,No,0,1
C105607,2025-05,6,74.11,426.17,Month-to-month,Credit card (automatic),Fiber optic,Yes,1,1
C105608,2023-05,23,63.66,1445.69,Two year,Bank transfer (automatic),Fiber optic,No,0,0
C105609,2025-10,3,52.0,162.81,One year,Credit card (automatic),DSL,No,0,0
C105610,2024-07,4,63.64,266.4,Month-to-month,Mailed check,DSL,No,0,1
C105611,2026-01,9,62.67,567.35,Month-to-month,Credit card (automatic),Fiber optic,No,0,1
C105612,2024-12,18,79.64,1404.85,Month-to-month,Electronic check,Fiber optic,Yes,0,0
C105613,2025-08,8,32.28,267.32,Month-to-month,Bank transfer (automatic),No,No,0,1
C105614,2023-11,33,52.1,1786.5,One year,Mailed check,DSL,Yes,0,0
C105615,2023-06,37,50.94,1846.57,One year,Electronic check,DSL,No,1,0
C105616,2026-07,1,38.62,39.52,Month-to-month,Electronic check,No,Yes,0,0
C105617,2024-09,22,31.91,733.69,Two year,Electronic check,No,No,1,1
C105618,2025-03,10,65.77,653.24,One year,Electronic check,Fiber optic,No,0,1
C105619,2024-02,29,72.13,2004.23,One year,Credit card (automatic),Fiber optic,No,0,0
C105620,2024-01,22,36.27,824.55,One year,Credit card (automatic),No,Yes,0,0
C105621,2023-09,18,53.83,985.76,Two year,Credit card (automatic),DSL,No,0,0
C105622,2024-09,14,70.57,1013.49,Two year,Credit card (automatic),Fiber optic,No,1,0
C105623,2026-04,4,67.18,273.02,Month-to-month,Credit card (automatic),Fiber optic,No,0,0
C105624,2020-07,63,85.88,5367.0,One year,Credit card (automatic),Fiber optic,Yes,0,0
C105625,2025-10,5,34.33,179.62,Month-to-month,Electronic check,No,No,0,0
C105626,2021-03,47,40.7,1936.32,Month-to-month,Electronic check,No,No,0,0
C105627,2023-08,25,76.81,1925.11,Month-to-month,Credit card (automatic),Fiber optic,No,1,1
C105628,2025-06,10,54.89,552.0,Month-to-month,Mailed check,DSL,Yes,1,0
C105629,2026-01,9,24.93,230.28,One year,Bank transfer (automatic),No,Yes,1,0
C105630,2025-08,4,74.85,302.67,Two year,Bank transfer (automatic),Fiber optic,No,0,0
C105631,2024-06,16,63.99,980.18,Month-to-month,Electronic check,DSL,Yes,0,0
C105632,2026-06,3,81.25,238.33,Month-to-month,Electronic check,Fiber optic,No,0,1
C105633,2023-01,34,88.53,3014.0,Month-to-month,Bank transfer (automatic),Fiber optic,Yes,0,0
C105634,2023-10,19,55.79,1024.51,Month-to-month,Mailed check,DSL,No,0,0
C105635,2023-11,15,51.27,796.41,Month-to-month,Mailed check,DSL,No,0,0
C105636,2023-12,17,29.14,509.08,Two year,Bank transfer (automatic),No,Yes,0,0
C105637,2024-12,20,34.82,714.27,Month-to-month,Mailed check,No,No,0,0
C105638,2025-04,12,70.42,842.31,One year,Mailed check,Fiber optic,Yes,0,0
C105639,2025-08,13,54.74,696.67,Month-to-month,Bank transfer (automatic),DSL,Yes,1,1
C105640,2021-07,50,70.28,3632.75,Two year,Mailed check,Fiber optic,No,0,0
C105641,2023-11,32,71.96,2268.82,Two year,Credit card (automatic),Fiber optic,Yes,0,0
C105642,2024-08,24,51.41,1241.06,Two year,Mailed check,DSL,Yes,1,0
C105643,2025-01,10,76.27,746.91,Month-to-month,Credit card (automatic),Fiber optic,No,0,0
C105644,2025-04,2,54.42,114.09,Two year,Credit card (automatic),DSL,Yes,1,0
C105645,2024-10,22,34.61,777.22,Month-to-month,Credit card (automatic),No,No,0,1
C105646,2025-01,17,24.63,438.17,Two year,Bank transfer (automatic),No,No,1,0
C105647,2024-07,13,63.98,870.06,Month-to-month,Bank transfer (automatic),Fiber optic,No,0,0
C105648,2024-06,15,46.57,678.24,One year,Mailed check,DSL,No,0,0
C105649,2024-10,5,77.77,397.83,Month-to-month,Bank transfer (automatic),Fiber optic,No,0,0
C105650,2026-02,7,67.62,471.72,One year,Electronic check,Fiber optic,Yes,0,0
C105651,2023-01,32,70.59,2288.29,Two year,Electronic check,Fiber optic,No,0,0
C105652,2025-09,2,74.66,148.81,Month-to-month,Electronic check,Fiber optic,No,0,1
C105653,2023-09,29,28.0,776.04,Two year,Bank transfer (automatic),No,No,1,0
C105654,2022-03,40,31.75,1292.98,One year,Electronic check,No,No,0,0
C105655,2024-02,22,62.14,1365.37,Month-to-month,Bank transfer (automatic),DSL,No,1,0
C105656,2023-03,21,74.9,1515.27,Month-to-month,Electronic check,Fiber optic,Yes,0,1
C105657,2025-10,7,48.75,346.54,Month-to-month,Electronic check,DSL,No,0,0
C105658,2024-08,8,76.87,594.01,Month-to-month,Mailed check,Fiber optic,Yes,1,0
C105659,2024-03,11,79.28,904.92,Month-to-month,Credit card (automatic),Fiber optic,No,1,1
C105660,2024-08,4,61.48,234.14,Month-to-month,Mailed check,Fiber optic,No,0,1
C105661,2025-08,7,25.67,178.27,Month-to-month,Credit card (automatic),No,No,0,1
C105662,2024-08,17,55.18,923.32,Month-to-month,Electronic check,DSL,Yes,0,1
C105663,2024-04,10,27.12,281.59,Month-to-month,Mailed check,No,Yes,0,1
C105664,2023-12,18,75.81,1397.83,Month-to-month,Electronic check,Fiber optic,Yes,1,1
C105665,2022-03,32,71.26,2226.61,Month-to-month,Electronic check,Fiber optic,No,0,0
C105666,2024-08,18,77.62,1374.65,One year,Electronic check,Fiber optic,No,0,0
C105667,2024-06,22,50.91,1135.3,Two year,Electronic check,DSL,Yes,0,0
C105668,2025-03,3,39.8,124.99,Two year,Bank transfer (automatic),DSL,No,0,0
C105669,2022-07,31,59.39,1823.86,Month-to-month,Bank transfer (automatic),DSL,No,0,0
C105670,2024-09,3,73.77,228.72,Two year,Electronic check,Fiber optic,No,1,0
C105671,2024-04,10,54.78,559.73,Month-to-month,Credit card (automatic),DSL,Yes,1,0
C105672,2024-05,6,57.96,354.93,Two year,Bank transfer (automatic),Fiber optic,Yes,0,0
C105673,2025-06,2,35.41,68.97,Month-to-month,Electronic check,No,Yes,0,0
C105674,2025-05,17,68.87,1115.74,Month-to-month,Mailed check,Fiber optic,Yes,0,1
C105675,2023-03,23,52.83,1211.39,Month-to-month,Electronic check,DSL,Yes,0,0
C105676,2022-11,41,65.56,2717.25,Two year,Credit card (automatic),Fiber optic,No,0,0
C105677,2024-05,19,46.36,878.87,Month-to-month,Mailed check,DSL,No,0,0
C105678,2024-10,7,75.04,519.2,Month-to-month,Electronic check,Fiber optic,Yes,0,0
C105679,2024-10,10,56.22,550.31,Month-to-month,Electronic check,DSL,No,0,1
C105680,2025-04,3,51.28,159.37,Two year,Electronic check,DSL,No,1,0
C105681,2025-02,11,28.74,305.7,Month-to-month,Mailed check,No,Yes,0,0
C105682,2025-01,15,48.33,689.09,One year,Bank transfer (automatic),DSL,Yes,0,0
C105683,2023-01,22,63.81,1348.81,Month-to-month,Credit card (automatic),DSL,Yes,0,0
C105684,2023-03,27,51.71,1388.18,Two year,Electronic check,DSL,No,1,0
C105685,2023-12,22,69.39,1535.76,Month-to-month,Electronic check,Fiber optic,No,1,0
C105686,2025-08,7,32.64,232.99,Month-to-month,Electronic check,No,Yes,1,1
C105687,2025-12,5,57.19,287.69,Month-to-month,Mailed check,DSL,Yes,1,0
C105688,2023-06,25,58.69,1487.02,Month-to-month,Bank transfer (automatic),DSL,Yes,0,0
C105689,2025-04,2,29.81,57.34,Month-to-month,Credit card (automatic),No,Yes,1,0
C105690,2020-09,55,46.86,2561.6,Two year,Bank transfer (automatic),DSL,No,0,0
C105691,2024-08,8,46.78,382.08,Month-to-month,Electronic check,DSL,No,0,0
C105692,2022-11,35,51.82,1781.82,Month-to-month,Credit card (automatic),DSL,No,0,1
C105693,2024-05,9,20.06,176.16,Month-to-month,Credit card (automatic),No,No,1,1
C105694,2023-09,23,76.8,1726.81,Month-to-month,Electronic check,Fiber optic,Yes,0,0
C105695,2026-05,5,59.36,293.21,Two year,Credit card (automatic),Fiber optic,Yes,1,0
C105696,2025-04,16,69.87,1062.44,One year,Bank transfer (automatic),Fiber optic,No,0,0
C105697,2025-02,3,79.37,247.73,Month-to-month,Bank transfer (automatic),Fiber optic,No,0,1
C105698,2023-05,20,73.55,1427.74,Month-to-month,Mailed check,Fiber optic,No,0,1
C105699,2025-05,5,28.45,147.32,One year,Electronic check,No,No,0,0
C105700,2024-06,6,74.66,428.07,One year,Bank transfer (automatic),Fiber optic,No,0,0
C105701,2024-06,11,30.68,330.03,Two year,Mailed check,No,No,0,0
C105702,2024-02,13,61.23,799.44,Month-to-month,Credit card (automatic),DSL,No,1,0
C105703,2023-12,22,75.38,1599.4,One year,Electronic check,Fiber optic,No,0,0
C105704,2023-09,21,77.15,1699.09,Month-to-month,Mailed check,Fiber optic,Yes,0,1
C105705,2024-10,17,38.83,664.17,Two year,Bank transfer (automatic),DSL,Yes,0,0
C105706,2022-07,29,56.45,1687.3,Month-to-month,Bank transfer (automatic),DSL,No,0,1
C105707,2025-02,20,62.75,1227.1,One year,Mailed check,DSL,Yes,0,0
C105708,2025-01,21,58.88,1198.16,Month-to-month,Bank transfer (automatic),DSL,Yes,0,0
C105709,2025-09,6,34.62,214.94,One year,Bank transfer (automatic),No,No,0,0
C105710,2023-11,30,50.95,1485.82,Month-to-month,Bank transfer (automatic),DSL,No,0,0
C105711,2023-03,28,68.59,1898.07,Two year,Electronic check,Fiber optic,No,0,0
C105712,2023-11,18,58.39,1076.3,Month-to-month,Bank transfer (automatic),DSL,Yes,0,0
C105713,2024-07,27,71.66,1883.26,Two year,Mailed check,Fiber optic,No,0,0
C105714,2025-02,15,59.74,909.98,Month-to-month,Bank transfer (automatic),DSL,No,0,1
C105715,2021-05,43,43.79,1968.84,Two year,Bank transfer (automatic),DSL,Yes,0,0
C105716,2024-03,16,64.24,1031.76,Two year,Mailed check,Fiber optic,Yes,0,0
C105717,2024-11,14,47.24,646.17,Month-to-month,Electronic check,DSL,No,1,0
C105718,2024-05,20,76.55,1598.37,Month-to-month,Electronic check,Fiber optic,No,0,0
C105719,2022-08,49,70.88,3617.75,One year,Electronic check,Fiber optic,Yes,0,0
C105720,2025-02,10,28.83,291.89,Month-to-month,Bank transfer (automatic),No,Yes,0,0
C105721,2023-06,19,67.92,1322.88,One year,Bank transfer (automatic),Fiber optic,Yes,0,0
C105722,2024-11,10,69.94,717.02,Month-to-month,Credit card (automatic),Fiber optic,Yes,0,0
C105723,2025-04,14,75.01,1044.38,Month-to-month,Bank transfer (automatic),Fiber optic,No,0,1
C105724,2024-04,7,81.64,558.06,Month-to-month,Bank transfer (automatic),Fiber optic,Yes,0,0
C105725,2024-12,21,84.4,1695.59,Month-to-month,Bank transfer (automatic),Fiber optic,Yes,0,0
C105726,2025-07,15,84.43,1209.14,Month-to-month,Mailed check,Fiber optic,No,0,0
C105727,2024-06,27,69.19,1784.65,One year,Bank transfer (automatic),Fiber optic,Yes,0,1
C105728,2023-12,32,67.9,2116.11,Month-to-month,Mailed check,Fiber optic,No,0,0
C105729,2022-11,35,74.3,2499.76,Two year,Mailed check,Fiber optic,No,1,0
C105730,2024-04,11,60.45,634.87,One year,Credit card (automatic),DSL,No,0,1
C105731,2024-08,20,77.51,1563.11,Month-to-month,Bank transfer (automatic),Fiber optic,Yes,0,0
C105732,2022-05,37,68.86,2507.02,Two year,Electronic check,Fiber optic,Yes,0,0
C105733,2024-07,7,71.24,523.58,Month-to-month,Mailed check,Fiber optic,No,0,1
C105734,2024-03,17,56.43,975.39,One year,Credit card (automatic),DSL,No,0,0
C105735,2025-01,8,78.45,655.15,Month-to-month,Electronic check,Fiber optic,Yes,1,1
C105736,2022-09,48,29.3,1345.19,Two year,Credit card (automatic),No,No,0,0
C105737,2023-03,37,48.36,1746.71,Month-to-month,Credit card (automatic),DSL,Yes,0,1
C105738,2023-02,23,66.04,1561.64,One year,Bank transfer (automatic),Fiber optic,Yes,0,0
C105739,2023-09,23,54.44,1266.93,Month-to-month,Electronic check,DSL,No,1,1
C105740,2025-04,8,81.25,641.04,Month-to-month,Electronic check,Fiber optic,Yes,1,0
C105741,2021-08,40,56.06,2318.81,Two year,Electronic check,DSL,Yes,0,0
C105742,2024-07,12,72.61,871.36,Month-to-month,Mailed check,Fiber optic,No,1,1
C105743,2024-05,9,44.04,412.87,Month-to-month,Bank transfer (automatic),DSL,No,0,1
C105744,2023-10,33,58.61,1943.28,Two year,Credit card (automatic),DSL,No,0,0
C105745,2025-08,11,62.45,692.98,Month-to-month,Electronic check,DSL,No,0,1
C105746,2024-04,9,55.74,492.11,Month-to-month,Mailed check,DSL,No,0,0
C105747,2022-10,28,27.42,735.51,Month-to-month,Mailed check,No,No,0,0
C105748,2025-09,6,48.76,278.32,Two year,Mailed check,DSL,No,0,0
C105749,2024-03,23,58.39,1314.59,One year,Mailed check,DSL,No,0,0
C105750,2024-12,17,32.02,563.4,One year,Credit card (automatic),No,No,1,0
C105751,2023-11,26,66.43,1699.19,Two year,Mailed check,Fiber optic,No,0,0
C105752,2025-01,21,85.21,1849.12,One year,Electronic check,Fiber optic,Yes,1,0
C105753,2020-01,69,41.42,2998.31,Two year,Bank transfer (automatic),DSL,No,0,0
C105754,2023-10,18,25.19,450.3,One year,Electronic check,No,No,0,0
C105755,2024-05,11,68.52,748.86,One year,Credit card (automatic),Fiber optic,No,0,0
C105756,2024-07,15,53.44,829.77,One year,Credit card (automatic),DSL,Yes,0,0
C105757,2024-03,21,81.79,1727.93,Month-to-month,Electronic check,Fiber optic,No,0,1
C105758,2022-09,46,79.97,3800.79,Month-to-month,Bank transfer (automatic),Fiber optic,No,0,0
C105759,2023-07,24,75.76,1855.01,Month-to-month,Bank transfer (automatic),Fiber optic,No,1,1
C105760,2025-04,8,67.04,529.59,Month-to-month,Mailed check,Fiber optic,Yes,1,0
C105761,2020-06,72,74.73,5458.87,Two year,Mailed check,Fiber optic,Yes,0,0
C105762,2023-04,31,62.19,1836.89,Two year,Credit card (automatic),Fiber optic,Yes,0,0
C105763,2025-07,8,50.39,403.17,One year,Electronic check,DSL,Yes,0,0
C105764,2026-02,6,74.55,428.94,Month-to-month,Mailed check,Fiber optic,Yes,0,0
C105765,2024-07,5,45.76,229.98,Two year,Electronic check,DSL,No,0,0
C105766,2023-11,15,67.04,1036.99,One year,Electronic check,Fiber optic,Yes,0,0
C105767,2024-09,15,60.32,874.05,Month-to-month,Credit card (automatic),DSL,Yes,1,1
C105768,2024-04,9,83.73,745.68,Month-to-month,Bank transfer (automatic),Fiber optic,No,0,1
C105769,2025-01,4,74.56,299.62,Month-to-month,Bank transfer (automatic),Fiber optic,Yes,0,0
C105770,2025-07,6,64.33,374.48,Month-to-month,Electronic check,Fiber optic,No,0,1
C105771,2024-08,25,76.68,1827.46,Month-to-month,Credit card (automatic),Fiber optic,Yes,1,0
C105772,2023-11,12,70.82,807.47,Month-to-month,Electronic check,Fiber optic,No,0,1
C105773,2026-03,7,32.16,219.61,Month-to-month,Mailed check,No,Yes,0,0
C105774,2023-07,17,31.77,529.66,Month-to-month,Electronic check,No,No,0,0
C105775,2025-02,19,18.0,340.79,Two year,Mailed check,No,No,0,0
C105776,2023-06,21,52.66,1144.39,Month-to-month,Bank transfer (automatic),DSL,No,0,0
C105777,2024-02,16,54.3,861.54,Two year,Electronic check,DSL,No,0,0
C105778,2024-02,14,74.44,998.75,Month-to-month,Mailed check,Fiber optic,No,0,0
C105779,2023-10,35,44.02,1513.97,Two year,Mailed check,DSL,Yes,0,0
C105780,2024-07,6,75.94,446.8,One year,Bank transfer (automatic),Fiber optic,Yes,0,0
C105781,2024-07,13,40.61,531.62,Two year,Mailed check,DSL,Yes,1,0
C105782,2024-11,3,76.4,232.61,Month-to-month,Credit card (automatic),Fiber optic,No,0,1
C105783,2025-04,12,51.77,590.21,Month-to-month,Electronic check,DSL,No,0,0
C105784,2024-05,18,32.6,589.14,Month-to-month,Electronic check,No,No,0,0
C105785,2024-03,28,73.63,2009.33,Month-to-month,Electronic check,Fiber optic,Yes,0,0
C105786,2025-03,3,55.72,171.53,One year,Electronic check,DSL,Yes,0,0
C105787,2024-01,17,83.17,1390.91,Month-to-month,Mailed check,Fiber optic,No,0,1
C105788,2022-05,51,79.17,4205.54,Month-to-month,Electronic check,Fiber optic,Yes,0,0
C105789,2023-11,22,31.66,689.37,Two year,Electronic check,No,Yes,0,0
C105790,2025-03,5,78.5,386.63,Month-to-month,Electronic check,Fiber optic,No,0,0
C105791,2024-01,12,64.7,748.02,Month-to-month,Mailed check,Fiber optic,Yes,0,0
C105792,2024-10,22,55.48,1180.87,Month-to-month,Bank transfer (automatic),DSL,No,0,0
C105793,2024-08,9,76.62,701.59,Month-to-month,Mailed check,Fiber optic,Yes,0,0
C105794,2024-01,19,58.32,1116.0,Month-to-month,Credit card (automatic),DSL,No,0,0
C105795,2024-09,18,28.29,511.78,One year,Electronic check,No,No,0,0
C105796,2025-03,15,73.29,1059.01,Two year,Mailed check,Fiber optic,No,0,0
C105797,2026-02,5,23.05,110.71,One year,Electronic check,No,No,0,0
C105798,2025-11,9,86.96,777.8,Month-to-month,Credit card (automatic),Fiber optic,Yes,0,0
C105799,2020-12,55,56.15,3228.25,One year,Electronic check,DSL,Yes,1,0
C105800,2024-06,11,47.28,515.94,One year,Credit card (automatic),DSL,Yes,0,0
C105801,2025-02,12,63.13,788.15,Month-to-month,Bank transfer (automatic),DSL,No,0,0
C105802,2023-12,12,48.3,606.7,Month-to-month,Bank transfer (automatic),DSL,Yes,0,0
C105803,2024-04,27,52.86,1371.71,One year,Mailed check,DSL,No,0,0
C105804,2025-06,13,28.29,383.38,Two year,Mailed check,No,Yes,0,0
C105805,2024-06,15,72.54,1112.2,Month-to-month,Electronic check,Fiber optic,No,1,1
C105806,2023-12,17,74.27,1211.47,Month-to-month,Credit card (automatic),Fiber optic,Yes,0,0
C105807,2023-02,29,69.38,2057.85,Two year,Bank transfer (automatic),Fiber optic,No,0,0
C105808,2023-08,15,44.16,661.95,Two year,Electronic check,DSL,No,0,0
C105809,2024-12,16,73.64,1135.79,One year,Electronic check,Fiber optic,Yes,0,0
C105810,2025-04,10,55.02,535.79,Month-to-month,Electronic check,DSL,No,0,0
C105811,2023-10,19,39.26,761.48,Two year,Bank transfer (automatic),No,No,0,0
C105812,2024-05,23,80.9,1827.05,One year,Mailed check,Fiber optic,Yes,0,0
C105813,2024-09,24,46.2,1158.91,Two year,Bank transfer (automatic),DSL,No,0,0
C105814,2021-04,49,71.15,3597.99,One year,Electronic check,Fiber optic,Yes,1,0
C105815,2024-09,8,70.84,569.78,Month-to-month,Credit card (automatic),Fiber optic,No,1,1
C105816,2025-03,15,49.07,745.31,Two year,Electronic check,DSL,No,0,0
C105817,2025-07,13,57.96,785.05,One year,Electronic check,DSL,No,0,0
C105818,2023-01,43,52.18,2203.48,One year,Credit card (automatic),DSL,No,0,0
C105819,2023-05,25,25.81,665.19,One year,Bank transfer (automatic),No,No,0,0
C105820,2026-05,4,32.43,129.06,One year,Mailed check,No,No,0,0
C105821,2025-03,9,63.38,591.6,Month-to-month,Credit card (automatic),Fiber optic,No,0,1
C105822,2025-10,12,50.48,579.42,One year,Electronic check,DSL,No,0,0
C105823,2026-03,4,63.22,258.39,Month-to-month,Electronic check,DSL,No,0,1
C105824,2023-09,16,80.51,1327.9,One year,Electronic check,Fiber optic,No,0,0
C105825,2025-12,10,58.43,590.92,Two year,Electronic check,DSL,Yes,1,0
C105826,2020-10,51,61.61,3077.23,Two year,Bank transfer (automatic),Fiber optic,Yes,0,0
C105827,2023-07,19,43.17,791.36,Two year,Mailed check,DSL,Yes,0,0
C105828,2024-08,11,52.04,586.13,Month-to-month,Mailed check,DSL,No,0,1
C105829,2024-06,7,75.08,506.02,Month-to-month,Bank transfer (automatic),Fiber optic,Yes,0,0
C105830,2024-01,14,48.4,700.93,One year,Electronic check,DSL,Yes,0,0
C105831,2022-09,41,61.92,2539.01,One year,Electronic check,Fiber optic,No,0,0
C105832,2024-11,13,77.57,996.52,One year,Mailed check,Fiber optic,No,0,0
C105833,2024-04,15,76.57,1118.31,One year,Bank transfer (automatic),Fiber optic,No,0,0
C105834,2022-07,32,25.26,769.23,One year,Mailed check,No,No,0,0
C105835,2023-07,19,79.27,1567.17,Month-to-month,Credit card (automatic),Fiber optic,No,0,1
C105836,2024-01,27,80.66,2200.55,Month-to-month,Credit card (automatic),Fiber optic,No,0,0
C105837,2024-12,20,60.72,1238.8,Month-to-month,Bank transfer (automatic),Fiber optic,Yes,0,0
C105838,2024-03,19,33.86,673.81,Month-to-month,Bank transfer (automatic),No,No,0,0
C105839,2025-07,3,74.63,217.59,Month-to-month,Bank transfer (automatic),Fiber optic,No,0,1
C105840,2024-07,6,59.92,343.8,Month-to-month,Credit card (automatic),Fiber optic,Yes,0,1
C105841,2024-07,17,56.71,962.6,Two year,Bank transfer (automatic),DSL,No,0,0
C105842,2025-08,7,75.48,524.19,Month-to-month,Mailed check,Fiber optic,Yes,0,1
C105843,2025-03,14,59.42,795.59,Two year,Electronic check,Fiber optic,Yes,0,0
C105844,2026-04,5,32.38,161.45,Month-to-month,Credit card (automatic),No,No,0,0
C105845,2023-08,32,70.09,2252.16,Two year,Mailed check,Fiber optic,Yes,0,0
C105846,2025-06,8,58.25,448.14,Month-to-month,Bank transfer (automatic),DSL,Yes,0,0
C105847,2024-05,7,57.4,409.65,Two year,Credit card (automatic),Fiber optic,No,0,0
C105848,2024-12,4,70.2,276.47,One year,Mailed check,Fiber optic,Yes,1,0
C105849,2023-06,24,22.92,553.62,One year,Electronic check,No,No,0,0
C105850,2025-08,14,74.02,1050.49,Month-to-month,Electronic check,Fiber optic,Yes,0,0
C105851,2023-01,31,42.61,1302.18,One year,Mailed check,DSL,No,1,0
C105852,2025-11,10,23.3,238.49,Month-to-month,Bank transfer (automatic),No,Yes,0,0
C105853,2025-01,6,38.04,231.78,One year,Electronic check,No,Yes,0,0
C105854,2024-11,14,34.57,462.57,Two year,Mailed check,No,No,0,1
C105855,2023-01,36,80.83,2803.42,Month-to-month,Mailed check,Fiber optic,Yes,0,0
C105856,2025-11,3,63.82,182.75,Month-to-month,Electronic check,DSL,Yes,1,0
C105857,2023-10,18,18.78,350.54,Month-to-month,Electronic check,No,Yes,1,0
C105858,2025-02,20,52.46,1033.38,One year,Electronic check,DSL,Yes,0,0
C105859,2022-01,40,52.06,2088.81,Two year,Credit card (automatic),DSL,No,1,0
C105860,2025-08,8,72.68,583.09,Month-to-month,Electronic check,Fiber optic,No,0,0
C105861,2025-09,3,60.83,182.0,One year,Electronic check,Fiber optic,Yes,1,0
C105862,2024-07,11,80.3,874.44,Month-to-month,Mailed check,Fiber optic,No,1,0
C105863,2024-05,26,72.71,1861.23,Two year,Bank transfer (automatic),Fiber optic,No,0,0
C105864,2025-04,15,49.08,718.47,One year,Bank transfer (automatic),DSL,Yes,0,0
C105865,2024-11,21,80.07,1637.16,Month-to-month,Mailed check,Fiber optic,No,0,1
C105866,2025-11,6,30.75,187.19,Month-to-month,Bank transfer (automatic),No,No,0,0
C105867,2024-03,12,33.8,413.82,Month-to-month,Bank transfer (automatic),No,Yes,0,0
C105868,2025-03,16,47.31,737.55,One year,Credit card (automatic),DSL,Yes,1,0
C105869,2025-02,4,54.23,209.04,One year,Bank transfer (automatic),DSL,Yes,0,0
C105870,2024-06,16,56.5,928.58,Month-to-month,Bank transfer (automatic),DSL,No,0,0
C105871,2025-01,11,73.61,775.2,Month-to-month,Electronic check,Fiber optic,No,0,0
C105872,2019-03,72,55.96,4049.93,One year,Mailed check,Fiber optic,Yes,0,0
C105873,2025-04,15,76.03,1138.82,Month-to-month,Credit card (automatic),Fiber optic,Yes,0,0
C105874,2023-04,41,54.24,2267.51,One year,Electronic check,DSL,Yes,0,0
C105875,2023-07,21,66.33,1434.19,One year,Electronic check,Fiber optic,No,1,0
C105876,2025-06,13,78.43,1062.62,Month-to-month,Bank transfer (automatic),Fiber optic,No,0,1
C105877,2023-01,37,70.47,2548.41,Two year,Credit card (automatic),Fiber optic,Yes,0,0
C105878,2025-01,5,57.46,274.04,Month-to-month,Electronic check,DSL,Yes,1,0
C105879,2024-06,10,72.74,732.44,Month-to-month,Credit card (automatic),Fiber optic,Yes,0,0
C105880,2023-02,28,19.75,546.53,Month-to-month,Electronic check,No,No,0,0
C105881,2025-04,2,64.88,129.03,Month-to-month,Credit card (automatic),Fiber optic,No,0,1
C105882,2024-11,14,76.12,1101.99,One year,Credit card (automatic),Fiber optic,Yes,0,0
C105883,2023-10,14,46.24,638.36,One year,Bank transfer (automatic),DSL,No,0,0
C105884,2024-11,18,45.81,827.82,Two year,Credit card (automatic),DSL,No,1,0
C105885,2025-09,12,60.04,694.23,Month-to-month,Credit card (automatic),DSL,Yes,0,1
C105886,2022-11,27,39.98,1111.05,One year,Credit card (automatic),DSL,Yes,0,0
C105887,2024-11,8,45.36,362.51,Month-to-month,Mailed check,DSL,No,1,0
C105888,2023-05,29,79.73,2271.95,Month-to-month,Mailed check,Fiber optic,Yes,0,0
C105889,2024-09,6,72.51,432.33,One year,Electronic check,Fiber optic,Yes,0,0
C105890,2023-10,19,18.04,333.84,Month-to-month,Electronic check,No,Yes,0,0
C105891,2023-06,34,66.36,2270.33,Two year,Bank transfer (automatic),Fiber optic,No,0,0
C105892,2026-03,7,56.06,381.65,Month-to-month,Electronic check,DSL,Yes,0,0
C105893,2024-08,9,48.39,429.35,Month-to-month,Credit card (automatic),DSL,Yes,1,1
C105894,2022-11,30,44.12,1268.89,One year,Electronic check,DSL,No,0,0
C105895,2024-10,17,64.87,1080.76,Month-to-month,Electronic check,Fiber optic,No,0,1
C105896,2025-11,3,80.08,237.4,Month-to-month,Electronic check,Fiber optic,Yes,0,0
C105897,2024-02,17,75.26,1315.01,Two year,Electronic check,Fiber optic,Yes,0,1
C105898,2024-09,24,33.33,811.8,One year,Electronic check,No,No,0,0
C105899,2022-11,31,62.39,1860.22,Month-to-month,Bank transfer (automatic),DSL,Yes,0,1
C105900,2024-11,19,82.68,1586.94,Month-to-month,Electronic check,Fiber optic,No,0,1
C105901,2023-03,22,43.7,955.88,One year,Credit card (automatic),DSL,Yes,0,0
C105902,2022-11,44,56.61,2469.84,Two year,Mailed check,DSL,No,0,0
C105903,2022-08,28,72.67,1954.2,One year,Bank transfer (automatic),Fiber optic,Yes,0,0
C105904,2024-12,12,86.4,1045.57,Month-to-month,Bank transfer (automatic),Fiber optic,Yes,1,0
C105905,2023-10,13,47.92,602.69,Two year,Electronic check,No,Yes,0,0
C105906,2022-07,33,49.43,1595.17,Two year,Electronic check,DSL,Yes,0,0
C105907,2023-12,18,70.17,1303.42,One year,Credit card (automatic),Fiber optic,No,0,0
C105908,2025-02,16,27.7,423.58,Month-to-month,Bank transfer (automatic),No,No,0,0
C105909,2024-09,12,75.43,930.47,Month-to-month,Electronic check,Fiber optic,No,0,0
C105910,2023-10,32,76.39,2417.51,Month-to-month,Bank transfer (automatic),Fiber optic,No,0,0
C105911,2024-10,8,87.83,687.5,One year,Electronic check,Fiber optic,Yes,1,0
C105912,2025-04,10,53.66,536.84,One year,Electronic check,DSL,No,0,0
C105913,2022-09,32,66.42,2075.64,Two year,Electronic check,Fiber optic,Yes,0,0
C105914,2023-07,32,55.08,1823.03,Month-to-month,Bank transfer (automatic),DSL,No,1,0
C105915,2020-01,62,64.05,3790.33,Two year,Mailed check,Fiber optic,No,0,0
C105916,2024-09,14,40.53,577.11,Two year,Mailed check,DSL,Yes,0,0
C105917,2025-04,12,74.11,916.51,Month-to-month,Electronic check,Fiber optic,No,0,1
C105918,2023-10,13,89.0,1123.98,Month-to-month,Electronic check,Fiber optic,No,0,1
C105919,2025-01,4,60.33,247.86,Month-to-month,Electronic check,DSL,Yes,0,0
C105920,2026-03,2,72.12,143.53,Month-to-month,Mailed check,Fiber optic,No,1,1
C105921,2024-11,19,57.11,1138.15,Month-to-month,Credit card (automatic),DSL,Yes,0,0
C105922,2024-04,11,90.09,978.78,Month-to-month,Bank transfer (automatic),Fiber optic,Yes,0,0
C105923,2025-12,8,31.19,245.08,Month-to-month,Electronic check,No,Yes,0,0
C105924,2025-04,16,45.26,752.62,Two year,Electronic check,DSL,Yes,0,0
C105925,2023-08,19,51.01,984.66,Two year,Electronic check,DSL,Yes,0,0
C105926,2025-05,14,31.45,452.27,Two year,Credit card (automatic),No,No,0,0
C105927,2024-07,14,30.1,417.85,Two year,Mailed check,No,Yes,0,0
C105928,2024-02,11,83.72,920.21,Month-to-month,Credit card (automatic),Fiber optic,No,0,0
C105929,2023-10,25,69.6,1823.92,Two year,Mailed check,Fiber optic,Yes,1,0
C105930,2024-01,10,40.94,411.05,Month-to-month,Bank transfer (automatic),DSL,Yes,1,0
C105931,2025-06,7,31.63,226.87,One year,Bank transfer (automatic),No,No,0,0
C105932,2024-06,11,74.42,857.87,One year,Bank transfer (automatic),Fiber optic,No,0,1
C105933,2024-10,18,74.03,1362.73,One year,Mailed check,Fiber optic,No,0,0
C105934,2023-12,26,69.91,1856.68,Month-to-month,Electronic check,Fiber optic,No,1,1
C105935,2021-06,50,83.96,4036.64,One year,Mailed check,Fiber optic,No,0,0
C105936,2024-10,16,48.48,753.32,Month-to-month,Credit card (automatic),DSL,Yes,0,0
C105937,2023-02,42,24.11,1041.17,Month-to-month,Electronic check,No,Yes,1,0
C105938,2025-05,9,73.63,694.66,Month-to-month,Bank transfer (automatic),Fiber optic,Yes,0,1
C105939,2024-10,8,62.96,500.34,Month-to-month,Credit card (automatic),DSL,Yes,0,0
C105940,2024-02,21,63.22,1362.34,Month-to-month,Bank transfer (automatic),DSL,Yes,1,0
C105941,2023-12,23,72.84,1593.41,Two year,Mailed check,Fiber optic,No,0,0
C105942,2025-01,17,77.36,1265.69,One year,Electronic check,Fiber optic,Yes,0,0
C105943,2019-07,72,42.78,2950.39,Two year,Bank transfer (automatic),DSL,No,1,0
C105944,2025-01,10,64.8,622.47,Month-to-month,Credit card (automatic),Fiber optic,Yes,1,0
C105945,2023-10,36,72.77,2503.85,Month-to-month,Credit card (automatic),Fiber optic,No,0,0
C105946,2024-11,8,80.31,611.95,Month-to-month,Electronic check,Fiber optic,No,0,0
C105947,2024-02,24,33.07,807.22,Two year,Credit card (automatic),No,No,0,0
C105948,2025-04,16,49.79,791.85,Month-to-month,Mailed check,DSL,No,1,0
C105949,2024-07,18,22.94,414.66,One year,Bank transfer (automatic),No,No,1,0
C105950,2024-01,21,62.01,1281.47,Month-to-month,Electronic check,DSL,Yes,0,0
C105951,2024-05,16,56.14,889.35,Month-to-month,Electronic check,DSL,No,0,1
C105952,2024-07,14,42.57,575.7,Month-to-month,Bank transfer (automatic),DSL,No,0,0
C105953,2024-10,3,23.26,70.77,Month-to-month,Mailed check,No,No,0,0
C105954,2023-06,29,57.91,1617.82,Month-to-month,Credit card (automatic),DSL,Yes,0,0
C105955,2024-12,5,45.68,237.11,One year,Electronic check,DSL,No,0,0
C105956,2024-07,11,49.09,528.24,Month-to-month,Credit card (automatic),DSL,No,0,0
C105957,2023-08,19,69.31,1285.42,Month-to-month,Mailed check,Fiber optic,No,0,0
C105958,2024-07,6,80.25,466.91,Month-to-month,Electronic check,Fiber optic,Yes,0,0
C105959,2024-02,14,50.54,679.78,Two year,Electronic check,DSL,Yes,0,0
C105960,2022-08,27,82.06,2160.43,One year,Bank transfer (automatic),Fiber optic,Yes,0,0
C105961,2025-07,11,27.43,316.75,Month-to-month,Credit card (automatic),No,No,1,0
C105962,2024-03,14,27.53,367.08,One year,Electronic check,No,No,0,0
C105963,2025-03,7,30.81,215.52,One year,Mailed check,No,Yes,0,0
C105964,2025-03,12,51.25,606.05,Month-to-month,Mailed check,DSL,No,0,0
C105965,2024-12,5,43.21,222.06,One year,Bank transfer (automatic),DSL,Yes,0,0
C105966,2023-05,18,48.48,882.7,Two year,Bank transfer (automatic),DSL,No,0,0
C105967,2025-06,4,25.51,97.24,Month-to-month,Credit card (automatic),No,No,0,1
C105968,2024-07,9,74.24,640.12,Month-to-month,Electronic check,Fiber optic,No,0,0
C105969,2023-08,16,68.41,1111.86,One year,Electronic check,Fiber optic,No,0,0
C105970,2025-09,13,77.7,1029.3,Month-to-month,Electronic check,Fiber optic,No,0,0
C105971,2024-02,20,72.89,1477.85,Month-to-month,Credit card (automatic),Fiber optic,Yes,0,0
C105972,2023-09,14,65.3,928.39,Month-to-month,Mailed check,Fiber optic,Yes,1,0
C105973,2025-06,3,71.26,220.95,Month-to-month,Electronic check,Fiber optic,No,0,0
C105974,2026-01,6,67.79,401.97,Month-to-month,Bank transfer (automatic),Fiber optic,No,0,1
C105975,2025-05,15,64.33,947.44,One year,Bank transfer (automatic),DSL,Yes,1,0
C105976,2023-07,32,53.08,1753.04,One year,Mailed check,DSL,No,0,0
C105977,2024-05,28,56.8,1563.92,One year,Electronic check,DSL,No,0,0
C105978,2020-07,72,28.22,2125.07,One year,Bank transfer (automatic),No,Yes,1,0
C105979,2025-11,10,41.0,419.04,Month-to-month,Bank transfer (automatic),No,Yes,0,0
C105980,2023-11,26,61.43,1629.46,Two year,Electronic check,Fiber optic,No,0,0
C105981,2024-06,25,25.25,656.96,Month-to-month,Electronic check,No,No,0,1
C105982,2022-12,43,57.28,2528.71,Two year,Electronic check,DSL,No,0,0
C105983,2022-07,35,47.49,1586.17,Two year,Bank transfer (automatic),DSL,No,1,0
C105984,2025-01,19,48.31,914.04,One year,Electronic check,DSL,Yes,0,0
C105985,2024-07,23,51.63,1172.99,Month-to-month,Electronic check,DSL,Yes,1,0
C105986,2024-03,20,86.59,1718.87,Month-to-month,Mailed check,Fiber optic,Yes,1,0
C105987,2025-05,15,65.07,954.73,One year,Credit card (automatic),DSL,Yes,0,0
C105988,2024-12,22,31.26,668.56,One year,Mailed check,No,No,1,0
C105989,2024-03,17,70.18,1198.18,Two year,Mailed check,Fiber optic,Yes,0,0
C105990,2023-11,17,57.5,1001.25,One year,Mailed check,DSL,No,0,0
C105991,2021-06,44,32.35,1378.44,Month-to-month,Bank transfer (automatic),No,No,0,0
C105992,2025-03,19,28.65,532.16,Two year,Credit card (automatic),No,No,0,0
C105993,2025-06,16,69.3,1127.07,One year,Credit card (automatic),Fiber optic,Yes,0,0
C105994,2025-08,13,46.91,620.09,Two year,Mailed check,DSL,Yes,0,0
C105995,2024-09,13,71.98,897.01,Two year,Mailed check,Fiber optic,Yes,1,0
C105996,2024-10,6,75.83,435.76,Month-to-month,Electronic check,Fiber optic,No,0,1
C105997,2025-03,15,80.81,1211.83,One year,Bank transfer (automatic),Fiber optic,No,0,0
C105998,2022-04,33,51.25,1748.19,One year,Bank transfer (automatic),DSL,No,0,0
C105999,2024-03,10,24.45,237.7,Month-to-month,Mailed check,No,Yes,0,0
C106000,2024-12,2,46.23,97.07,Month-to-month,Mailed check,DSL,No,0,1
C106001,2024-03,21,25.39,559.8,Month-to-month,Electronic check,No,Yes,0,0
C106002,2024-09,18,46.37,843.26,Month-to-month,Bank transfer (automatic),DSL,No,0,0
C106003,2021-12,43,34.49,1551.38,Two year,Electronic check,No,Yes,0,0
C106004,2024-03,9,52.45,466.99,Month-to-month,Electronic check,DSL,Yes,0,0
C106005,2025-07,5,67.39,337.01,One year,Electronic check,Fiber optic,Yes,0,0
C106006,2024-10,13,31.68,420.21,One year,Electronic check,No,No,0,0
C106007,2024-04,11,64.49,678.93,One year,Electronic check,DSL,Yes,0,0
C106008,2024-09,4,52.44,215.4,Month-to-month,Bank transfer (automatic),DSL,Yes,0,0
C106009,2024-07,16,20.8,347.33,Two year,Bank transfer (automatic),No,No,1,0
C106010,2023-12,11,27.63,306.06,Month-to-month,Mailed check,No,Yes,0,0
C106011,2021-10,38,57.85,2136.54,Two year,Mailed check,Fiber optic,Yes,0,0
C106012,2024-03,17,78.09,1278.44,Month-to-month,Credit card (automatic),Fiber optic,Yes,0,0
C106013,2025-06,8,56.26,437.38,One year,Credit card (automatic),DSL,Yes,0,0
C106014,2023-10,15,69.36,1009.33,One year,Bank transfer (automatic),Fiber optic,No,0,1
C106015,2023-11,18,68.28,1273.31,Month-to-month,Bank transfer (automatic),Fiber optic,Yes,0,0
C106016,2024-03,23,67.2,1489.49,One year,Bank transfer (automatic),DSL,Yes,0,0
C106017,2025-04,16,45.42,760.88,One year,Bank transfer (automatic),DSL,No,1,0
C106018,2021-01,55,24.3,1373.76,One year,Electronic check,No,No,0,0
C106019,2026-01,6,75.2,461.69,Month-to-month,Mailed check,Fiber optic,No,0,1
C106020,2025-04,11,80.16,892.11,Month-to-month,Electronic check,Fiber optic,No,0,0
C106021,2025-02,8,26.7,203.88,Two year,Credit card (automatic),No,Yes,0,0
C106022,2024-02,12,75.21,922.26,Month-to-month,Bank transfer (automatic),Fiber optic,No,0,0
C106023,2024-09,19,58.67,1101.64,Month-to-month,Credit card (automatic),DSL,No,0,0
C106024,2023-09,18,46.83,811.21,Two year,Electronic check,No,Yes,1,0
C106025,2024-10,23,25.32,601.69,One year,Mailed check,No,Yes,0,0
C106026,2024-02,16,49.74,782.59,One year,Bank transfer (automatic),DSL,Yes,0,0
C106027,2024-12,17,52.15,895.63,One year,Credit card (automatic),DSL,Yes,0,0
C106028,2024-02,17,79.07,1298.01,Month-to-month,Credit card (automatic),Fiber optic,Yes,0,0
C106029,2025-05,11,70.15,742.94,Month-to-month,Electronic check,DSL,Yes,0,1
C106030,2025-01,10,52.14,518.61,One year,Credit card (automatic),DSL,No,0,0
C106031,2024-12,8,56.13,428.52,One year,Credit card (automatic),DSL,Yes,0,0
C106032,2024-10,23,56.05,1303.9,Two year,Credit card (automatic),Fiber optic,No,0,0
C106033,2026-05,2,55.39,106.11,Month-to-month,Bank transfer (automatic),DSL,Yes,0,0
C106034,2023-09,17,27.52,468.9,Two year,Credit card (automatic),No,No,0,0
C106035,2022-10,26,81.11,2079.45,Month-to-month,Electronic check,Fiber optic,No,1,0
C106036,2023-03,31,68.9,2098.23,One year,Electronic check,Fiber optic,Yes,0,0
C106037,2026-02,2,22.67,46.56,Month-to-month,Electronic check,No,Yes,0,0
C106038,2025-05,11,73.38,805.1,One year,Mailed check,Fiber optic,Yes,0,0
C106039,2024-03,8,59.65,462.58,Two year,Credit card (automatic),Fiber optic,Yes,0,0
C106040,2024-05,11,25.18,273.86,Month-to-month,Bank transfer (automatic),No,Yes,0,0
C106041,2022-12,36,27.93,994.03,Two year,Mailed check,No,No,0,0
C106042,2025-03,9,60.62,547.16,Month-to-month,Bank transfer (automatic),Fiber optic,No,0,0
C106043,2023-03,26,73.47,1938.22,Month-to-month,Bank transfer (automatic),Fiber optic,Yes,0,0
C106044,2024-07,17,84.48,1408.34,Month-to-month,Mailed check,Fiber optic,No,0,0
C106045,2024-08,10,65.33,641.16,Month-to-month,Bank transfer (automatic),Fiber optic,No,0,0
C106046,2024-07,9,70.9,656.88,Month-to-month,Mailed check,Fiber optic,Yes,1,1
C106047,2024-10,18,33.53,584.25,Month-to-month,Bank transfer (automatic),No,No,0,0
C106048,2024-02,14,73.89,1050.42,Two year,Credit card (automatic),Fiber optic,Yes,1,0
C106049,2025-09,3,55.35,174.16,Month-to-month,Mailed check,DSL,No,0,0
C106050,2024-04,7,70.88,510.16,One year,Mailed check,Fiber optic,No,0,0
C106051,2024-10,19,81.92,1520.21,One year,Bank transfer (automatic),Fiber optic,Yes,0,0
C106052,2025-08,5,76.28,363.61,Month-to-month,Credit card (automatic),Fiber optic,Yes,1,0
C106053,2022-08,29,62.65,1778.5,Two year,Mailed check,Fiber optic,No,0,0
C106054,2025-05,4,30.72,116.78,Month-to-month,Credit card (automatic),No,Yes,1,0
C106055,2024-01,12,54.19,655.84,Month-to-month,Bank transfer (automatic),DSL,No,0,0
C106056,2024-08,24,26.17,625.49,One year,Electronic check,No,No,0,0
C106057,2025-08,6,58.91,357.03,Two year,Mailed check,Fiber optic,Yes,0,0
C106058,2024-07,5,54.96,282.8,Month-to-month,Electronic check,DSL,Yes,0,0
C106059,2024-04,21,54.1,1105.61,Two year,Electronic check,DSL,No,0,0
C106060,2023-12,27,32.1,855.63,Two year,Electronic check,No,No,1,0
C106061,2025-02,13,28.87,373.85,One year,Bank transfer (automatic),No,No,0,0
C106062,2024-02,11,55.21,623.65,Month-to-month,Bank transfer (automatic),DSL,Yes,0,1
C106063,2025-11,4,71.64,285.28,Month-to-month,Mailed check,Fiber optic,No,1,1
C106064,2025-04,16,58.61,910.67,One year,Mailed check,DSL,Yes,0,0
C106065,2026-05,3,67.87,211.67,Month-to-month,Mailed check,Fiber optic,Yes,0,0
C106066,2021-11,36,51.87,1785.66,Month-to-month,Credit card (automatic),DSL,Yes,0,0
C106067,2024-05,14,70.16,995.93,Month-to-month,Credit card (automatic),Fiber optic,No,1,1
C106068,2024-05,7,68.33,469.01,Two year,Bank transfer (automatic),Fiber optic,No,0,0
C106069,2024-07,9,82.88,745.01,Month-to-month,Electronic check,Fiber optic,No,0,0
C106070,2024-06,17,45.67,812.63,One year,Credit card (automatic),DSL,No,0,0
C106071,2025-03,11,76.68,851.42,Month-to-month,Credit card (automatic),Fiber optic,Yes,0,0
C106072,2025-02,15,31.81,485.38,Month-to-month,Electronic check,No,No,1,1
C106073,2025-04,6,69.22,421.62,Month-to-month,Electronic check,Fiber optic,No,0,0
C106074,2024-01,32,26.44,864.58,Two year,Electronic check,No,No,1,1
C106075,2026-01,9,69.62,623.07,Month-to-month,Bank transfer (automatic),Fiber optic,No,0,0
C106076,2024-12,2,55.6,105.83,Month-to-month,Mailed check,DSL,Yes,0,0
C106077,2024-08,11,52.09,595.33,One year,Electronic check,DSL,Yes,0,0
C106078,2024-09,8,84.03,676.37,Month-to-month,Electronic check,Fiber optic,No,1,1
C106079,2023-09,30,64.41,2012.16,Two year,Mailed check,Fiber optic,Yes,1,0
C106080,2025-02,7,28.97,207.59,Month-to-month,Bank transfer (automatic),No,Yes,0,0
C106081,2025-09,10,50.56,518.4,One year,Mailed check,DSL,No,0,0
C106082,2024-05,17,58.74,1013.81,Two year,Electronic check,DSL,No,0,0
C106083,2024-11,23,24.65,593.12,Two year,Bank transfer (automatic),No,Yes,0,0
C106084,2022-08,38,24.65,964.27,Month-to-month,Credit card (automatic),No,Yes,0,0
C106085,2025-04,8,70.34,559.09,Month-to-month,Electronic check,Fiber optic,Yes,0,1
C106086,2023-03,35,64.25,2197.8,Two year,Mailed check,Fiber optic,Yes,0,0
C106087,2023-01,29,25.31,726.3,One year,Mailed check,No,Yes,0,0
C106088,2024-12,8,69.87,541.17,Month-to-month,Electronic check,Fiber optic,Yes,0,0
C106089,2025-10,7,75.09,511.87,Month-to-month,Credit card (automatic),Fiber optic,No,0,1
C106090,2025-02,20,22.21,429.21,Month-to-month,Credit card (automatic),No,Yes,0,0
C106091,2025-03,15,56.26,806.52,One year,Mailed check,DSL,Yes,0,0
C106092,2023-05,20,55.25,1093.19,Month-to-month,Electronic check,DSL,No,0,0
C106093,2024-08,12,39.73,489.12,Month-to-month,Electronic check,No,Yes,1,0
C106094,2024-02,16,77.8,1191.18,Month-to-month,Bank transfer (automatic),Fiber optic,No,1,0
C106095,2024-06,14,57.2,812.16,Month-to-month,Electronic check,DSL,Yes,0,0
C106096,2023-07,20,87.06,1824.74,Month-to-month,Mailed check,Fiber optic,Yes,0,0
C106097,2025-08,7,71.61,498.98,Two year,Electronic check,Fiber optic,Yes,0,0
C106098,2024-07,17,51.51,856.11,One year,Bank transfer (automatic),DSL,Yes,0,0
C106099,2022-01,37,63.78,2388.7,Two year,Credit card (automatic),Fiber optic,Yes,0,0
C106100,2023-08,36,59.32,2174.77,Two year,Electronic check,DSL,No,0,0
C106101,2024-02,18,46.75,824.1,One year,Bank transfer (automatic),DSL,No,0,0
C106102,2024-08,7,48.16,333.72,Month-to-month,Credit card (automatic),DSL,No,0,1
C106103,2021-02,49,62.19,3181.22,Two year,Electronic check,Fiber optic,No,0,0
C106104,2024-06,20,25.49,511.16,Month-to-month,Credit card (automatic),No,Yes,1,0
C106105,2021-02,46,69.26,3341.07,Two year,Bank transfer (automatic),Fiber optic,No,0,0
C106106,2024-08,20,28.43,569.1,Month-to-month,Mailed check,No,No,0,0
C106107,2025-05,1,53.75,51.94,Two year,Bank transfer (automatic),DSL,Yes,0,0
C106108,2022-05,49,62.46,3152.01,Two year,Electronic check,Fiber optic,No,0,0
C106109,2023-12,27,69.77,1951.38,Month-to-month,Electronic check,Fiber optic,No,0,0
C106110,2024-07,15,29.72,424.87,One year,Mailed check,No,No,0,0
C106111,2025-03,3,69.21,202.1,Month-to-month,Bank transfer (automatic),Fiber optic,No,0,1
C106112,2023-11,29,66.83,1928.44,Month-to-month,Credit card (automatic),Fiber optic,No,0,1
C106113,2024-04,20,41.42,863.22,Two year,Mailed check,DSL,No,1,0
C106114,2021-03,58,27.31,1644.87,Two year,Electronic check,No,No,0,0
C106115,2022-11,43,27.19,1187.14,Two year,Electronic check,No,No,1,0
C106116,2021-12,45,28.1,1297.83,One year,Credit card (automatic),No,Yes,0,0
C106117,2024-12,18,62.3,1081.55,Month-to-month,Electronic check,DSL,No,0,1
C106118,2024-05,17,56.81,972.29,Month-to-month,Credit card (automatic),DSL,No,0,1
C106119,2024-11,20,72.0,1480.67,One year,Electronic check,Fiber optic,Yes,0,0
C106120,2024-12,9,83.09,728.03,Month-to-month,Electronic check,Fiber optic,No,0,1
C106121,2024-07,16,80.85,1245.14,Month-to-month,Electronic check,Fiber optic,Yes,0,1
C106122,2023-10,13,50.62,664.63,Month-to-month,Mailed check,DSL,Yes,0,0
C106123,2022-10,34,80.01,2834.53,Month-to-month,Electronic check,Fiber optic,No,0,0
C106124,2022-05,39,63.44,2591.36,One year,Credit card (automatic),DSL,No,0,0
C106125,2022-11,24,85.66,2040.64,Month-to-month,Mailed check,Fiber optic,Yes,1,0
C106126,2025-07,8,60.86,485.29,Month-to-month,Electronic check,DSL,No,0,0
C106127,2021-03,51,31.13,1607.68,One year,Bank transfer (automatic),No,Yes,0,0
C106128,2023-11,29,56.74,1569.38,Month-to-month,Mailed check,DSL,No,0,0
C106129,2024-10,19,83.74,1597.82,Month-to-month,Bank transfer (automatic),Fiber optic,No,0,0
C106130,2024-10,23,44.77,1042.86,One year,Bank transfer (automatic),DSL,No,0,0
C106131,2024-09,5,60.41,290.72,One year,Credit card (automatic),DSL,Yes,0,0
C106132,2024-09,13,75.78,1017.56,Month-to-month,Bank transfer (automatic),Fiber optic,No,0,0
C106133,2021-11,36,49.46,1786.87,Month-to-month,Mailed check,DSL,No,0,0
C106134,2026-05,4,67.91,281.65,Month-to-month,Mailed check,Fiber optic,Yes,0,0
C106135,2025-09,4,44.77,180.06,Month-to-month,Mailed check,DSL,Yes,0,0
C106136,2022-06,29,78.39,2229.71,Month-to-month,Mailed check,Fiber optic,No,0,1
C106137,2023-03,22,40.33,876.14,One year,Electronic check,No,Yes,0,0
C106138,2024-12,4,72.0,301.11,Month-to-month,Electronic check,Fiber optic,No,0,1
C106139,2024-04,13,45.48,588.35,Two year,Credit card (automatic),DSL,Yes,0,0
C106140,2024-11,19,76.25,1449.97,Two year,Credit card (automatic),Fiber optic,No,0,0
C106141,2024-09,18,55.68,1028.15,Month-to-month,Electronic check,DSL,Yes,0,0
C106142,2023-10,20,82.53,1702.62,Month-to-month,Credit card (automatic),Fiber optic,Yes,0,0
C106143,2025-10,12,21.74,271.84,Two year,Bank transfer (automatic),No,Yes,1,0
C106144,2023-06,18,56.72,1040.64,One year,Electronic check,DSL,No,1,0
C106145,2023-06,24,61.49,1445.95,Two year,Credit card (automatic),DSL,No,0,0
C106146,2023-03,23,21.3,472.73,Two year,Credit card (automatic),No,No,0,0
C106147,2023-11,12,73.08,873.38,Month-to-month,Bank transfer (automatic),Fiber optic,No,0,1
C106148,2023-05,26,52.83,1317.86,Month-to-month,Bank transfer (automatic),DSL,Yes,1,0
C106149,2025-12,7,34.5,251.5,Month-to-month,Electronic check,No,Yes,0,0
C106150,2025-10,9,60.36,569.31,One year,Bank transfer (automatic),DSL,No,0,0
C106151,2022-08,29,70.91,2060.74,Month-to-month,Bank transfer (automatic),Fiber optic,Yes,1,0
C106152,2023-09,26,67.79,1681.24,One year,Bank transfer (automatic),DSL,Yes,0,0
C106153,2025-05,13,29.14,371.09,One year,Electronic check,No,No,0,0
C106154,2025-10,9,68.59,610.42,One year,Bank transfer (automatic),Fiber optic,No,0,0
C106155,2024-12,10,61.37,606.99,One year,Credit card (automatic),DSL,Yes,0,0
C106156,2023-09,24,30.84,755.19,Month-to-month,Credit card (automatic),No,Yes,0,0
C106157,2023-12,21,52.74,1160.86,Month-to-month,Electronic check,DSL,No,0,1
C106158,2025-04,9,26.75,229.3,Month-to-month,Mailed check,No,No,0,0
C106159,2024-04,25,81.61,2135.23,Two year,Electronic check,Fiber optic,Yes,0,0
C106160,2025-06,13,46.84,634.31,One year,Bank transfer (automatic),DSL,No,0,0
C106161,2026-03,7,81.75,592.63,Month-to-month,Electronic check,Fiber optic,No,0,1
C106162,2025-07,11,47.93,523.87,One year,Credit card (automatic),DSL,Yes,0,0
C106163,2025-01,17,71.26,1198.29,Month-to-month,Bank transfer (automatic),Fiber optic,Yes,0,0
C106164,2024-06,25,74.51,1858.93,Month-to-month,Mailed check,Fiber optic,No,0,0
C106165,2024-01,24,71.79,1749.42,Two year,Bank transfer (automatic),Fiber optic,Yes,0,0
C106166,2024-08,14,18.93,258.74,One year,Electronic check,No,Yes,0,0
C106167,2024-12,18,24.33,433.57,Two year,Electronic check,No,No,0,0
C106168,2024-08,13,81.17,1103.71,Month-to-month,Electronic check,Fiber optic,No,0,0
C106169,2024-09,9,81.15,699.2,Month-to-month,Bank transfer (automatic),Fiber optic,No,1,0
C106170,2024-10,15,53.26,775.13,Month-to-month,Credit card (automatic),DSL,No,1,0
C106171,2025-08,3,22.95,65.69,Month-to-month,Electronic check,No,No,0,1
C106172,2022-05,39,31.29,1231.68,Month-to-month,Bank transfer (automatic),No,No,0,0
C106173,2024-08,18,33.8,609.6,One year,Electronic check,No,No,0,0
C106174,2024-05,21,76.09,1528.45,Month-to-month,Mailed check,Fiber optic,No,0,0
C106175,2025-08,9,63.43,568.7,Month-to-month,Bank transfer (automatic),DSL,No,0,1
C106176,2024-01,18,53.38,931.57,Month-to-month,Credit card (automatic),DSL,No,0,0
C106177,2023-11,20,67.09,1361.4,Month-to-month,Credit card (automatic),Fiber optic,No,0,0
C106178,2024-08,13,49.23,659.72,One year,Bank transfer (automatic),DSL,No,0,0
C106179,2023-11,14,72.01,968.53,One year,Mailed check,Fiber optic,Yes,0,0
C106180,2026-01,5,70.78,362.92,Month-to-month,Electronic check,Fiber optic,Yes,0,0
C106181,2021-07,48,68.88,3286.71,One year,Electronic check,Fiber optic,No,0,0
C106182,2025-07,9,80.77,727.88,Month-to-month,Credit card (automatic),Fiber optic,Yes,0,1
C106183,2025-03,10,50.13,498.76,Month-to-month,Bank transfer (automatic),DSL,Yes,0,0
C106184,2022-11,41,61.0,2555.2,Two year,Electronic check,Fiber optic,Yes,1,0
C106185,2024-12,22,55.46,1246.01,Two year,Electronic check,DSL,Yes,0,0
C106186,2023-09,25,56.67,1429.08,One year,Electronic check,DSL,No,0,0
C106187,2024-11,5,62.78,305.31,Two year,Bank transfer (automatic),Fiber optic,No,0,0
C106188,2023-06,17,59.24,995.0,Month-to-month,Mailed check,DSL,No,1,1
C106189,2025-05,5,48.22,248.67,Month-to-month,Credit card (automatic),DSL,No,0,1
C106190,2024-09,8,50.66,397.7,Month-to-month,Mailed check,DSL,Yes,0,0
C106191,2022-05,52,43.97,2382.03,Two year,Credit card (automatic),DSL,No,0,0
C106192,2026-03,7,52.25,357.99,Month-to-month,Electronic check,DSL,No,0,0
C106193,2023-05,24,78.38,1890.6,Month-to-month,Electronic check,Fiber optic,No,0,0
C106194,2025-04,7,31.62,223.81,Month-to-month,Electronic check,No,No,0,0
C106195,2025-09,8,50.12,387.68,Month-to-month,Electronic check,DSL,Yes,0,0
C106196,2019-11,72,51.74,3722.49,Two year,Credit card (automatic),DSL,No,0,0
C106197,2025-01,14,57.29,782.9,Month-to-month,Credit card (automatic),DSL,No,1,0
C106198,2025-12,5,60.73,295.73,Month-to-month,Electronic check,DSL,Yes,0,0
C106199,2023-06,25,71.16,1776.81,Two year,Mailed check,Fiber optic,Yes,0,0
C106200,2022-09,34,79.43,2646.07,Month-to-month,Mailed check,Fiber optic,No,0,1
C106201,2024-04,26,75.39,1978.4,Month-to-month,Bank transfer (automatic),Fiber optic,Yes,0,0
C106202,2023-11,14,70.11,1002.05,Month-to-month,Electronic check,Fiber optic,No,0,1
C106203,2025-01,14,29.77,426.29,One year,Electronic check,No,No,0,0
C106204,2024-09,10,37.29,362.05,Month-to-month,Electronic check,No,Yes,0,0
C106205,2024-12,6,58.21,343.55,Two year,Credit card (automatic),DSL,No,0,0
C106206,2024-03,19,37.31,742.2,One year,Mailed check,DSL,No,0,0
C106207,2025-02,13,78.77,1066.58,Month-to-month,Bank transfer (automatic),Fiber optic,No,0,1
C106208,2024-07,5,72.03,375.29,Month-to-month,Credit card (automatic),Fiber optic,No,0,1
C106209,2025-05,15,77.4,1173.59,Month-to-month,Electronic check,Fiber optic,Yes,0,1
C106210,2025-05,9,66.8,604.76,Month-to-month,Electronic check,Fiber optic,No,0,1
C106211,2025-01,19,25.02,476.92,Two year,Electronic check,No,Yes,0,0
C106212,2024-03,17,65.38,1137.05,Month-to-month,Bank transfer (automatic),Fiber optic,Yes,0,0
C106213,2024-10,12,27.4,313.88,Month-to-month,Mailed check,No,Yes,0,0
C106214,2024-09,15,32.45,470.23,One year,Electronic check,No,No,0,0
C106215,2023-07,16,74.67,1167.33,One year,Electronic check,Fiber optic,No,0,0
C106216,2022-11,29,65.68,1932.13,One year,Bank transfer (automatic),DSL,Yes,0,0
C106217,2024-07,15,49.71,728.08,One year,Bank transfer (automatic),DSL,No,0,0
C106218,2024-05,11,69.73,739.45,Month-to-month,Electronic check,Fiber optic,No,0,0
C106219,2023-10,13,37.12,463.12,One year,Bank transfer (automatic),No,No,1,0
C106220,2021-09,46,18.5,884.71,One year,Electronic check,No,Yes,0,0
C106221,2024-05,8,56.16,457.17,Month-to-month,Electronic check,DSL,Yes,0,0
C106222,2024-09,13,58.02,748.31,Month-to-month,Electronic check,DSL,Yes,0,1
C106223,2023-12,13,18.0,224.6,One year,Bank transfer (automatic),No,No,0,0
C106224,2025-02,13,62.46,823.03,Two year,Bank transfer (automatic),Fiber optic,Yes,0,0
C106225,2025-06,6,66.81,405.69,Month-to-month,Mailed check,Fiber optic,Yes,0,1
C106226,2024-04,13,60.0,741.57,Month-to-month,Electronic check,DSL,Yes,0,0
C106227,2024-11,10,46.75,459.14,Two year,Mailed check,DSL,Yes,0,0
C106228,2024-07,19,53.44,1042.39,Month-to-month,Mailed check,DSL,Yes,0,0
C106229,2022-12,31,40.92,1314.76,Two year,Mailed check,DSL,No,0,0
C106230,2024-11,20,70.14,1368.25,Month-to-month,Mailed check,Fiber optic,Yes,0,1
C106231,2025-05,17,45.86,775.44,Two year,Mailed check,DSL,Yes,0,0
C106232,2023-12,21,73.69,1589.74,Month-to-month,Electronic check,Fiber optic,Yes,0,0
C106233,2025-03,18,73.16,1329.58,Month-to-month,Electronic check,Fiber optic,No,1,1
C106234,2025-07,15,59.42,878.22,Two year,Electronic check,DSL,No,0,0
C106235,2022-07,28,32.95,966.11,One year,Bank transfer (automatic),No,No,0,1
C106236,2025-01,12,44.34,532.63,Month-to-month,Mailed check,DSL,Yes,1,0
C106237,2025-06,6,81.11,492.8,Month-to-month,Bank transfer (automatic),Fiber optic,No,1,1
C106238,2025-03,10,60.28,603.02,Month-to-month,Electronic check,DSL,No,0,0
C106239,2024-05,9,30.41,263.52,Month-to-month,Electronic check,No,Yes,0,0
C106240,2021-07,54,56.51,3065.53,Two year,Electronic check,DSL,No,1,0
C106241,2023-11,33,79.22,2556.75,One year,Electronic check,Fiber optic,No,0,0
C106242,2023-11,17,24.69,399.75,Two year,Bank transfer (automatic),No,No,0,0
C106243,2025-07,9,45.48,395.48,One year,Electronic check,DSL,Yes,1,0
C106244,2023-11,28,72.39,2113.28,Two year,Electronic check,Fiber optic,Yes,1,0
C106245,2025-05,16,67.11,1106.03,One year,Mailed check,Fiber optic,No,0,0
C106246,2024-01,12,56.59,646.63,Month-to-month,Electronic check,DSL,Yes,0,0
C106247,2023-12,16,46.57,753.28,One year,Credit card (automatic),DSL,Yes,0,0
C106248,2025-08,13,35.84,470.04,Month-to-month,Credit card (automatic),No,No,0,0
C106249,2024-07,21,25.44,532.68,Month-to-month,Mailed check,No,Yes,0,0
C106250,2024-07,5,51.53,248.48,One year,Electronic check,DSL,Yes,1,0
C106251,2023-07,21,27.15,594.99,One year,Mailed check,No,Yes,0,0
C106252,2025-01,13,21.5,280.06,Month-to-month,Mailed check,No,Yes,0,0
C106253,2022-12,28,81.48,2334.57,Month-to-month,Mailed check,Fiber optic,Yes,0,0
C106254,2023-05,33,82.71,2824.82,Month-to-month,Electronic check,Fiber optic,No,0,1
C106255,2023-06,38,49.74,1977.61,Two year,Electronic check,DSL,No,1,0
C106256,2021-02,56,67.44,3629.1,One year,Electronic check,Fiber optic,Yes,0,0
C106257,2023-03,37,26.2,958.18,Two year,Mailed check,No,No,0,0
C106258,2022-07,28,68.96,1935.79,One year,Bank transfer (automatic),Fiber optic,Yes,0,0
C106259,2025-04,6,54.86,331.73,Month-to-month,Credit card (automatic),DSL,Yes,0,0
C106260,2026-02,2,73.13,152.26,Month-to-month,Electronic check,Fiber optic,No,0,0
C106261,2022-09,30,45.16,1352.27,Two year,Bank transfer (automatic),DSL,No,0,0
C106262,2024-06,8,59.59,489.42,One year,Electronic check,DSL,Yes,0,0
C106263,2019-03,72,51.52,3690.81,One year,Electronic check,DSL,No,0,0
C106264,2024-07,4,66.59,263.27,Month-to-month,Bank transfer (automatic),DSL,Yes,1,0
C106265,2023-07,27,72.63,1913.94,One year,Electronic check,Fiber optic,No,0,0
C106266,2024-08,18,48.17,850.03,Two year,Credit card (automatic),DSL,No,0,0
C106267,2025-01,5,67.31,341.14,Two year,Credit card (automatic),Fiber optic,No,1,1
C106268,2025-02,18,26.6,457.51,One year,Electronic check,No,No,0,0
C106269,2024-03,9,74.36,656.68,Month-to-month,Electronic check,Fiber optic,No,0,1
C106270,2024-01,14,56.34,802.54,Month-to-month,Electronic check,DSL,No,0,1
C106271,2024-10,15,23.27,334.72,Month-to-month,Credit card (automatic),No,Yes,1,0
C106272,2025-05,9,48.87,441.61,Month-to-month,Electronic check,DSL,No,0,0
C106273,2025-07,12,79.68,952.26,Month-to-month,Bank transfer (automatic),Fiber optic,No,1,1
C106274,2025-04,8,58.08,444.43,Month-to-month,Electronic check,DSL,No,0,0
C106275,2026-04,3,20.55,59.04,Month-to-month,Bank transfer (automatic),No,No,0,0
C106276,2025-02,17,55.94,960.57,One year,Electronic check,DSL,No,1,0
C106277,2023-01,37,32.64,1211.06,Two year,Credit card (automatic),No,No,1,0
C106278,2024-09,9,31.51,289.85,Month-to-month,Bank transfer (automatic),No,Yes,1,0
C106279,2022-07,49,18.0,892.96,Two year,Electronic check,No,Yes,0,0
C106280,2021-11,56,66.98,3747.93,Month-to-month,Electronic check,Fiber optic,Yes,0,0
C106281,2024-02,11,74.72,816.32,Month-to-month,Mailed check,Fiber optic,Yes,0,0
C106282,2023-12,13,38.89,496.39,Two year,Mailed check,No,Yes,0,0
C106283,2024-11,11,51.77,543.28,Month-to-month,Credit card (automatic),DSL,No,0,0
C106284,2025-11,6,33.63,193.27,Month-to-month,Mailed check,No,Yes,0,0
C106285,2024-03,13,48.94,641.19,One year,Credit card (automatic),DSL,Yes,0,0
C106286,2025-07,12,85.2,1030.55,Month-to-month,Electronic check,Fiber optic,Yes,0,1
C106287,2023-07,16,75.25,1149.24,Month-to-month,Credit card (automatic),Fiber optic,Yes,0,0
C106288,2025-04,17,21.52,363.46,One year,Credit card (automatic),No,No,0,0
C106289,2025-07,6,50.11,314.17,Month-to-month,Bank transfer (automatic),DSL,Yes,0,0
C106290,2024-03,23,66.62,1484.46,One year,Credit card (automatic),Fiber optic,No,0,0
C106291,2024-02,13,69.7,930.4,Two year,Mailed check,Fiber optic,No,0,0
C106292,2024-04,7,70.82,496.14,Month-to-month,Bank transfer (automatic),Fiber optic,No,0,1
C106293,2024-04,13,49.83,665.79,One year,Electronic check,DSL,Yes,1,0
C106294,2025-01,17,86.68,1439.93,Month-to-month,Electronic check,Fiber optic,No,0,1
C106295,2022-10,42,71.48,3147.6,Month-to-month,Bank transfer (automatic),Fiber optic,No,0,0
C106296,2023-09,37,28.66,1045.57,Two year,Credit card (automatic),No,No,1,0
C106297,2025-10,10,28.36,287.2,Month-to-month,Credit card (automatic),No,No,1,0
C106298,2025-03,14,54.7,779.86,Month-to-month,Bank transfer (automatic),DSL,No,1,0
C106299,2026-02,8,59.0,479.58,Month-to-month,Credit card (automatic),DSL,No,0,1
C106300,2024-09,20,61.81,1239.87,Month-to-month,Bank transfer (automatic),Fiber optic,No,0,1
C106301,2024-04,11,75.9,849.64,Month-to-month,Bank transfer (automatic),Fiber optic,No,1,1
C106302,2025-05,13,72.74,962.58,Month-to-month,Electronic check,Fiber optic,Yes,0,1
C106303,2022-04,31,28.65,909.26,Two year,Mailed check,No,No,0,0
C106304,2025-11,6,53.78,329.98,Month-to-month,Mailed check,DSL,No,0,1
C106305,2022-12,37,27.63,1040.02,One year,Bank transfer (automatic),No,No,0,0
C106306,2023-10,21,52.37,1144.93,Two year,Bank transfer (automatic),DSL,No,0,0
C106307,2022-10,36,24.3,909.64,Two year,Credit card (automatic),No,Yes,0,0
C106308,2024-04,26,86.8,2153.58,Month-to-month,Credit card (automatic),Fiber optic,No,0,0
C106309,2024-01,29,23.03,700.0,One year,Bank transfer (automatic),No,No,1,0
C106310,2025-01,16,59.23,975.55,Two year,Bank transfer (automatic),DSL,No,0,0
C106311,2024-09,7,67.55,477.27,Month-to-month,Bank transfer (automatic),Fiber optic,Yes,0,0
C106312,2024-08,10,53.42,539.99,Month-to-month,Bank transfer (automatic),DSL,Yes,0,0
C106313,2026-02,8,76.86,608.04,Month-to-month,Mailed check,Fiber optic,Yes,0,0
C106314,2026-01,3,22.0,65.54,Two year,Credit card (automatic),No,Yes,0,0
C106315,2023-12,31,22.79,697.94,One year,Credit card (automatic),No,Yes,0,0
C106316,2024-02,15,73.31,1149.04,Month-to-month,Bank transfer (automatic),Fiber optic,No,1,0
C106317,2024-04,8,60.37,487.7,Month-to-month,Electronic check,DSL,Yes,1,0
C106318,2022-02,55,28.09,1492.25,Two year,Mailed check,No,No,0,0
C106319,2020-05,70,64.17,4613.35,One year,Credit card (automatic),DSL,Yes,0,0
C106320,2024-07,5,78.39,399.57,Month-to-month,Credit card (automatic),Fiber optic,Yes,0,0
C106321,2024-09,13,50.06,659.46,One year,Credit card (automatic),DSL,Yes,1,0
C106322,2024-11,12,18.0,210.9,Month-to-month,Bank transfer (automatic),No,Yes,0,0
C106323,2025-05,7,59.69,422.79,Two year,Bank transfer (automatic),Fiber optic,No,0,0
C106324,2023-12,30,73.41,2271.97,Month-to-month,Electronic check,Fiber optic,No,0,0
C106325,2026-03,3,45.61,132.28,Month-to-month,Bank transfer (automatic),DSL,No,0,0
C106326,2022-03,46,67.84,3135.42,Two year,Electronic check,Fiber optic,No,0,0
C106327,2024-02,16,56.34,875.21,Month-to-month,Credit card (automatic),DSL,No,0,0
C106328,2021-01,52,27.04,1413.44,One year,Electronic check,No,No,0,0
C106329,2023-10,15,73.37,1116.19,Month-to-month,Credit card (automatic),Fiber optic,No,0,1
C106330,2024-09,12,40.55,501.72,One year,Mailed check,No,Yes,0,0
C106331,2023-01,32,72.39,2316.12,One year,Electronic check,Fiber optic,No,0,0
C106332,2021-12,51,74.17,3945.48,Month-to-month,Bank transfer (automatic),Fiber optic,No,1,0
C106333,2022-06,46,66.03,3162.32,One year,Bank transfer (automatic),Fiber optic,No,0,0
C106334,2025-02,4,27.58,113.82,Two year,Bank transfer (automatic),No,No,0,0
C106335,2021-12,38,49.93,1907.81,One year,Bank transfer (automatic),DSL,Yes,0,0
C106336,2024-03,12,61.41,714.03,Two year,Bank transfer (automatic),DSL,No,0,0
C106337,2025-01,14,78.42,1114.44,Month-to-month,Electronic check,Fiber optic,Yes,0,0
C106338,2024-11,12,83.52,1022.88,Month-to-month,Credit card (automatic),Fiber optic,No,0,1
C106339,2024-05,10,31.25,312.33,Month-to-month,Credit card (automatic),No,No,0,1
C106340,2025-04,13,62.48,850.17,Month-to-month,Bank transfer (automatic),DSL,No,0,1
C106341,2024-07,7,66.0,443.38,One year,Electronic check,Fiber optic,No,0,0
C106342,2023-01,39,52.1,2103.87,Two year,Bank transfer (automatic),DSL,Yes,0,0
C106343,2022-12,26,47.58,1287.03,One year,Electronic check,DSL,Yes,0,0
C106344,2023-07,19,26.16,503.41,One year,Credit card (automatic),No,No,0,1
C106345,2024-05,12,75.25,938.02,Month-to-month,Electronic check,Fiber optic,No,1,0
C106346,2025-07,10,24.26,235.62,Month-to-month,Electronic check,No,Yes,0,0
C106347,2023-02,21,63.23,1307.28,One year,Electronic check,Fiber optic,No,0,0
C106348,2023-09,19,74.9,1377.76,Two year,Bank transfer (automatic),Fiber optic,No,0,0
C106349,2022-04,33,61.92,2005.26,One year,Bank transfer (automatic),Fiber optic,Yes,0,0
C106350,2024-10,10,85.14,822.91,Month-to-month,Bank transfer (automatic),Fiber optic,Yes,0,0
C106351,2024-02,10,50.11,484.26,Month-to-month,Mailed check,DSL,No,0,0
C106352,2024-06,25,58.4,1391.5,Month-to-month,Credit card (automatic),DSL,No,0,0
C106353,2023-08,28,58.75,1685.25,Month-to-month,Mailed check,DSL,No,1,0
C106354,2021-02,67,65.37,4293.13,One year,Electronic check,Fiber optic,No,0,0
C106355,2026-01,4,77.76,314.49,Month-to-month,Bank transfer (automatic),Fiber optic,Yes,1,1
C106356,2023-06,40,76.03,3100.35,Month-to-month,Mailed check,Fiber optic,Yes,0,0
C106357,2023-06,17,54.39,940.45,Two year,Bank transfer (automatic),DSL,No,0,0
C106358,2025-08,11,79.26,909.41,One year,Mailed check,Fiber optic,Yes,0,0
C106359,2024-09,22,59.88,1346.31,Month-to-month,Bank transfer (automatic),DSL,Yes,1,0
C106360,2024-12,21,22.39,475.64,Two year,Electronic check,No,No,0,0
C106361,2024-10,11,68.18,722.41,Two year,Mailed check,Fiber optic,No,1,0
C106362,2024-08,4,67.06,255.4,One year,Mailed check,Fiber optic,Yes,0,0
C106363,2022-02,40,51.55,2108.43,Month-to-month,Bank transfer (automatic),DSL,No,0,0
C106364,2024-06,9,57.93,540.53,Month-to-month,Electronic check,DSL,No,0,1
C106365,2025-06,8,78.63,635.25,Month-to-month,Electronic check,Fiber optic,No,1,0
C106366,2025-09,10,78.49,823.41,Month-to-month,Electronic check,Fiber optic,No,0,0
C106367,2023-12,28,54.53,1586.08,One year,Mailed check,DSL,Yes,0,0
C106368,2024-05,12,77.64,972.57,Month-to-month,Electronic check,Fiber optic,No,0,1
C106369,2025-09,10,50.07,512.26,One year,Bank transfer (automatic),DSL,No,0,0
C106370,2024-02,21,35.71,784.67,Two year,Electronic check,No,No,0,0
C106371,2025-03,19,76.01,1458.7,One year,Mailed check,Fiber optic,No,0,0
C106372,2025-10,10,68.87,686.55,Two year,Bank transfer (automatic),Fiber optic,No,0,0
C106373,2024-07,4,78.76,300.73,One year,Mailed check,Fiber optic,Yes,0,0
C106374,2023-10,27,71.91,2023.47,Month-to-month,Bank transfer (automatic),Fiber optic,Yes,1,0
C106375,2024-05,19,51.32,964.82,Two year,Bank transfer (automatic),DSL,No,0,0
C106376,2025-12,3,80.37,231.39,Month-to-month,Bank transfer (automatic),Fiber optic,Yes,0,1
C106377,2022-08,44,22.69,1019.56,Month-to-month,Mailed check,No,No,1,1
C106378,2025-03,3,82.34,242.9,Two year,Mailed check,Fiber optic,Yes,0,0
C106379,2025-10,8,51.47,413.56,Month-to-month,Electronic check,DSL,Yes,0,1
C106380,2025-01,9,52.28,493.88,Month-to-month,Mailed check,DSL,No,0,0
C106381,2025-07,10,27.72,281.49,Two year,Credit card (automatic),No,Yes,0,0
C106382,2025-11,10,59.44,566.17,Month-to-month,Electronic check,DSL,No,0,0
C106383,2025-04,6,60.01,344.06,Month-to-month,Electronic check,DSL,Yes,0,0
C106384,2024-12,18,38.99,707.41,Month-to-month,Bank transfer (automatic),No,No,1,1
C106385,2023-11,30,28.42,814.3,One year,Bank transfer (automatic),No,Yes,0,0
C106386,2023-10,17,76.98,1244.05,Month-to-month,Credit card (automatic),Fiber optic,Yes,0,0
C106387,2024-08,20,45.77,899.04,Month-to-month,Electronic check,DSL,Yes,1,1
C106388,2024-07,12,65.58,752.08,One year,Credit card (automatic),Fiber optic,Yes,0,1
C106389,2023-06,17,29.45,518.52,Month-to-month,Bank transfer (automatic),No,No,1,0
C106390,2024-04,21,54.95,1139.3,One year,Bank transfer (automatic),DSL,Yes,0,0
C106391,2023-06,26,54.72,1419.86,Month-to-month,Mailed check,DSL,Yes,0,0
C106392,2025-11,9,33.15,306.07,Month-to-month,Electronic check,No,No,0,0
C106393,2025-12,8,74.66,587.19,Month-to-month,Electronic check,Fiber optic,No,0,1
C106394,2025-03,2,73.6,144.59,Month-to-month,Bank transfer (automatic),Fiber optic,No,1,0
C106395,2020-12,52,43.2,2194.42,One year,Electronic check,No,No,0,0
C106396,2022-02,50,70.42,3688.72,One year,Electronic check,Fiber optic,No,1,0
C106397,2025-06,15,36.07,525.34,Month-to-month,Electronic check,No,No,0,0
C106398,2024-11,16,47.17,768.62,Month-to-month,Credit card (automatic),DSL,No,0,0
C106399,2022-09,42,72.74,3099.32,One year,Electronic check,Fiber optic,Yes,0,0
C106400,2025-08,6,70.95,424.06,Month-to-month,Mailed check,Fiber optic,No,0,0
C106401,2025-06,8,86.88,713.27,Month-to-month,Bank transfer (automatic),Fiber optic,Yes,0,0
C106402,2021-05,44,51.65,2199.96,Month-to-month,Credit card (automatic),DSL,Yes,0,0
C106403,2024-06,12,71.81,825.46,One year,Bank transfer (automatic),Fiber optic,No,0,1
C106404,2025-12,7,70.06,497.23,Month-to-month,Mailed check,Fiber optic,Yes,0,0
C106405,2024-11,22,47.5,1020.02,One year,Electronic check,DSL,Yes,1,0
C106406,2024-03,9,74.54,695.98,Month-to-month,Electronic check,Fiber optic,No,0,0
C106407,2022-06,39,74.18,2913.49,One year,Electronic check,Fiber optic,No,0,0
C106408,2025-01,17,81.35,1339.3,Month-to-month,Mailed check,Fiber optic,No,0,0
C106409,2024-12,10,71.53,699.91,Month-to-month,Mailed check,Fiber optic,No,0,1
C106410,2025-08,10,51.43,519.29,Month-to-month,Mailed check,DSL,Yes,0,0
C106411,2024-05,21,62.71,1373.77,Month-to-month,Mailed check,DSL,No,0,0
C106412,2025-01,13,39.56,508.2,Month-to-month,Bank transfer (automatic),No,Yes,1,0
C106413,2024-11,12,27.1,310.88,Two year,Electronic check,No,Yes,0,0
C106414,2023-04,26,74.79,1981.43,One year,Credit card (automatic),Fiber optic,No,0,0
C106415,2022-05,42,85.02,3590.97,Month-to-month,Credit card (automatic),Fiber optic,No,0,0
C106416,2024-07,24,66.49,1636.32,Two year,Electronic check,DSL,Yes,0,0
C106417,2024-02,9,77.51,697.7,Month-to-month,Mailed check,Fiber optic,Yes,1,1
C106418,2025-09,6,79.52,472.29,Month-to-month,Credit card (automatic),Fiber optic,No,0,0
C106419,2023-05,25,75.8,1881.77,Month-to-month,Credit card (automatic),Fiber optic,Yes,0,0
C106420,2024-01,24,41.72,1032.51,Two year,Mailed check,DSL,Yes,1,0
C106421,2025-04,11,57.08,620.96,Month-to-month,Electronic check,DSL,Yes,0,1
C106422,2024-06,14,35.83,499.82,Two year,Credit card (automatic),No,Yes,0,0
C106423,2024-06,9,70.48,618.49,Month-to-month,Bank transfer (automatic),Fiber optic,Yes,0,1
C106424,2025-04,7,18.87,125.67,Month-to-month,Bank transfer (automatic),No,No,0,0
C106425,2025-02,10,78.55,762.85,Month-to-month,Electronic check,Fiber optic,Yes,0,0
C106426,2025-08,1,19.46,20.06,Month-to-month,Credit card (automatic),No,No,0,0
C106427,2023-10,34,43.37,1535.83,One year,Bank transfer (automatic),DSL,Yes,0,0
C106428,2026-01,5,45.19,231.41,Month-to-month,Mailed check,DSL,Yes,0,1
C106429,2025-04,15,59.98,894.05,One year,Bank transfer (automatic),Fiber optic,Yes,0,0
C106430,2025-12,2,81.34,165.61,Month-to-month,Mailed check,Fiber optic,No,0,0
C106431,2023-10,23,51.43,1138.39,Two year,Mailed check,DSL,Yes,0,0
C106432,2023-05,28,84.34,2265.18,One year,Bank transfer (automatic),Fiber optic,Yes,0,0
C106433,2025-03,16,57.21,886.77,One year,Bank transfer (automatic),DSL,No,1,0
C106434,2024-03,15,65.17,987.72,One year,Credit card (automatic),DSL,Yes,0,0
C106435,2024-06,9,26.14,233.39,Month-to-month,Bank transfer (automatic),No,No,0,1
C106436,2022-06,33,77.17,2465.87,Month-to-month,Electronic check,Fiber optic,No,0,0
C106437,2026-03,4,47.36,190.3,Month-to-month,Electronic check,DSL,Yes,1,0
C106438,2025-04,11,53.34,610.89,Month-to-month,Mailed check,DSL,Yes,1,1
C106439,2025-06,8,38.61,310.46,Month-to-month,Electronic check,No,Yes,0,0
C106440,2025-12,8,29.76,238.5,Month-to-month,Bank transfer (automatic),No,No,0,0
C106441,2022-12,33,53.59,1742.83,Month-to-month,Mailed check,DSL,No,0,1
C106442,2023-11,14,74.87,997.07,Month-to-month,Mailed check,Fiber optic,Yes,0,0
C106443,2024-02,9,75.86,665.39,Month-to-month,Electronic check,Fiber optic,Yes,0,1
C106444,2024-04,19,53.67,1002.41,One year,Mailed check,DSL,Yes,0,0
C106445,2025-03,18,83.0,1487.18,Month-to-month,Electronic check,Fiber optic,No,0,0
C106446,2022-11,28,50.67,1478.66,Month-to-month,Bank transfer (automatic),DSL,No,0,0
C106447,2023-10,21,51.56,1061.17,One year,Electronic check,DSL,Yes,0,0
C106448,2024-01,14,72.59,997.26,One year,Credit card (automatic),Fiber optic,Yes,0,1
C106449,2024-08,15,45.18,665.57,Two year,Mailed check,DSL,No,0,0
C106450,2023-11,20,66.32,1288.49,Two year,Bank transfer (automatic),Fiber optic,No,1,0
C106451,2025-05,7,57.4,399.1,One year,Credit card (automatic),DSL,Yes,0,0
C106452,2024-11,18,64.06,1181.63,Two year,Credit card (automatic),Fiber optic,No,0,0
C106453,2022-11,42,44.24,1901.74,Two year,Credit card (automatic),No,No,0,0
C106454,2023-12,16,81.82,1244.18,One year,Electronic check,Fiber optic,Yes,0,0
C106455,2025-10,12,76.06,937.22,Month-to-month,Electronic check,Fiber optic,Yes,0,0
C106456,2024-02,12,78.45,931.33,Month-to-month,Bank transfer (automatic),Fiber optic,Yes,0,0
C106457,2023-07,20,34.62,659.13,Month-to-month,Mailed check,No,Yes,0,0
C106458,2023-11,17,78.36,1397.52,Month-to-month,Bank transfer (automatic),Fiber optic,Yes,0,0
C106459,2023-04,24,51.17,1273.99,Two year,Bank transfer (automatic),DSL,No,1,0
C106460,2024-05,9,71.51,634.43,Month-to-month,Electronic check,DSL,No,1,1
C106461,2025-07,13,70.69,935.7,Month-to-month,Electronic check,Fiber optic,No,0,0
C106462,2023-08,27,72.68,1989.39,Month-to-month,Bank transfer (automatic),Fiber optic,No,0,1
C106463,2023-05,28,55.44,1627.68,Month-to-month,Bank transfer (automatic),DSL,No,0,0
C106464,2023-07,28,78.87,2138.04,Month-to-month,Credit card (automatic),Fiber optic,No,0,1
C106465,2024-01,25,84.07,2041.46,One year,Bank transfer (automatic),Fiber optic,No,0,0
C106466,2023-01,25,71.99,1830.35,One year,Electronic check,Fiber optic,No,0,0
C106467,2025-02,18,75.47,1300.74,One year,Electronic check,Fiber optic,Yes,0,0
C106468,2025-08,5,57.31,295.75,Month-to-month,Mailed check,DSL,No,0,0
C106469,2025-06,5,74.5,361.85,Month-to-month,Mailed check,Fiber optic,No,0,1
C106470,2025-02,16,82.45,1354.43,Month-to-month,Bank transfer (automatic),Fiber optic,Yes,0,0
C106471,2025-06,16,32.57,503.07,Month-to-month,Bank transfer (automatic),No,No,0,1
C106472,2024-07,8,80.93,663.0,Month-to-month,Credit card (automatic),Fiber optic,Yes,0,0
C106473,2025-03,8,73.24,561.33,Month-to-month,Mailed check,Fiber optic,Yes,0,0
C106474,2025-08,14,65.76,884.19,Two year,Electronic check,Fiber optic,No,0,0
C106475,2021-10,57,25.54,1390.05,Two year,Mailed check,No,Yes,0,0
C106476,2025-09,7,76.79,546.11,Month-to-month,Electronic check,Fiber optic,No,0,1
C106477,2025-03,11,81.71,868.75,Month-to-month,Electronic check,Fiber optic,No,0,0
C106478,2023-12,28,67.58,1866.41,Month-to-month,Mailed check,DSL,Yes,0,0
C106479,2024-01,24,76.05,1896.16,Month-to-month,Mailed check,Fiber optic,No,0,1
C106480,2024-10,19,80.18,1495.58,Two year,Electronic check,Fiber optic,No,1,0
C106481,2026-06,3,58.76,170.37,Month-to-month,Bank transfer (automatic),DSL,Yes,0,0
C106482,2023-10,13,64.99,859.2,Two year,Bank transfer (automatic),Fiber optic,Yes,0,0
C106483,2021-08,48,28.31,1312.53,Two year,Electronic check,No,Yes,0,0
C106484,2025-10,8,55.22,451.87,Two year,Bank transfer (automatic),DSL,Yes,1,0
C106485,2025-02,8,77.08,613.26,One year,Electronic check,Fiber optic,No,0,0
C106486,2022-09,40,27.12,1131.91,Month-to-month,Mailed check,No,Yes,0,0
C106487,2024-05,14,27.86,379.6,Month-to-month,Bank transfer (automatic),No,No,1,0
C106488,2025-07,3,52.99,158.76,Month-to-month,Mailed check,DSL,Yes,0,0
C106489,2024-09,6,53.81,334.2,Month-to-month,Bank transfer (automatic),DSL,No,0,0
C106490,2025-09,10,76.83,779.74,Month-to-month,Mailed check,Fiber optic,Yes,1,0
C106491,2024-09,18,66.33,1158.7,Month-to-month,Electronic check,DSL,No,1,0
C106492,2024-08,13,66.47,827.02,Two year,Mailed check,Fiber optic,Yes,0,0
C106493,2025-02,8,65.16,524.46,Month-to-month,Electronic check,Fiber optic,Yes,0,0
C106494,2024-12,13,58.78,769.4,Two year,Electronic check,Fiber optic,Yes,0,0
C106495,2024-08,8,79.9,620.96,Month-to-month,Mailed check,Fiber optic,No,0,0
C106496,2021-12,49,26.73,1347.86,Month-to-month,Electronic check,No,No,0,0
C106497,2025-08,6,73.62,430.07,One year,Mailed check,Fiber optic,No,0,0
C106498,2024-12,11,70.75,814.99,Month-to-month,Bank transfer (automatic),Fiber optic,No,0,1
C106499,2024-11,10,54.11,552.55,Month-to-month,Bank transfer (automatic),DSL,No,0,0
C106500,2025-08,10,26.85,271.34,One year,Credit card (automatic),No,Yes,1,0
C106501,2025-03,6,70.88,431.88,Month-to-month,Bank transfer (automatic),Fiber optic,No,1,1
C106502,2023-02,38,60.22,2175.44,One year,Credit card (automatic),DSL,Yes,0,0
C106503,2021-04,60,62.86,3719.11,Month-to-month,Bank transfer (automatic),DSL,No,0,0
C106504,2023-11,20,78.84,1634.64,Month-to-month,Bank transfer (automatic),Fiber optic,No,0,0
C106505,2024-03,19,62.86,1244.7,Two year,Bank transfer (automatic),DSL,Yes,0,0
C106506,2024-08,4,64.11,248.52,One year,Credit card (automatic),Fiber optic,Yes,0,0
C106507,2023-03,38,51.53,2036.15,One year,Bank transfer (automatic),DSL,No,0,0
C106508,2025-02,8,72.91,575.88,Month-to-month,Credit card (automatic),Fiber optic,No,0,1
C106509,2026-04,3,54.86,167.8,Two year,Mailed check,DSL,No,0,0
C106510,2024-04,22,67.44,1539.36,Month-to-month,Credit card (automatic),Fiber optic,No,0,1
C106511,2022-08,31,34.0,1024.73,Month-to-month,Mailed check,No,Yes,0,0
C106512,2022-09,37,41.94,1495.29,Two year,Electronic check,DSL,No,1,0
C106513,2024-03,11,59.49,652.61,Month-to-month,Electronic check,DSL,Yes,0,0
C106514,2024-09,10,61.93,626.91,Month-to-month,Bank transfer (automatic),DSL,No,0,0
C106515,2023-09,18,46.01,833.8,One year,Electronic check,DSL,Yes,1,1
C106516,2025-06,13,72.8,963.42,Month-to-month,Electronic check,Fiber optic,Yes,1,0
C106517,2023-09,23,59.94,1436.35,One year,Mailed check,DSL,No,1,0
C106518,2023-07,18,80.35,1390.56,One year,Bank transfer (automatic),Fiber optic,No,0,0
C106519,2026-02,7,66.43,486.57,Month-to-month,Electronic check,Fiber optic,No,0,0
C106520,2023-05,38,29.86,1096.19,Two year,Bank transfer (automatic),No,No,0,0
C106521,2023-11,23,56.72,1361.0,One year,Bank transfer (automatic),DSL,No,1,0
C106522,2022-09,31,28.74,913.98,One year,Bank transfer (automatic),No,No,0,0
C106523,2024-04,8,38.62,318.58,Month-to-month,Bank transfer (automatic),No,No,0,0
C106524,2023-10,22,68.72,1568.47,One year,Electronic check,Fiber optic,No,0,0
C106525,2022-10,27,72.51,1881.96,Month-to-month,Credit card (automatic),Fiber optic,Yes,1,1
C106526,2024-06,17,71.04,1227.47,Month-to-month,Credit card (automatic),Fiber optic,Yes,0,0
C106527,2024-09,6,56.47,333.6,Month-to-month,Mailed check,DSL,Yes,0,0
C106528,2025-03,16,27.19,429.83,One year,Electronic check,No,Yes,0,0
C106529,2023-05,25,35.23,883.05,Month-to-month,Mailed check,No,Yes,0,0
C106530,2023-07,32,48.51,1567.67,Two year,Credit card (automatic),DSL,Yes,0,0
C106531,2025-06,4,51.81,211.44,One year,Credit card (automatic),DSL,Yes,1,0
C106532,2023-09,17,56.52,971.47,Month-to-month,Credit card (automatic),DSL,Yes,0,1
C106533,2025-07,5,70.34,342.1,Month-to-month,Credit card (automatic),Fiber optic,Yes,0,1
C106534,2024-08,25,35.22,868.36,One year,Bank transfer (automatic),No,Yes,0,0
C106535,2023-02,30,59.43,1847.32,Month-to-month,Electronic check,DSL,No,0,0
C106536,2026-02,7,73.24,523.65,Two year,Electronic check,Fiber optic,No,0,0
C106537,2025-05,6,24.2,144.62,Month-to-month,Electronic check,No,No,0,1
C106538,2025-09,9,84.6,741.43,Month-to-month,Electronic check,Fiber optic,No,1,1
C106539,2024-12,13,64.21,862.46,Month-to-month,Electronic check,Fiber optic,Yes,0,1
C106540,2024-10,8,79.77,622.18,Month-to-month,Mailed check,Fiber optic,No,0,1
C106541,2023-05,27,53.96,1515.8,One year,Bank transfer (automatic),DSL,Yes,0,0
C106542,2023-09,32,79.33,2523.29,Month-to-month,Electronic check,Fiber optic,No,0,0
C106543,2023-07,17,49.64,857.59,Two year,Credit card (automatic),DSL,No,0,0
C106544,2025-09,9,75.84,663.62,Month-to-month,Credit card (automatic),Fiber optic,No,0,0
C106545,2025-04,13,55.13,691.84,Two year,Electronic check,DSL,Yes,0,0
C106546,2024-02,17,30.33,502.05,Month-to-month,Electronic check,No,Yes,1,0
C106547,2025-06,13,76.63,1001.9,Month-to-month,Mailed check,Fiber optic,No,0,1
C106548,2023-09,14,29.42,419.62,Two year,Credit card (automatic),No,No,0,0
C106549,2023-12,31,88.5,2738.45,Month-to-month,Bank transfer (automatic),Fiber optic,Yes,0,0
C106550,2025-05,8,65.75,541.11,Month-to-month,Electronic check,Fiber optic,Yes,0,0
C106551,2021-02,52,58.72,2947.07,Two year,Bank transfer (automatic),DSL,Yes,1,0
C106552,2023-11,17,72.05,1278.39,Two year,Credit card (automatic),Fiber optic,Yes,0,0
C106553,2024-02,12,74.31,900.63,One year,Electronic check,Fiber optic,No,0,0
C106554,2025-02,8,67.71,532.59,Month-to-month,Bank transfer (automatic),Fiber optic,Yes,1,1
C106555,2024-07,9,82.25,743.75,Month-to-month,Mailed check,Fiber optic,No,0,1
C106556,2024-03,15,46.34,691.07,One year,Electronic check,DSL,No,0,0
C106557,2024-08,17,61.97,1085.95,One year,Credit card (automatic),DSL,Yes,0,0
C106558,2025-06,12,52.07,611.5,Month-to-month,Electronic check,DSL,Yes,0,0
C106559,2025-04,5,61.97,313.69,One year,Credit card (automatic),DSL,No,0,0
C106560,2024-01,15,71.08,1090.76,Month-to-month,Bank transfer (automatic),Fiber optic,No,0,1
C106561,2025-12,9,69.73,657.21,Month-to-month,Electronic check,Fiber optic,No,0,0
C106562,2025-06,3,71.75,206.44,One year,Bank transfer (automatic),Fiber optic,No,1,1
C106563,2023-12,23,46.47,1081.81,Two year,Electronic check,DSL,No,1,0
C106564,2024-09,4,73.9,291.55,Month-to-month,Electronic check,Fiber optic,Yes,1,0
C106565,2024-06,11,65.44,712.12,Month-to-month,Electronic check,DSL,Yes,0,0
C106566,2024-01,14,49.8,692.01,One year,Credit card (automatic),DSL,Yes,0,0
C106567,2022-04,35,31.36,1079.66,Month-to-month,Credit card (automatic),No,No,0,0
C106568,2025-11,3,84.87,255.35,Month-to-month,Electronic check,Fiber optic,Yes,0,1
C106569,2023-07,25,54.55,1328.83,One year,Mailed check,DSL,No,0,0
C106570,2024-01,28,57.67,1671.26,Two year,Credit card (automatic),DSL,Yes,0,0
C106571,2021-09,42,72.66,3154.16,Two year,Bank transfer (automatic),Fiber optic,No,0,0
C106572,2023-06,32,81.31,2496.09,Month-to-month,Electronic check,Fiber optic,No,0,0
C106573,2024-12,14,54.92,736.22,Month-to-month,Mailed check,DSL,No,0,0
C106574,2023-01,26,78.81,2032.17,Month-to-month,Mailed check,Fiber optic,Yes,0,1
C106575,2023-08,36,80.17,2934.77,Two year,Electronic check,Fiber optic,Yes,1,0
C106576,2024-12,3,70.33,213.13,One year,Mailed check,Fiber optic,Yes,0,0
C106577,2025-05,5,71.83,348.63,Two year,Bank transfer (automatic),Fiber optic,No,0,0
C106578,2025-04,18,25.04,453.01,One year,Bank transfer (automatic),No,Yes,1,0
C106579,2022-07,28,61.54,1640.48,Month-to-month,Mailed check,DSL,No,0,0
C106580,2023-03,23,43.09,957.9,One year,Bank transfer (automatic),DSL,No,0,0
C106581,2023-06,19,53.54,994.83,Month-to-month,Mailed check,DSL,Yes,0,0
C106582,2021-07,42,59.15,2541.64,One year,Bank transfer (automatic),DSL,Yes,1,0
C106583,2024-01,12,54.4,669.28,Month-to-month,Electronic check,DSL,Yes,0,0
C106584,2025-12,9,44.56,385.91,Month-to-month,Mailed check,DSL,No,0,1
C106585,2024-10,10,25.69,248.38,Month-to-month,Mailed check,No,Yes,0,0
C106586,2024-04,18,23.8,415.38,Two year,Mailed check,No,No,1,0
C106587,2023-10,14,81.75,1152.59,One year,Bank transfer (automatic),Fiber optic,Yes,0,0
C106588,2023-11,29,74.05,2058.4,Two year,Bank transfer (automatic),Fiber optic,Yes,0,0
C106589,2024-12,9,80.66,746.82,Month-to-month,Mailed check,Fiber optic,No,1,1
C106590,2024-09,20,64.91,1321.15,One year,Mailed check,Fiber optic,Yes,0,0
C106591,2023-10,26,75.32,1999.71,Month-to-month,Bank transfer (automatic),Fiber optic,No,0,1
C106592,2023-06,36,64.63,2278.89,Month-to-month,Bank transfer (automatic),DSL,Yes,0,0
C106593,2025-01,6,35.67,215.11,Month-to-month,Bank transfer (automatic),No,No,1,1
C106594,2025-10,10,52.25,512.33,Month-to-month,Credit card (automatic),DSL,No,0,0
C106595,2024-08,13,55.61,717.96,Two year,Bank transfer (automatic),DSL,Yes,0,0
C106596,2025-03,4,64.59,247.74,One year,Electronic check,Fiber optic,No,0,0
C106597,2023-11,19,50.15,923.88,Month-to-month,Credit card (automatic),DSL,No,0,0
C106598,2024-12,19,18.0,327.72,One year,Electronic check,No,Yes,1,0
C106599,2024-07,18,74.62,1359.18,Month-to-month,Bank transfer (automatic),Fiber optic,No,1,1
C106600,2024-12,13,34.09,456.64,Month-to-month,Credit card (automatic),No,Yes,0,0
C106601,2022-01,34,23.31,830.54,One year,Electronic check,No,No,0,0
C106602,2025-06,10,71.74,730.71,One year,Electronic check,Fiber optic,No,0,0
C106603,2022-04,32,22.86,757.77,Two year,Electronic check,No,Yes,0,0
C106604,2025-07,10,26.75,263.37,Month-to-month,Credit card (automatic),No,No,0,0
C106605,2024-09,6,49.02,303.01,Month-to-month,Mailed check,DSL,No,0,0
C106606,2024-02,14,62.74,854.32,Month-to-month,Bank transfer (automatic),DSL,Yes,1,0
C106607,2025-05,17,71.15,1216.12,Month-to-month,Electronic check,Fiber optic,Yes,1,0
C106608,2023-12,20,73.8,1457.9,Month-to-month,Electronic check,Fiber optic,Yes,0,0
C106609,2026-02,2,72.14,146.99,Month-to-month,Electronic check,Fiber optic,No,1,1
C106610,2025-10,12,57.18,692.08,Month-to-month,Credit card (automatic),DSL,Yes,0,0
C106611,2020-10,50,44.04,2263.19,One year,Electronic check,No,Yes,1,0
C106612,2024-07,9,92.01,805.83,Month-to-month,Credit card (automatic),Fiber optic,Yes,0,0
C106613,2022-11,28,73.98,2152.9,Month-to-month,Bank transfer (automatic),Fiber optic,Yes,0,0
C106614,2019-07,72,77.8,5497.49,Month-to-month,Credit card (automatic),Fiber optic,No,0,0
C106615,2021-08,56,33.67,1804.11,Two year,Mailed check,No,No,1,0
C106616,2025-01,6,60.64,360.02,One year,Mailed check,DSL,Yes,0,0
C106617,2023-07,26,79.12,1961.1,Month-to-month,Electronic check,Fiber optic,Yes,0,0
C106618,2023-04,27,81.94,2247.06,Month-to-month,Mailed check,Fiber optic,No,0,0
C106619,2024-10,24,77.78,1808.56,Month-to-month,Bank transfer (automatic),Fiber optic,No,0,0
C106620,2025-05,6,47.13,289.56,Two year,Electronic check,DSL,No,1,0
C106621,2023-09,18,36.91,691.54,Month-to-month,Credit card (automatic),No,Yes,0,0
C106622,2024-06,18,56.14,1019.59,Month-to-month,Electronic check,DSL,No,0,1
C106623,2025-06,5,57.32,291.31,Month-to-month,Electronic check,DSL,Yes,0,0
C106624,2024-01,12,22.18,264.23,Month-to-month,Bank transfer (automatic),No,No,0,0
C106625,2024-05,18,70.7,1220.23,Month-to-month,Mailed check,Fiber optic,No,0,1
C106626,2024-09,14,73.01,1015.04,Month-to-month,Electronic check,Fiber optic,Yes,0,0
C106627,2024-06,25,78.48,1944.37,Month-to-month,Credit card (automatic),Fiber optic,Yes,1,0
C106628,2024-12,12,66.09,784.04,Month-to-month,Electronic check,DSL,No,1,0
C106629,2025-06,16,59.99,971.81,Month-to-month,Bank transfer (automatic),DSL,No,1,0
C106630,2022-09,29,26.82,778.75,Two year,Electronic check,No,No,0,0
C106631,2021-02,46,44.99,2154.27,Two year,Electronic check,DSL,No,1,0
C106632,2025-05,5,62.8,322.08,Month-to-month,Mailed check,DSL,No,0,0
C106633,2023-05,24,74.23,1819.43,One year,Credit card (automatic),Fiber optic,No,0,0
C106634,2024-09,11,18.0,206.02,Month-to-month,Mailed check,No,No,0,0
C106635,2024-08,20,81.57,1628.06,Month-to-month,Electronic check,Fiber optic,No,0,0
C106636,2025-12,5,57.56,299.86,Month-to-month,Electronic check,DSL,No,0,0
C106637,2023-12,34,42.42,1429.95,Month-to-month,Credit card (automatic),DSL,Yes,1,0
C106638,2024-09,8,34.04,266.55,Month-to-month,Electronic check,No,No,0,1
C106639,2023-01,30,75.82,2340.8,Month-to-month,Bank transfer (automatic),Fiber optic,Yes,1,0
C106640,2025-12,6,22.41,138.51,Month-to-month,Electronic check,No,No,0,0
C106641,2024-10,4,87.54,347.04,Month-to-month,Electronic check,Fiber optic,No,1,1
C106642,2025-08,13,74.94,987.29,One year,Electronic check,Fiber optic,No,0,0
C106643,2024-05,18,26.2,488.89,One year,Electronic check,No,No,0,0
C106644,2021-11,59,64.6,3631.77,Two year,Mailed check,Fiber optic,Yes,0,0
C106645,2024-02,17,54.15,944.88,Month-to-month,Mailed check,DSL,Yes,0,0
C106646,2025-05,6,54.35,321.17,Month-to-month,Credit card (automatic),DSL,Yes,1,0
C106647,2022-10,26,72.76,1973.19,Two year,Electronic check,Fiber optic,Yes,0,0
C106648,2022-05,38,49.46,1811.62,Two year,Mailed check,DSL,Yes,0,0
C106649,2025-03,8,52.82,428.64,Month-to-month,Mailed check,DSL,No,0,0
C106650,2023-07,29,76.25,2268.53,Month-to-month,Electronic check,Fiber optic,Yes,0,0
C106651,2022-04,35,66.68,2250.94,Two year,Electronic check,Fiber optic,No,0,0
C106652,2022-12,27,74.6,2089.78,Month-to-month,Electronic check,Fiber optic,Yes,1,0
C106653,2025-05,9,37.38,333.22,One year,Electronic check,No,Yes,1,1
C106654,2023-06,18,47.99,823.28,Two year,Mailed check,DSL,Yes,0,0
C106655,2025-02,20,68.24,1386.2,Two year,Electronic check,Fiber optic,Yes,0,0
C106656,2022-04,34,70.42,2275.66,Month-to-month,Mailed check,Fiber optic,No,0,0
C106657,2024-04,10,81.63,852.02,Month-to-month,Mailed check,Fiber optic,No,1,1
C106658,2023-09,29,64.86,1883.34,Month-to-month,Mailed check,Fiber optic,Yes,0,0
C106659,2023-10,14,70.02,1017.29,Month-to-month,Electronic check,Fiber optic,Yes,0,1
C106660,2024-11,12,79.28,967.32,Month-to-month,Mailed check,Fiber optic,Yes,0,0
C106661,2025-05,16,29.1,486.0,Month-to-month,Mailed check,No,No,0,0
C106662,2025-12,2,35.3,70.9,Month-to-month,Credit card (automatic),No,Yes,1,0
C106663,2025-05,2,28.84,56.67,Month-to-month,Electronic check,No,Yes,0,1
C106664,2025-08,3,70.97,203.98,Month-to-month,Electronic check,Fiber optic,No,0,1
C106665,2023-09,21,74.27,1521.25,Month-to-month,Credit card (automatic),Fiber optic,No,0,0
C106666,2024-01,13,67.25,909.7,Month-to-month,Electronic check,Fiber optic,Yes,1,0
C106667,2024-05,9,70.05,660.92,Month-to-month,Electronic check,Fiber optic,No,1,1
C106668,2024-04,15,60.48,865.19,Month-to-month,Credit card (automatic),DSL,No,0,1
C106669,2022-12,30,70.45,2062.09,One year,Mailed check,Fiber optic,Yes,0,0
C106670,2025-04,14,29.82,405.08,Month-to-month,Bank transfer (automatic),No,No,1,0
C106671,2024-09,6,75.75,455.2,Month-to-month,Electronic check,Fiber optic,Yes,0,0
C106672,2020-04,65,41.19,2666.3,Two year,Electronic check,DSL,Yes,0,0
C106673,2024-02,15,62.65,985.0,One year,Electronic check,Fiber optic,Yes,0,0
C106674,2023-01,35,74.29,2562.17,One year,Bank transfer (automatic),Fiber optic,No,0,0
C106675,2023-10,27,25.14,685.08,Two year,Mailed check,No,No,0,0
C106676,2024-06,11,53.68,607.93,Month-to-month,Bank transfer (automatic),DSL,No,0,0
C106677,2022-10,45,75.69,3240.88,One year,Credit card (automatic),Fiber optic,Yes,0,0
C106678,2025-07,10,63.39,652.31,Two year,Credit card (automatic),Fiber optic,No,1,0
C106679,2023-04,21,65.6,1404.16,Two year,Electronic check,Fiber optic,No,0,0
C106680,2024-04,19,50.68,1002.3,One year,Bank transfer (automatic),DSL,Yes,1,0
C106681,2023-04,20,77.02,1611.87,Month-to-month,Bank transfer (automatic),Fiber optic,No,0,0
C106682,2022-06,40,69.84,2812.2,One year,Bank transfer (automatic),Fiber optic,No,0,0
C106683,2025-06,16,65.2,1067.62,Two year,Credit card (automatic),Fiber optic,No,0,0
C106684,2024-01,18,62.96,1188.44,One year,Bank transfer (automatic),DSL,No,0,1
C106685,2023-11,19,75.24,1478.65,Month-to-month,Bank transfer (automatic),Fiber optic,No,0,1
C106686,2020-06,57,78.93,4535.79,Month-to-month,Electronic check,Fiber optic,No,0,0
C106687,2023-11,33,39.74,1265.09,Two year,Mailed check,DSL,No,0,0
C106688,2025-05,4,67.27,265.62,Month-to-month,Bank transfer (automatic),Fiber optic,No,0,1
C106689,2024-08,10,72.51,752.42,Two year,Bank transfer (automatic),Fiber optic,Yes,0,0
C106690,2025-04,17,28.55,465.13,Month-to-month,Bank transfer (automatic),No,No,1,0
C106691,2023-01,40,26.48,1100.18,One year,Mailed check,No,Yes,0,0
C106692,2021-07,43,66.3,2888.21,One year,Mailed check,Fiber optic,Yes,0,0
C106693,2023-08,15,58.65,907.0,One year,Credit card (automatic),DSL,No,1,0
C106694,2025-07,10,58.93,583.53,Month-to-month,Electronic check,DSL,Yes,0,0
C106695,2024-03,14,54.61,749.76,Month-to-month,Bank transfer (automatic),DSL,No,0,1
C106696,2024-03,17,76.47,1361.03,Month-to-month,Bank transfer (automatic),Fiber optic,Yes,0,1
C106697,2024-05,13,73.17,959.73,Month-to-month,Mailed check,Fiber optic,No,1,0
C106698,2022-07,36,23.5,861.68,Two year,Mailed check,No,Yes,0,0
C106699,2025-05,12,71.89,899.53,Month-to-month,Mailed check,Fiber optic,Yes,1,1
C106700,2026-02,8,59.59,475.52,Month-to-month,Bank transfer (automatic),DSL,No,1,0
C106701,2025-04,13,69.63,867.37,One year,Electronic check,Fiber optic,No,1,0
C106702,2024-07,20,75.34,1468.88,Month-to-month,Credit card (automatic),Fiber optic,No,0,1
C106703,2022-09,36,50.22,1830.22,One year,Bank transfer (automatic),DSL,No,0,0
C106704,2025-06,7,77.64,557.77,One year,Electronic check,Fiber optic,No,0,0
C106705,2024-11,20,48.9,978.59,One year,Electronic check,DSL,Yes,0,0
C106706,2023-03,20,61.96,1256.73,One year,Electronic check,DSL,Yes,0,0
C106707,2024-04,23,65.56,1535.26,Two year,Electronic check,Fiber optic,Yes,0,0
C106708,2024-12,12,24.17,276.75,Two year,Electronic check,No,Yes,0,0
C106709,2023-03,22,39.62,869.5,Two year,Electronic check,No,No,1,0
C106710,2023-05,26,48.6,1311.25,Month-to-month,Credit card (automatic),DSL,Yes,1,0
C106711,2024-12,12,74.78,857.85,Month-to-month,Bank transfer (automatic),Fiber optic,Yes,0,0
C106712,2025-01,18,34.87,638.63,One year,Credit card (automatic),No,No,0,0
C106713,2024-12,14,20.74,291.86,Month-to-month,Bank transfer (automatic),No,No,0,1
C106714,2024-02,9,31.55,290.18,Month-to-month,Bank transfer (automatic),No,No,0,0
C106715,2024-09,5,62.77,326.13,One year,Credit card (automatic),Fiber optic,No,0,0
C106716,2025-04,10,30.22,313.94,Month-to-month,Electronic check,No,Yes,0,0
C106717,2024-08,10,84.22,869.38,One year,Bank transfer (automatic),Fiber optic,Yes,0,0
C106718,2025-12,5,36.49,181.22,Two year,Credit card (automatic),DSL,Yes,0,0
C106719,2024-03,21,54.55,1108.67,Month-to-month,Credit card (automatic),DSL,Yes,0,0
C106720,2023-05,28,27.27,780.25,Month-to-month,Mailed check,No,No,0,1
C106721,2024-02,14,21.56,309.5,Two year,Credit card (automatic),No,No,0,0
C106722,2024-10,15,65.82,952.62,Month-to-month,Mailed check,Fiber optic,Yes,0,0
C106723,2025-06,11,78.59,885.31,One year,Electronic check,Fiber optic,Yes,0,0
C106724,2025-01,15,56.19,863.17,Month-to-month,Electronic check,DSL,Yes,0,1
C106725,2024-09,23,63.85,1474.75,Month-to-month,Mailed check,Fiber optic,No,0,0
C106726,2024-06,20,69.35,1436.41,Month-to-month,Electronic check,Fiber optic,No,1,0
C106727,2025-01,15,51.71,806.85,Month-to-month,Electronic check,DSL,Yes,0,0
C106728,2024-01,10,59.57,576.54,Two year,Electronic check,Fiber optic,No,0,0
C106729,2024-01,26,75.53,1900.12,Month-to-month,Credit card (automatic),Fiber optic,Yes,0,0
C106730,2024-08,11,31.53,332.7,Month-to-month,Credit card (automatic),No,No,1,1
C106731,2024-07,6,31.45,196.63,Month-to-month,Credit card (automatic),No,Yes,0,1
C106732,2025-03,17,62.72,1030.47,Two year,Bank transfer (automatic),DSL,Yes,1,0
C106733,2024-08,3,49.36,148.6,Month-to-month,Credit card (automatic),DSL,No,0,0
C106734,2024-01,19,47.76,870.49,Two year,Mailed check,DSL,Yes,0,0
C106735,2025-01,20,51.84,1046.29,Month-to-month,Mailed check,DSL,Yes,0,0
C106736,2025-12,10,77.13,765.37,One year,Mailed check,Fiber optic,Yes,0,0
C106737,2024-02,11,79.47,850.83,Month-to-month,Electronic check,Fiber optic,Yes,0,0
C106738,2023-06,29,43.82,1293.73,Two year,Bank transfer (automatic),DSL,No,1,0
C106739,2020-09,54,36.27,1952.62,Two year,Mailed check,No,Yes,0,0
C106740,2025-01,16,63.55,1015.69,Two year,Credit card (automatic),Fiber optic,No,0,0
C106741,2025-08,10,60.12,629.31,Month-to-month,Electronic check,DSL,No,1,1
C106742,2023-06,20,76.76,1506.77,One year,Electronic check,Fiber optic,Yes,0,0
C106743,2024-09,14,55.19,810.73,One year,Mailed check,DSL,Yes,0,0
C106744,2025-01,19,73.02,1434.37,Month-to-month,Electronic check,Fiber optic,No,0,0
C106745,2024-06,17,67.13,1102.5,Two year,Credit card (automatic),Fiber optic,No,0,0
C106746,2024-10,18,53.49,948.57,Two year,Bank transfer (automatic),DSL,No,0,0
C106747,2026-04,2,75.16,147.53,One year,Mailed check,Fiber optic,No,0,0
C106748,2024-07,11,34.26,385.56,Month-to-month,Bank transfer (automatic),No,No,0,1
C106749,2025-03,10,76.26,744.74,One year,Mailed check,Fiber optic,No,0,0
C106750,2025-06,10,77.05,753.51,Month-to-month,Electronic check,Fiber optic,No,0,1
C106751,2024-07,24,36.08,886.37,Two year,Mailed check,No,No,0,0
C106752,2024-09,6,26.4,162.76,Month-to-month,Electronic check,No,No,0,1
C106753,2025-07,2,30.25,61.92,Month-to-month,Bank transfer (automatic),No,No,0,0
C106754,2024-03,10,51.65,516.3,Month-to-month,Credit card (automatic),DSL,Yes,0,0
C106755,2025-06,8,69.66,570.86,Month-to-month,Electronic check,DSL,No,1,1
C106756,2025-06,16,79.59,1285.04,Month-to-month,Bank transfer (automatic),Fiber optic,Yes,0,0
C106757,2025-03,8,34.88,289.01,One year,Bank transfer (automatic),No,No,0,0
C106758,2025-01,13,71.68,951.15,Two year,Mailed check,Fiber optic,Yes,0,0
C106759,2024-12,11,29.66,329.95,Month-to-month,Mailed check,No,No,0,1
C106760,2022-12,35,85.02,3011.09,Two year,Mailed check,Fiber optic,Yes,0,0
C106761,2025-02,8,62.29,488.0,Month-to-month,Mailed check,DSL,No,0,0
C106762,2023-04,23,28.08,651.76,Month-to-month,Mailed check,No,No,0,0
C106763,2025-04,14,28.37,416.05,Month-to-month,Electronic check,No,No,0,1
C106764,2022-06,29,76.33,2312.36,Month-to-month,Mailed check,Fiber optic,Yes,0,0
C106765,2023-04,42,71.76,2899.62,Month-to-month,Bank transfer (automatic),Fiber optic,No,0,1
C106766,2024-08,14,69.91,968.34,One year,Mailed check,Fiber optic,Yes,0,0
C106767,2025-06,3,65.88,192.25,Month-to-month,Credit card (automatic),Fiber optic,No,0,1
C106768,2024-10,6,60.63,373.68,Month-to-month,Electronic check,Fiber optic,Yes,0,1
C106769,2025-10,5,80.86,406.73,Two year,Mailed check,Fiber optic,No,0,0
C106770,2024-07,11,71.96,822.2,Month-to-month,Bank transfer (automatic),Fiber optic,Yes,1,1
C106771,2025-12,9,50.98,441.77,One year,Mailed check,DSL,No,0,0
C106772,2024-06,18,51.01,929.3,Two year,Credit card (automatic),DSL,No,0,0
C106773,2023-09,28,54.78,1531.48,Two year,Electronic check,DSL,No,1,0
C106774,2024-08,3,79.66,241.03,Month-to-month,Mailed check,Fiber optic,Yes,0,0
C106775,2023-08,15,81.17,1256.07,Month-to-month,Bank transfer (automatic),Fiber optic,No,0,0
C106776,2024-05,8,75.45,624.42,One year,Bank transfer (automatic),Fiber optic,Yes,0,0
C106777,2024-04,16,70.39,1069.95,One year,Bank transfer (automatic),Fiber optic,No,1,1
C106778,2025-10,11,60.39,687.84,One year,Bank transfer (automatic),DSL,Yes,1,0
C106779,2023-04,25,73.93,1937.04,Month-to-month,Electronic check,Fiber optic,Yes,0,0
C106780,2025-12,6,81.19,500.11,Month-to-month,Bank transfer (automatic),Fiber optic,No,0,0
C106781,2024-05,9,65.76,573.87,Month-to-month,Bank transfer (automatic),Fiber optic,Yes,0,0
C106782,2024-11,14,60.61,831.3,One year,Bank transfer (automatic),DSL,No,0,0
C106783,2024-06,12,66.65,767.7,One year,Electronic check,Fiber optic,No,0,0
C106784,2024-07,14,66.3,973.6,Month-to-month,Credit card (automatic),Fiber optic,No,0,0
C106785,2025-08,4,67.21,266.54,Month-to-month,Bank transfer (automatic),Fiber optic,No,0,0
C106786,2022-05,38,56.22,2222.36,Month-to-month,Electronic check,DSL,Yes,0,0
C106787,2024-04,10,88.72,911.14,Month-to-month,Electronic check,Fiber optic,Yes,0,0
C106788,2024-10,7,28.82,198.81,Month-to-month,Bank transfer (automatic),No,No,1,1
C106789,2025-01,14,29.33,400.73,Month-to-month,Credit card (automatic),No,Yes,0,0
C106790,2025-03,15,34.61,516.83,Month-to-month,Mailed check,No,No,1,1
C106791,2022-03,49,47.15,2272.14,Two year,Credit card (automatic),DSL,No,0,0
C106792,2023-03,31,68.1,2123.07,Two year,Mailed check,Fiber optic,Yes,0,1
C106793,2025-05,11,52.91,554.63,Month-to-month,Mailed check,DSL,Yes,0,0
C106794,2021-08,43,86.8,3778.37,Month-to-month,Bank transfer (automatic),Fiber optic,No,0,1
C106795,2022-12,38,69.45,2741.36,Two year,Electronic check,Fiber optic,No,0,0
C106796,2025-11,7,79.49,541.12,Month-to-month,Electronic check,Fiber optic,No,1,0
C106797,2020-08,56,24.53,1352.23,One year,Bank transfer (automatic),No,No,1,0
C106798,2024-07,10,23.17,241.25,Month-to-month,Electronic check,No,No,0,0
C106799,2025-03,17,54.58,946.11,Two year,Electronic check,DSL,Yes,0,0
C106800,2022-12,34,31.52,1019.55,Month-to-month,Electronic check,No,Yes,0,0
C106801,2025-07,3,33.78,100.43,Two year,Electronic check,No,No,0,0
C106802,2024-11,14,69.68,938.58,Month-to-month,Electronic check,Fiber optic,No,0,1
C106803,2024-01,19,54.45,1007.2,Month-to-month,Electronic check,DSL,Yes,0,0
C106804,2023-04,30,47.27,1456.05,Month-to-month,Credit card (automatic),DSL,No,1,1
C106805,2023-09,15,66.03,949.59,Two year,Bank transfer (automatic),Fiber optic,Yes,0,0
C106806,2026-04,3,46.33,136.66,Month-to-month,Bank transfer (automatic),DSL,No,0,0
C106807,2021-12,49,48.89,2313.9,Two year,Electronic check,DSL,No,0,0
C106808,2024-10,15,58.45,900.31,Two year,Electronic check,DSL,Yes,0,0
C106809,2024-04,19,66.85,1255.97,One year,Credit card (automatic),Fiber optic,No,0,0
C106810,2025-01,4,69.78,278.62,Month-to-month,Bank transfer (automatic),Fiber optic,No,1,1
C106811,2022-05,37,49.6,1768.35,Two year,Credit card (automatic),DSL,Yes,0,0
C106812,2024-02,10,28.9,300.78,Month-to-month,Mailed check,No,Yes,0,0
C106813,2025-11,8,59.62,494.53,Month-to-month,Bank transfer (automatic),DSL,No,0,1
C106814,2023-08,32,61.21,2015.32,Two year,Mailed check,Fiber optic,No,0,0
C106815,2025-08,5,59.98,309.84,Month-to-month,Electronic check,Fiber optic,Yes,0,0
C106816,2023-10,19,75.38,1503.2,Month-to-month,Credit card (automatic),Fiber optic,Yes,0,0
C106817,2026-02,8,65.14,523.16,Month-to-month,Electronic check,DSL,Yes,0,1
C106818,2024-08,21,73.84,1607.7,Month-to-month,Mailed check,Fiber optic,No,0,1
C106819,2024-09,25,57.38,1488.53,Month-to-month,Electronic check,DSL,No,0,1
C106820,2025-11,10,54.52,544.11,Month-to-month,Bank transfer (automatic),DSL,No,0,0
C106821,2023-01,35,79.47,2691.51,Month-to-month,Bank transfer (automatic),Fiber optic,Yes,0,0
C106822,2025-01,15,53.23,803.87,Month-to-month,Mailed check,DSL,No,0,0
C106823,2021-02,49,27.16,1368.76,Two year,Credit card (automatic),No,Yes,0,0
C106824,2023-12,32,84.83,2761.04,Month-to-month,Electronic check,Fiber optic,Yes,0,0
C106825,2024-08,17,61.86,1074.45,Month-to-month,Credit card (automatic),DSL,No,0,0
C106826,2025-05,16,64.85,1005.24,Two year,Bank transfer (automatic),Fiber optic,Yes,0,0
C106827,2025-04,5,71.01,341.01,Month-to-month,Credit card (automatic),Fiber optic,No,0,0
C106828,2022-11,32,71.42,2241.4,Month-to-month,Bank transfer (automatic),Fiber optic,No,0,1
C106829,2025-02,9,22.06,199.37,One year,Mailed check,No,Yes,0,0
C106830,2025-02,18,71.69,1253.6,Month-to-month,Mailed check,Fiber optic,No,0,0
C106831,2021-11,49,49.87,2368.48,Two year,Credit card (automatic),DSL,No,0,0
C106832,2022-03,35,67.36,2472.03,One year,Credit card (automatic),Fiber optic,Yes,1,0
C106833,2025-01,7,33.07,237.41,Month-to-month,Bank transfer (automatic),No,No,1,0
C106834,2024-06,15,44.96,664.95,Month-to-month,Bank transfer (automatic),DSL,Yes,0,0
C106835,2023-05,19,47.92,876.14,Month-to-month,Mailed check,DSL,No,0,1
C106836,2023-04,38,72.95,2675.23,Two year,Electronic check,Fiber optic,Yes,0,0
C106837,2022-11,34,86.41,2907.62,Month-to-month,Electronic check,Fiber optic,No,0,1
C106838,2024-04,23,52.12,1164.11,Two year,Bank transfer (automatic),DSL,No,0,0
C106839,2023-05,21,22.59,451.8,Two year,Bank transfer (automatic),No,Yes,0,0
C106840,2024-01,15,46.12,713.07,One year,Bank transfer (automatic),DSL,Yes,0,0
C106841,2024-07,19,27.75,514.62,Month-to-month,Bank transfer (automatic),No,No,0,0
C106842,2024-01,13,36.4,490.27,One year,Electronic check,No,No,0,0
C106843,2024-02,26,55.89,1517.22,One year,Electronic check,DSL,Yes,1,0
C106844,2024-02,22,67.58,1484.36,Month-to-month,Electronic check,Fiber optic,No,0,0
C106845,2024-02,31,52.77,1595.38,Two year,Electronic check,DSL,Yes,1,0
C106846,2023-06,30,83.61,2543.77,Month-to-month,Bank transfer (automatic),Fiber optic,No,0,0
C106847,2024-11,9,76.08,715.46,Two year,Bank transfer (automatic),Fiber optic,No,0,0
C106848,2025-05,2,82.98,170.15,Month-to-month,Credit card (automatic),Fiber optic,No,0,0
C106849,2024-08,9,79.8,693.33,Month-to-month,Electronic check,Fiber optic,No,0,1
C106850,2023-10,19,64.31,1261.42,One year,Credit card (automatic),Fiber optic,Yes,0,0
C106851,2024-06,13,50.16,656.2,Month-to-month,Bank transfer (automatic),DSL,Yes,0,0
C106852,2025-01,12,65.44,781.95,Month-to-month,Electronic check,DSL,Yes,1,0
C106853,2024-06,8,72.96,565.13,Month-to-month,Bank transfer (automatic),Fiber optic,No,0,1
C106854,2024-06,21,18.0,379.5,Two year,Credit card (automatic),No,Yes,0,0
C106855,2026-02,3,78.64,241.55,Month-to-month,Mailed check,Fiber optic,Yes,0,1
C106856,2024-05,23,78.37,1780.56,One year,Bank transfer (automatic),Fiber optic,Yes,1,0
C106857,2023-08,23,28.32,680.86,One year,Electronic check,No,Yes,0,0
C106858,2023-01,30,56.1,1627.38,One year,Electronic check,DSL,No,0,0
C106859,2019-11,72,23.83,1633.68,One year,Electronic check,No,No,0,0
C106860,2024-11,2,52.21,104.49,Month-to-month,Electronic check,DSL,Yes,0,1
C106861,2024-05,22,39.75,845.72,Two year,Bank transfer (automatic),DSL,Yes,0,0
C106862,2024-07,25,21.16,536.51,Two year,Electronic check,No,Yes,0,0
C106863,2025-02,9,77.62,693.93,Two year,Bank transfer (automatic),Fiber optic,No,0,0
C106864,2025-03,13,18.0,231.92,One year,Credit card (automatic),No,No,0,0
C106865,2024-06,11,69.68,763.02,One year,Credit card (automatic),Fiber optic,Yes,0,0
C106866,2023-11,23,47.4,1048.89,Two year,Electronic check,DSL,Yes,0,0
C106867,2022-04,33,56.37,1818.3,One year,Electronic check,DSL,No,0,1
C106868,2024-10,6,56.2,335.44,Two year,Mailed check,Fiber optic,No,0,0
C106869,2023-11,21,70.42,1517.9,Month-to-month,Electronic check,Fiber optic,No,0,1
C106870,2022-11,37,71.47,2746.11,Month-to-month,Mailed check,Fiber optic,Yes,1,0
C106871,2024-10,9,57.43,505.05,Month-to-month,Bank transfer (automatic),DSL,No,1,0
C106872,2025-06,8,54.94,424.45,Month-to-month,Bank transfer (automatic),DSL,No,0,0
C106873,2024-05,7,65.06,449.29,Month-to-month,Electronic check,Fiber optic,Yes,0,0
C106874,2024-12,8,52.97,418.19,Month-to-month,Electronic check,DSL,Yes,0,0
C106875,2021-05,48,64.34,3073.92,Two year,Credit card (automatic),Fiber optic,Yes,0,0
C106876,2021-09,56,53.38,3022.79,Two year,Credit card (automatic),DSL,No,0,0
C106877,2023-01,40,27.32,1084.38,One year,Bank transfer (automatic),No,Yes,0,0
C106878,2024-11,12,85.49,1000.64,Month-to-month,Bank transfer (automatic),Fiber optic,Yes,1,1
C106879,2021-11,41,46.62,1831.35,Two year,Bank transfer (automatic),DSL,No,0,0
C106880,2024-06,7,71.59,516.34,Month-to-month,Electronic check,Fiber optic,No,0,0
C106881,2024-04,27,65.81,1819.32,Two year,Credit card (automatic),Fiber optic,Yes,0,0
C106882,2025-10,10,73.84,764.65,Month-to-month,Electronic check,Fiber optic,Yes,0,0
C106883,2026-01,6,60.05,349.1,Month-to-month,Bank transfer (automatic),DSL,Yes,1,0
C106884,2024-12,20,66.35,1373.45,Two year,Electronic check,Fiber optic,Yes,0,0
C106885,2023-03,21,27.63,603.64,Month-to-month,Bank transfer (automatic),No,Yes,0,0
C106886,2024-09,22,54.94,1250.42,One year,Bank transfer (automatic),DSL,No,0,0
C106887,2024-08,24,69.32,1586.87,Month-to-month,Bank transfer (automatic),Fiber optic,No,1,0
C106888,2024-07,20,58.78,1157.52,Month-to-month,Mailed check,DSL,No,0,0
C106889,2024-01,14,66.73,977.9,Two year,Bank transfer (automatic),Fiber optic,Yes,0,0
C106890,2023-09,16,69.58,1117.59,Month-to-month,Bank transfer (automatic),Fiber optic,Yes,0,0
C106891,2023-03,27,43.97,1219.19,Month-to-month,Bank transfer (automatic),DSL,No,0,1
C106892,2024-01,19,43.99,819.85,Two year,Mailed check,DSL,Yes,0,0
C106893,2024-05,11,73.76,807.08,Month-to-month,Mailed check,Fiber optic,No,1,1
C106894,2025-11,9,74.45,662.23,Month-to-month,Bank transfer (automatic),Fiber optic,No,0,0
C106895,2024-05,16,27.09,446.28,One year,Electronic check,No,No,0,0
C106896,2023-08,37,63.12,2253.55,One year,Bank transfer (automatic),Fiber optic,No,0,0
C106897,2023-04,24,27.53,658.08,One year,Electronic check,No,Yes,1,0
C106898,2022-09,38,19.48,768.9,One year,Bank transfer (automatic),No,Yes,1,0
C106899,2023-12,12,47.38,589.27,Month-to-month,Mailed check,DSL,No,0,1
C106900,2024-02,18,36.51,677.86,Month-to-month,Credit card (automatic),No,No,0,0
C106901,2023-09,20,26.79,514.68,Two year,Electronic check,No,No,0,0
C106902,2024-05,28,77.53,2188.27,Month-to-month,Mailed check,Fiber optic,Yes,0,0
C106903,2025-03,12,77.4,912.31,Two year,Electronic check,Fiber optic,No,0,0
C106904,2023-11,24,54.46,1368.63,Month-to-month,Credit card (automatic),DSL,No,0,0
C106905,2022-01,36,60.57,2197.44,Month-to-month,Electronic check,DSL,Yes,0,0
C106906,2024-03,15,54.93,857.01,One year,Mailed check,DSL,No,0,0
C106907,2025-03,8,50.49,391.0,Month-to-month,Electronic check,DSL,Yes,0,0
C106908,2022-07,36,70.94,2637.33,One year,Bank transfer (automatic),Fiber optic,Yes,0,0
C106909,2024-05,26,64.3,1657.54,Two year,Electronic check,Fiber optic,No,1,0
C106910,2025-01,5,56.27,280.94,One year,Bank transfer (automatic),DSL,Yes,0,0
C106911,2023-10,15,58.59,907.21,One year,Electronic check,DSL,No,0,0
C106912,2021-12,50,42.2,2046.53,Two year,Mailed check,DSL,Yes,1,0
C106913,2024-02,23,24.53,545.17,Month-to-month,Electronic check,No,No,1,1
C106914,2023-08,16,25.26,386.04,Two year,Bank transfer (automatic),No,Yes,0,0
C106915,2025-10,7,49.91,350.76,Month-to-month,Electronic check,DSL,No,0,0
C106916,2024-11,7,28.39,202.67,Month-to-month,Credit card (automatic),No,Yes,0,0
C106917,2023-04,27,30.78,866.66,One year,Mailed check,No,No,0,0
C106918,2025-09,8,37.52,308.22,Month-to-month,Bank transfer (automatic),No,No,0,1
C106919,2023-03,20,25.57,517.46,One year,Electronic check,No,Yes,0,0
C106920,2023-09,15,71.49,1073.25,Month-to-month,Electronic check,Fiber optic,No,0,0
C106921,2023-07,19,57.03,1078.88,Month-to-month,Credit card (automatic),DSL,Yes,0,0
C106922,2024-05,14,28.29,393.57,One year,Bank transfer (automatic),No,Yes,1,0
C106923,2024-06,22,19.24,436.23,One year,Bank transfer (automatic),No,Yes,0,0
C106924,2024-04,30,45.22,1337.13,Two year,Bank transfer (automatic),DSL,No,0,0
C106925,2024-03,14,72.69,998.77,Month-to-month,Electronic check,Fiber optic,No,0,1
C106926,2023-02,28,79.45,2311.96,Month-to-month,Credit card (automatic),Fiber optic,No,0,0
C106927,2023-01,39,81.44,3294.16,Month-to-month,Mailed check,Fiber optic,Yes,1,0
C106928,2024-12,20,68.41,1400.57,Month-to-month,Credit card (automatic),Fiber optic,Yes,1,0
C106929,2023-08,26,50.15,1324.06,Month-to-month,Bank transfer (automatic),DSL,No,0,0
C106930,2024-05,6,76.95,455.42,One year,Electronic check,Fiber optic,No,0,0
C106931,2025-05,14,52.0,747.39,Month-to-month,Bank transfer (automatic),DSL,Yes,0,0
C106932,2025-11,4,52.51,216.04,Two year,Credit card (automatic),DSL,Yes,0,0
C106933,2025-05,11,73.62,810.24,Month-to-month,Electronic check,Fiber optic,No,0,0
C106934,2025-04,14,71.95,996.01,One year,Mailed check,Fiber optic,Yes,1,0
C106935,2020-06,53,72.28,3684.7,Month-to-month,Bank transfer (automatic),Fiber optic,Yes,0,0
C106936,2024-05,9,61.46,557.5,Month-to-month,Electronic check,DSL,Yes,0,0
C106937,2024-08,16,65.45,1049.38,Month-to-month,Electronic check,Fiber optic,Yes,0,0
C106938,2025-06,8,52.38,424.79,Month-to-month,Bank transfer (automatic),DSL,Yes,0,1
C106939,2024-03,14,58.7,781.81,One year,Credit card (automatic),DSL,Yes,0,0
C106940,2023-01,22,73.48,1636.69,Month-to-month,Mailed check,Fiber optic,Yes,0,0
C106941,2023-11,25,74.06,1911.2,Month-to-month,Credit card (automatic),Fiber optic,Yes,0,1
C106942,2024-02,12,74.47,901.58,Two year,Electronic check,Fiber optic,Yes,1,0
C106943,2025-12,10,77.49,771.17,Month-to-month,Electronic check,Fiber optic,Yes,0,0
C106944,2021-12,43,59.78,2697.97,Month-to-month,Electronic check,DSL,No,1,0
C106945,2024-07,12,61.88,751.02,Month-to-month,Mailed check,DSL,Yes,0,0
C106946,2025-10,2,66.03,136.0,Month-to-month,Bank transfer (automatic),Fiber optic,Yes,0,1
C106947,2022-12,36,71.95,2518.21,Month-to-month,Electronic check,Fiber optic,No,0,0
C106948,2026-04,3,69.74,202.82,Month-to-month,Mailed check,Fiber optic,No,0,1
C106949,2023-04,36,73.62,2762.58,One year,Bank transfer (automatic),Fiber optic,No,0,0
C106950,2025-03,4,35.91,149.78,Month-to-month,Bank transfer (automatic),No,Yes,0,0
C106951,2026-01,5,39.66,190.93,Month-to-month,Bank transfer (automatic),DSL,No,0,0
C106952,2025-10,6,20.16,126.57,Month-to-month,Bank transfer (automatic),No,No,0,0
C106953,2024-12,11,59.21,666.23,One year,Credit card (automatic),Fiber optic,Yes,0,0
C106954,2023-08,36,69.46,2450.32,Month-to-month,Bank transfer (automatic),Fiber optic,Yes,0,0
C106955,2024-06,7,74.8,508.83,Month-to-month,Credit card (automatic),Fiber optic,Yes,0,0
C106956,2023-03,22,81.24,1814.35,One year,Credit card (automatic),Fiber optic,Yes,0,0
C106957,2024-07,19,44.46,810.73,One year,Credit card (automatic),DSL,Yes,0,0
C106958,2024-11,17,68.85,1195.1,Month-to-month,Electronic check,DSL,Yes,0,0
C106959,2023-01,32,53.22,1757.91,Two year,Mailed check,DSL,No,1,0
C106960,2023-07,18,57.84,1042.06,Month-to-month,Mailed check,DSL,No,0,1
C106961,2025-02,19,54.35,1066.27,Two year,Electronic check,DSL,Yes,0,0
C106962,2024-08,26,45.98,1216.35,Month-to-month,Bank transfer (automatic),DSL,Yes,0,0
C106963,2024-06,11,25.91,287.25,Month-to-month,Electronic check,No,No,1,1
C106964,2024-02,16,48.31,767.29,Month-to-month,Bank transfer (automatic),DSL,Yes,1,0
C106965,2023-08,20,30.91,627.62,Two year,Credit card (automatic),No,No,0,0
C106966,2023-02,30,65.99,2073.6,One year,Mailed check,Fiber optic,No,0,0
C106967,2024-11,14,48.73,656.15,Two year,Credit card (automatic),DSL,No,0,0
C106968,2025-05,16,46.01,711.77,Two year,Bank transfer (automatic),DSL,Yes,0,0
C106969,2024-02,22,60.77,1358.73,One year,Credit card (automatic),DSL,No,0,0
C106970,2025-06,14,70.75,1038.5,Month-to-month,Electronic check,Fiber optic,Yes,0,1
C106971,2025-12,9,47.79,430.09,Month-to-month,Credit card (automatic),DSL,Yes,0,0
C106972,2023-07,26,29.88,768.8,Two year,Electronic check,No,No,0,0
C106973,2023-06,18,68.02,1280.73,Two year,Credit card (automatic),Fiber optic,Yes,0,0
C106974,2024-04,12,82.82,971.86,Month-to-month,Electronic check,Fiber optic,Yes,0,0
C106975,2025-03,6,76.24,449.61,Month-to-month,Electronic check,Fiber optic,No,1,0
C106976,2026-03,3,76.04,226.34,Month-to-month,Electronic check,Fiber optic,Yes,1,0
C106977,2024-08,23,34.67,798.95,Month-to-month,Bank transfer (automatic),No,Yes,0,0
C106978,2025-11,9,77.16,663.47,Month-to-month,Credit card (automatic),Fiber optic,No,0,0
C106979,2025-01,4,56.95,225.58,One year,Bank transfer (automatic),DSL,Yes,0,0
C106980,2024-07,8,33.65,271.43,Month-to-month,Bank transfer (automatic),No,No,0,0
C106981,2023-08,20,25.03,481.76,Two year,Electronic check,No,No,0,0
C106982,2026-01,9,61.19,548.57,Two year,Credit card (automatic),Fiber optic,No,0,0
C106983,2024-10,20,73.34,1438.53,Month-to-month,Mailed check,Fiber optic,Yes,0,0
C106984,2025-01,10,62.36,599.37,Month-to-month,Credit card (automatic),Fiber optic,No,0,0
C106985,2024-08,16,66.98,1116.26,One year,Bank transfer (automatic),Fiber optic,Yes,0,0
C106986,2025-02,17,72.03,1207.12,Month-to-month,Mailed check,Fiber optic,Yes,0,0
C106987,2023-11,25,79.19,1978.34,One year,Electronic check,Fiber optic,Yes,1,0
C106988,2023-06,26,27.29,711.3,One year,Bank transfer (automatic),No,No,0,0
C106989,2024-10,16,84.93,1313.48,Month-to-month,Credit card (automatic),Fiber optic,Yes,0,0
C106990,2025-03,7,74.23,523.06,One year,Bank transfer (automatic),Fiber optic,No,0,0
C106991,2022-04,34,64.63,2141.57,Month-to-month,Credit card (automatic),Fiber optic,No,0,0
C106992,2025-07,12,61.29,743.21,Month-to-month,Credit card (automatic),DSL,Yes,1,0
C106993,2025-04,2,74.67,143.63,Two year,Electronic check,Fiber optic,No,0,0
C106994,2023-09,19,64.35,1258.35,Month-to-month,Mailed check,Fiber optic,Yes,1,0
C106995,2023-05,20,58.77,1218.12,Month-to-month,Bank transfer (automatic),DSL,Yes,0,0
C106996,2025-04,12,63.08,793.33,Month-to-month,Electronic check,DSL,No,1,1
C106997,2025-06,4,41.56,172.81,Month-to-month,Bank transfer (automatic),DSL,No,0,0
C106998,2025-08,4,47.95,194.95,Month-to-month,Electronic check,DSL,Yes,0,0
C106999,2024-02,13,77.12,966.93,One year,Bank transfer (automatic),Fiber optic,No,0,0
C107000,2025-11,7,73.36,492.33,Month-to-month,Mailed check,Fiber optic,Yes,0,0
C107001,2023-11,30,80.32,2308.17,One year,Credit card (automatic),Fiber optic,No,0,0
C107002,2025-04,12,80.14,994.37,Month-to-month,Mailed check,Fiber optic,Yes,0,0
C107003,2025-05,11,59.47,671.5,Month-to-month,Bank transfer (automatic),DSL,Yes,0,1
C107004,2020-12,50,34.1,1657.69,Two year,Electronic check,No,No,0,0
C107005,2025-09,2,66.59,129.67,One year,Credit card (automatic),Fiber optic,No,0,1
C107006,2024-02,16,69.64,1069.29,One year,Mailed check,Fiber optic,Yes,0,0
C107007,2025-08,3,66.18,207.91,Month-to-month,Bank transfer (automatic),DSL,No,0,1
C107008,2022-04,36,26.2,919.73,One year,Credit card (automatic),No,Yes,1,0
C107009,2026-05,4,78.07,323.14,One year,Mailed check,Fiber optic,Yes,0,0
C107010,2024-08,21,25.92,558.75,Two year,Electronic check,No,Yes,1,0
C107011,2024-02,18,66.91,1240.77,One year,Electronic check,Fiber optic,No,0,0
C107012,2026-01,3,23.58,71.65,Month-to-month,Bank transfer (automatic),No,Yes,0,1
C107013,2025-01,21,77.82,1587.34,Month-to-month,Electronic check,Fiber optic,Yes,0,1
C107014,2024-06,10,62.33,605.87,Month-to-month,Electronic check,DSL,Yes,1,1
C107015,2024-07,23,77.44,1858.35,Month-to-month,Electronic check,Fiber optic,No,0,0
C107016,2024-04,10,56.03,563.29,Month-to-month,Mailed check,DSL,Yes,0,0
C107017,2024-06,21,67.62,1444.26,Month-to-month,Mailed check,Fiber optic,Yes,0,0
C107018,2024-08,14,54.51,765.46,Month-to-month,Mailed check,DSL,No,1,1
C107019,2023-05,21,72.59,1500.38,One year,Bank transfer (automatic),Fiber optic,No,0,0
C107020,2024-03,23,66.23,1554.44,One year,Bank transfer (automatic),Fiber optic,Yes,0,0
C107021,2025-05,13,74.11,998.07,One year,Mailed check,Fiber optic,No,0,1
C107022,2025-01,12,70.38,822.08,Month-to-month,Credit card (automatic),Fiber optic,No,0,0
C107023,2024-02,23,69.16,1537.0,One year,Mailed check,Fiber optic,No,0,0
C107024,2024-10,10,73.15,699.75,Two year,Credit card (automatic),Fiber optic,Yes,0,0
C107025,2024-06,13,84.11,1137.51,Month-to-month,Bank transfer (automatic),Fiber optic,No,0,0
C107026,2021-06,41,77.58,3240.35,Two year,Mailed check,Fiber optic,Yes,0,0
C107027,2025-03,16,28.67,468.38,Month-to-month,Bank transfer (automatic),No,No,0,0
C107028,2024-04,26,55.61,1381.42,One year,Electronic check,DSL,No,1,0
C107029,2025-12,9,58.33,519.65,Month-to-month,Credit card (automatic),DSL,No,0,0
C107030,2025-01,20,75.3,1439.33,One year,Bank transfer (automatic),Fiber optic,No,0,0
C107031,2025-08,14,69.3,988.53,Two year,Electronic check,Fiber optic,Yes,0,0
C107032,2025-02,12,37.31,440.66,Month-to-month,Mailed check,No,Yes,0,0
C107033,2024-08,3,24.66,77.54,One year,Bank transfer (automatic),No,No,0,0
C107034,2026-02,7,21.49,153.75,One year,Electronic check,No,Yes,0,0
C107035,2022-06,52,70.66,3543.03,Two year,Electronic check,Fiber optic,No,0,0
C107036,2025-01,14,72.67,985.04,Month-to-month,Credit card (automatic),Fiber optic,No,0,1
C107037,2024-03,16,66.05,1016.84,Month-to-month,Mailed check,DSL,No,0,1
C107038,2023-02,29,47.35,1338.75,Two year,Electronic check,DSL,No,0,0
C107039,2025-03,19,77.75,1546.85,One year,Electronic check,Fiber optic,Yes,0,0
C107040,2025-10,12,71.39,898.26,Two year,Bank transfer (automatic),Fiber optic,Yes,1,0
C107041,2024-03,12,46.15,542.0,Month-to-month,Bank transfer (automatic),DSL,No,0,0
C107042,2024-09,6,31.91,186.56,One year,Bank transfer (automatic),No,No,0,0
C107043,2023-08,22,23.24,498.83,Two year,Credit card (automatic),No,No,0,0
C107044,2024-09,22,64.57,1421.37,Two year,Electronic check,DSL,Yes,0,0
C107045,2023-07,16,47.62,760.53,One year,Electronic check,DSL,No,0,0
C107046,2024-03,14,24.02,334.55,Month-to-month,Electronic check,No,Yes,0,0
C107047,2023-02,22,39.26,827.41,One year,Mailed check,DSL,No,0,0
C107048,2025-02,6,49.96,292.52,Month-to-month,Electronic check,DSL,Yes,0,0
C107049,2023-03,20,78.91,1570.97,Month-to-month,Mailed check,Fiber optic,Yes,0,1
C107050,2023-01,43,22.17,926.2,One year,Credit card (automatic),No,Yes,1,0
C107051,2025-12,9,74.64,680.13,One year,Electronic check,Fiber optic,Yes,0,0
C107052,2023-10,13,76.1,955.07,Month-to-month,Credit card (automatic),Fiber optic,No,0,1
C107053,2022-09,35,23.7,817.82,Month-to-month,Credit card (automatic),No,No,0,0
C107054,2024-04,16,70.84,1162.79,One year,Mailed check,Fiber optic,No,1,0
C107055,2023-02,27,62.91,1714.13,Two year,Credit card (automatic),Fiber optic,Yes,0,0
C107056,2023-03,21,57.51,1257.51,One year,Bank transfer (automatic),DSL,No,0,0
C107057,2024-10,22,63.62,1370.02,Month-to-month,Mailed check,Fiber optic,Yes,0,1
C107058,2025-07,9,78.98,676.01,Month-to-month,Bank transfer (automatic),Fiber optic,No,0,0
C107059,2025-08,9,50.22,452.26,Month-to-month,Electronic check,DSL,No,0,1
C107060,2024-03,25,75.26,1829.05,Month-to-month,Mailed check,Fiber optic,Yes,0,0
C107061,2025-08,5,55.15,265.36,One year,Credit card (automatic),DSL,No,0,0
C107062,2024-08,13,55.4,685.47,Month-to-month,Bank transfer (automatic),DSL,No,0,1
C107063,2023-04,22,86.93,1929.02,Month-to-month,Mailed check,Fiber optic,No,0,1
C107064,2025-04,13,47.65,612.4,Two year,Bank transfer (automatic),DSL,No,0,0
C107065,2024-01,14,46.34,637.3,Month-to-month,Credit card (automatic),DSL,No,0,0
C107066,2023-05,28,87.59,2423.44,Month-to-month,Electronic check,Fiber optic,Yes,0,0
C107067,2022-01,38,30.58,1192.62,One year,Electronic check,No,No,0,0
C107068,2019-10,65,75.48,4774.78,Month-to-month,Electronic check,Fiber optic,No,0,0
C107069,2023-04,36,68.02,2451.09,Month-to-month,Credit card (automatic),DSL,Yes,0,0
C107070,2024-05,11,60.73,701.03,Two year,Mailed check,Fiber optic,Yes,0,0
C107071,2024-08,8,71.09,543.12,One year,Electronic check,Fiber optic,Yes,0,1
C107072,2024-10,11,45.88,512.64,One year,Bank transfer (automatic),DSL,Yes,0,0
C107073,2024-09,23,51.74,1211.77,One year,Mailed check,DSL,No,0,0
C107074,2023-12,12,66.01,786.0,Month-to-month,Electronic check,Fiber optic,No,1,1
C107075,2024-03,9,72.15,669.3,One year,Credit card (automatic),Fiber optic,No,0,0
C107076,2022-09,41,52.52,2190.23,One year,Bank transfer (automatic),DSL,No,0,0
C107077,2024-11,12,54.41,666.78,Month-to-month,Electronic check,DSL,No,0,1
C107078,2024-03,21,61.01,1233.73,Month-to-month,Credit card (automatic),Fiber optic,Yes,0,0
C107079,2023-08,21,76.24,1608.62,One year,Electronic check,Fiber optic,Yes,0,0
C107080,2025-12,3,73.25,212.44,Month-to-month,Electronic check,Fiber optic,Yes,0,1
C107081,2021-07,40,44.21,1694.07,One year,Mailed check,No,No,0,0
C107082,2026-02,6,51.83,308.63,Month-to-month,Electronic check,DSL,No,0,1
C107083,2025-09,4,70.84,271.99,Month-to-month,Bank transfer (automatic),Fiber optic,No,0,1
C107084,2025-01,11,75.63,790.37,Month-to-month,Electronic check,Fiber optic,Yes,0,0
C107085,2025-07,8,67.26,563.43,Month-to-month,Electronic check,Fiber optic,No,0,1
C107086,2022-11,36,82.02,3064.01,Month-to-month,Credit card (automatic),Fiber optic,Yes,1,0
C107087,2024-08,19,66.07,1215.9,One year,Electronic check,Fiber optic,Yes,0,0
C107088,2025-04,10,69.71,672.69,Month-to-month,Mailed check,Fiber optic,No,0,1
C107089,2026-04,4,79.74,313.95,Month-to-month,Electronic check,Fiber optic,No,0,1
C107090,2024-05,20,73.27,1408.63,One year,Credit card (automatic),Fiber optic,No,0,0
C107091,2024-05,13,53.96,690.18,One year,Electronic check,DSL,No,0,0
C107092,2023-02,22,66.84,1500.68,Month-to-month,Electronic check,Fiber optic,No,0,0
C107093,2023-04,19,34.63,640.82,One year,Credit card (automatic),No,No,0,0
C107094,2024-08,8,65.81,541.15,One year,Electronic check,Fiber optic,No,1,0
C107095,2023-01,25,44.65,1163.45,Month-to-month,Credit card (automatic),DSL,No,0,1
C107096,2025-09,5,32.22,153.66,Month-to-month,Bank transfer (automatic),No,No,0,1
C107097,2023-11,12,28.71,345.92,Month-to-month,Credit card (automatic),No,No,0,1
C107098,2024-01,13,67.56,841.08,Two year,Electronic check,Fiber optic,No,1,0
C107099,2025-02,15,79.01,1191.21,Month-to-month,Credit card (automatic),Fiber optic,Yes,1,0
C107100,2024-12,5,48.68,232.14,Two year,Electronic check,DSL,No,0,0
C107101,2023-11,34,61.5,2090.43,One year,Electronic check,Fiber optic,Yes,0,0
C107102,2025-07,8,27.96,222.05,Month-to-month,Bank transfer (automatic),No,No,0,0
C107103,2026-01,3,56.73,177.98,Month-to-month,Electronic check,DSL,No,0,0
C107104,2023-09,19,53.87,990.95,One year,Mailed check,DSL,Yes,0,0
C107105,2021-05,51,28.93,1417.66,Month-to-month,Bank transfer (automatic),No,No,0,0
C107106,2025-12,3,89.47,256.95,Month-to-month,Electronic check,Fiber optic,No,0,1
C107107,2023-01,28,39.96,1078.56,Month-to-month,Electronic check,No,Yes,0,0
C107108,2025-04,16,45.6,735.89,One year,Mailed check,DSL,No,0,0
C107109,2024-11,5,44.58,233.45,One year,Mailed check,DSL,Yes,0,0
C107110,2024-01,13,35.56,466.71,Two year,Bank transfer (automatic),No,No,0,0
C107111,2023-02,43,59.19,2583.84,One year,Bank transfer (automatic),DSL,No,0,0
C107112,2022-04,37,77.88,2914.81,Two year,Mailed check,Fiber optic,Yes,0,0
C107113,2019-08,72,47.94,3339.62,Two year,Mailed check,DSL,Yes,0,0
C107114,2024-04,25,68.04,1776.62,Two year,Electronic check,Fiber optic,Yes,0,0
C107115,2025-06,10,44.33,465.1,Month-to-month,Electronic check,DSL,No,0,0
C107116,2024-01,28,30.86,834.37,Month-to-month,Electronic check,No,Yes,0,0
C107117,2025-07,9,24.97,219.09,One year,Bank transfer (automatic),No,No,1,0
C107118,2025-01,14,48.12,678.41,One year,Electronic check,DSL,Yes,0,0
C107119,2024-07,9,80.54,755.24,Month-to-month,Bank transfer (automatic),Fiber optic,No,1,1
C107120,2024-03,25,74.06,1866.49,Month-to-month,Electronic check,Fiber optic,No,0,1
C107121,2023-01,24,34.95,828.5,Month-to-month,Electronic check,No,No,0,0
C107122,2024-12,9,74.35,661.12,Month-to-month,Electronic check,Fiber optic,No,0,1
C107123,2022-11,33,32.09,1048.39,One year,Mailed check,No,No,0,0
C107124,2021-09,40,20.92,872.84,One year,Bank transfer (automatic),No,No,0,0
C107125,2025-11,11,66.08,746.58,One year,Bank transfer (automatic),Fiber optic,Yes,1,0
C107126,2024-03,21,77.72,1681.18,Month-to-month,Credit card (automatic),Fiber optic,Yes,1,0
C107127,2022-10,41,85.15,3331.66,Month-to-month,Mailed check,Fiber optic,Yes,0,0
C107128,2023-08,19,77.8,1450.04,Month-to-month,Electronic check,Fiber optic,Yes,0,0
C107129,2023-12,12,75.09,926.63,Month-to-month,Credit card (automatic),Fiber optic,No,0,1
C107130,2023-08,15,64.01,923.53,Month-to-month,Bank transfer (automatic),DSL,No,0,0
C107131,2024-10,10,73.69,719.33,Month-to-month,Electronic check,Fiber optic,No,1,1
C107132,2023-07,33,22.82,777.37,Two year,Electronic check,No,Yes,0,0
C107133,2022-07,31,75.04,2339.85,Month-to-month,Mailed check,Fiber optic,No,0,0
C107134,2024-12,9,77.24,698.22,Month-to-month,Electronic check,Fiber optic,No,0,0
C107135,2025-01,10,45.2,442.74,One year,Bank transfer (automatic),DSL,Yes,0,0
C107136,2025-08,4,55.77,213.99,Month-to-month,Electronic check,DSL,No,1,0
C107137,2024-01,23,42.45,1011.99,One year,Credit card (automatic),DSL,Yes,0,0
C107138,2024-08,6,73.2,425.22,Month-to-month,Mailed check,Fiber optic,Yes,0,1
C107139,2021-01,56,68.06,3821.52,Two year,Bank transfer (automatic),Fiber optic,Yes,0,0
C107140,2024-05,8,74.81,604.01,Month-to-month,Electronic check,Fiber optic,Yes,0,0
C107141,2024-11,3,38.85,116.28,Two year,Bank transfer (automatic),DSL,Yes,0,0
C107142,2025-10,6,51.2,316.83,Two year,Credit card (automatic),DSL,No,0,0
C107143,2023-05,19,35.24,636.42,Month-to-month,Electronic check,No,Yes,0,0
C107144,2024-12,14,61.25,845.71,One year,Mailed check,DSL,Yes,1,0
C107145,2025-02,8,38.72,315.96,Month-to-month,Electronic check,No,No,0,1
C107146,2023-10,14,75.15,1004.57,Month-to-month,Mailed check,Fiber optic,No,1,0
C107147,2024-02,10,42.47,442.58,Two year,Credit card (automatic),No,Yes,0,0
C107148,2024-09,22,70.44,1530.91,Month-to-month,Bank transfer (automatic),Fiber optic,No,0,0
C107149,2024-10,6,25.63,155.24,Month-to-month,Bank transfer (automatic),No,Yes,0,0
C107150,2024-05,17,75.11,1214.23,Month-to-month,Electronic check,Fiber optic,Yes,0,1
C107151,2023-10,18,57.76,1043.77,One year,Credit card (automatic),DSL,No,0,0
C107152,2023-11,15,31.46,458.05,Two year,Bank transfer (automatic),No,No,0,0
C107153,2023-03,21,38.59,797.08,One year,Electronic check,DSL,No,1,0
C107154,2025-06,14,66.21,967.53,One year,Credit card (automatic),Fiber optic,Yes,0,0
C107155,2024-06,25,79.6,2033.36,Month-to-month,Electronic check,Fiber optic,No,0,0
C107156,2024-04,15,66.67,1014.66,One year,Electronic check,Fiber optic,Yes,0,0
C107157,2023-11,34,74.23,2647.17,Month-to-month,Credit card (automatic),Fiber optic,Yes,0,0
C107158,2024-03,17,30.95,509.25,One year,Electronic check,No,No,0,0
C107159,2023-11,33,55.7,1757.39,One year,Electronic check,DSL,No,0,0
C107160,2024-07,10,32.76,336.4,Two year,Electronic check,No,No,0,0
C107161,2025-02,7,37.63,250.85,Month-to-month,Credit card (automatic),No,Yes,0,1
C107162,2022-11,25,75.8,1947.91,One year,Electronic check,Fiber optic,No,0,0
C107163,2023-11,15,47.64,715.04,Month-to-month,Mailed check,DSL,No,0,1
C107164,2026-01,2,58.52,113.84,Month-to-month,Electronic check,DSL,No,0,1
C107165,2026-01,8,61.49,498.82,Month-to-month,Electronic check,DSL,Yes,0,1
C107166,2024-02,19,74.72,1418.85,One year,Electronic check,Fiber optic,Yes,0,0
C107167,2024-08,14,60.54,821.23,One year,Credit card (automatic),DSL,No,0,0
C107168,2025-04,8,76.43,630.14,Month-to-month,Bank transfer (automatic),Fiber optic,No,0,0
C107169,2024-04,15,74.24,1090.13,Month-to-month,Credit card (automatic),Fiber optic,No,0,0
C107170,2024-01,17,69.92,1158.33,Month-to-month,Bank transfer (automatic),Fiber optic,Yes,1,0
C107171,2025-05,3,42.21,129.11,Month-to-month,Electronic check,No,No,0,0
C107172,2022-04,32,46.53,1476.99,One year,Electronic check,DSL,Yes,0,0
C107173,2023-03,37,68.97,2511.99,Two year,Mailed check,Fiber optic,No,1,0
C107174,2025-02,8,27.86,224.22,Month-to-month,Mailed check,No,Yes,1,0
C107175,2022-03,50,60.99,3098.14,Two year,Bank transfer (automatic),Fiber optic,No,0,0
C107176,2024-04,14,77.33,1041.96,One year,Electronic check,Fiber optic,No,0,0
C107177,2026-01,9,32.99,308.65,Month-to-month,Bank transfer (automatic),No,Yes,0,0
C107178,2024-11,9,76.46,679.36,Month-to-month,Electronic check,Fiber optic,No,0,1
C107179,2022-07,48,25.04,1165.31,One year,Mailed check,No,Yes,0,0
C107180,2026-04,6,30.98,178.99,Two year,Credit card (automatic),No,Yes,0,0
C107181,2025-05,17,53.43,944.56,Month-to-month,Electronic check,DSL,Yes,0,0
C107182,2023-12,19,74.89,1360.81,One year,Electronic check,Fiber optic,No,0,0
C107183,2023-10,25,83.62,2134.12,Month-to-month,Electronic check,Fiber optic,Yes,0,1
C107184,2024-05,16,18.0,274.19,One year,Mailed check,No,Yes,0,1
C107185,2021-09,46,78.01,3724.38,One year,Mailed check,Fiber optic,No,0,0
C107186,2022-03,51,83.24,4419.47,Two year,Credit card (automatic),Fiber optic,Yes,0,0
C107187,2022-05,39,63.13,2404.77,One year,Credit card (automatic),DSL,Yes,0,0
C107188,2024-03,20,73.64,1408.31,Two year,Bank transfer (automatic),Fiber optic,Yes,0,0
C107189,2022-12,29,79.34,2194.84,One year,Bank transfer (automatic),Fiber optic,Yes,0,0
C107190,2024-11,12,24.9,312.49,Month-to-month,Electronic check,No,No,0,0
C107191,2023-12,33,54.24,1815.22,One year,Credit card (automatic),DSL,No,0,0
C107192,2025-09,10,54.1,565.48,Month-to-month,Mailed check,DSL,No,0,1
C107193,2025-02,7,27.2,190.03,Month-to-month,Electronic check,No,Yes,0,1
C107194,2026-03,7,80.93,583.63,Month-to-month,Credit card (automatic),Fiber optic,No,1,1
C107195,2024-07,23,51.62,1240.52,One year,Mailed check,DSL,Yes,0,0
C107196,2021-06,42,57.87,2370.05,Two year,Electronic check,Fiber optic,Yes,1,0
C107197,2021-11,44,30.23,1275.54,Two year,Bank transfer (automatic),No,No,0,0
C107198,2025-01,2,29.83,58.35,Month-to-month,Electronic check,No,No,0,0
C107199,2022-09,30,59.16,1783.32,Month-to-month,Electronic check,DSL,No,0,0
C107200,2024-08,7,72.54,517.7,Month-to-month,Electronic check,Fiber optic,Yes,0,1
C107201,2020-02,65,61.66,4198.55,One year,Bank transfer (automatic),Fiber optic,Yes,0,0
C107202,2025-04,5,69.15,355.59,Month-to-month,Electronic check,Fiber optic,No,0,0
C107203,2025-10,3,69.51,199.93,Month-to-month,Electronic check,Fiber optic,No,0,1
C107204,2022-12,30,48.83,1526.51,Month-to-month,Mailed check,DSL,No,1,1
C107205,2025-02,11,68.62,780.86,One year,Electronic check,Fiber optic,Yes,0,0
C107206,2024-08,11,59.36,634.36,Month-to-month,Mailed check,DSL,No,0,0
C107207,2025-01,8,46.71,388.34,Month-to-month,Mailed check,DSL,Yes,0,0
C107208,2025-06,9,77.3,676.72,One year,Electronic check,Fiber optic,Yes,1,0
C107209,2022-06,31,21.18,658.19,One year,Electronic check,No,No,0,0
C107210,2024-05,7,69.71,501.1,One year,Electronic check,Fiber optic,No,0,0
C107211,2024-05,14,74.79,1004.74,Month-to-month,Mailed check,Fiber optic,No,1,1
C107212,2025-07,6,53.2,325.82,Month-to-month,Credit card (automatic),DSL,Yes,1,1
C107213,2025-03,17,31.33,533.56,Two year,Electronic check,No,Yes,0,0
C107214,2024-06,11,74.35,818.64,Month-to-month,Electronic check,Fiber optic,No,0,1
C107215,2023-07,21,29.06,617.51,Month-to-month,Electronic check,No,No,0,0
C107216,2023-09,23,40.74,897.26,Month-to-month,Bank transfer (automatic),DSL,No,0,0
C107217,2023-03,42,71.4,2887.03,Two year,Electronic check,Fiber optic,No,0,0
C107218,2019-12,62,64.07,3843.87,One year,Bank transfer (automatic),DSL,No,1,0
C107219,2025-05,9,52.05,452.13,Month-to-month,Bank transfer (automatic),DSL,No,0,0
C107220,2024-08,25,75.96,1889.35,One year,Electronic check,Fiber optic,Yes,0,0
C107221,2025-02,11,22.66,251.76,Two year,Mailed check,No,Yes,0,0
C107222,2023-11,23,60.91,1349.63,Month-to-month,Credit card (automatic),DSL,No,0,0
C107223,2023-10,22,75.11,1692.89,One year,Electronic check,Fiber optic,No,0,0
C107224,2023-01,22,66.8,1520.83,Two year,Mailed check,Fiber optic,Yes,0,0
C107225,2022-11,27,72.41,1876.21,Month-to-month,Mailed check,Fiber optic,No,0,0
C107226,2024-12,17,75.87,1247.01,One year,Electronic check,Fiber optic,Yes,0,0
C107227,2025-05,11,75.25,816.93,Month-to-month,Bank transfer (automatic),Fiber optic,No,1,1
C107228,2023-06,17,22.61,390.41,Month-to-month,Electronic check,No,No,0,1
C107229,2020-08,59,65.83,3722.95,Month-to-month,Electronic check,Fiber optic,No,0,1
C107230,2024-04,10,33.53,330.18,Month-to-month,Bank transfer (automatic),No,Yes,0,0
C107231,2024-09,12,70.42,886.52,Month-to-month,Credit card (automatic),Fiber optic,No,1,0
C107232,2025-07,8,29.01,232.55,One year,Electronic check,No,Yes,0,0
C107233,2025-05,3,33.53,97.3,Month-to-month,Bank transfer (automatic),No,No,0,0
C107234,2023-12,15,47.79,724.85,Month-to-month,Electronic check,DSL,Yes,0,0
C107235,2024-10,24,65.91,1559.13,One year,Bank transfer (automatic),Fiber optic,Yes,0,0
C107236,2026-01,7,37.34,271.57,Two year,Mailed check,No,No,0,0
C107237,2022-08,38,69.53,2761.19,One year,Mailed check,Fiber optic,Yes,0,0
C107238,2023-02,21,81.11,1658.22,Month-to-month,Credit card (automatic),Fiber optic,No,0,0
C107239,2022-05,31,90.04,2908.16,Month-to-month,Bank transfer (automatic),Fiber optic,No,0,1
C107240,2024-05,20,29.04,596.82,Two year,Electronic check,No,Yes,0,0
C107241,2025-03,14,45.43,614.12,Two year,Credit card (automatic),DSL,Yes,0,0
C107242,2025-02,12,75.76,938.78,Month-to-month,Electronic check,Fiber optic,No,0,0
C107243,2023-09,19,73.87,1358.31,Month-to-month,Bank transfer (automatic),Fiber optic,No,0,0
C107244,2023-10,20,53.2,1011.83,One year,Bank transfer (automatic),DSL,Yes,0,0
C107245,2024-07,10,59.3,609.48,Month-to-month,Credit card (automatic),DSL,Yes,0,0
C107246,2024-06,13,79.99,1023.87,Month-to-month,Mailed check,Fiber optic,Yes,0,1
C107247,2020-07,52,18.0,975.47,Month-to-month,Bank transfer (automatic),No,Yes,0,0
C107248,2023-08,17,37.14,627.77,Month-to-month,Bank transfer (automatic),No,Yes,0,0
C107249,2024-09,18,30.44,553.97,One year,Mailed check,No,No,1,0
C107250,2021-08,44,24.16,1089.17,Two year,Credit card (automatic),No,Yes,1,0
C107251,2023-06,20,59.4,1228.91,Month-to-month,Electronic check,DSL,Yes,0,0
C107252,2023-09,15,62.7,910.16,Two year,Electronic check,Fiber optic,Yes,0,0
C107253,2023-09,31,46.78,1407.27,One year,Bank transfer (automatic),DSL,No,1,0
C107254,2023-12,26,78.35,2116.11,One year,Electronic check,Fiber optic,Yes,0,0
C107255,2024-05,19,28.0,520.93,Two year,Credit card (automatic),No,Yes,0,0
C107256,2024-02,20,62.21,1261.28,One year,Electronic check,DSL,No,0,0
C107257,2024-11,12,70.88,814.06,Month-to-month,Mailed check,Fiber optic,No,0,1
C107258,2024-06,6,76.75,468.23,Month-to-month,Bank transfer (automatic),Fiber optic,No,0,0
C107259,2023-06,24,52.92,1230.23,Two year,Credit card (automatic),DSL,No,0,1
C107260,2025-09,4,32.44,133.62,Month-to-month,Bank transfer (automatic),No,Yes,0,0
C107261,2025-11,6,78.72,483.75,Month-to-month,Electronic check,Fiber optic,No,0,0
C107262,2025-07,13,74.76,980.43,One year,Electronic check,Fiber optic,No,0,0
C107263,2025-02,12,30.12,348.81,Month-to-month,Bank transfer (automatic),No,No,0,1
C107264,2022-12,25,43.35,1058.3,Month-to-month,Credit card (automatic),DSL,No,0,1
C107265,2022-05,30,74.19,2123.8,Two year,Bank transfer (automatic),Fiber optic,No,1,0
C107266,2020-07,56,57.76,3174.73,One year,Bank transfer (automatic),Fiber optic,Yes,0,0
C107267,2025-03,4,67.6,267.17,Month-to-month,Mailed check,Fiber optic,Yes,0,0
C107268,2024-11,22,70.77,1551.53,Month-to-month,Mailed check,Fiber optic,No,0,0
C107269,2023-12,21,74.42,1640.45,Two year,Mailed check,Fiber optic,No,0,0
C107270,2025-02,19,53.67,1042.7,Month-to-month,Electronic check,DSL,No,0,1
C107271,2024-09,24,66.25,1572.98,Month-to-month,Electronic check,DSL,Yes,0,0
C107272,2023-12,27,21.68,605.59,Month-to-month,Bank transfer (automatic),No,Yes,1,1
C107273,2021-08,39,48.4,1862.4,Month-to-month,Mailed check,DSL,Yes,1,0
C107274,2024-03,20,18.0,355.05,Month-to-month,Electronic check,No,No,0,0
C107275,2021-05,47,48.12,2162.96,Month-to-month,Credit card (automatic),DSL,Yes,0,0
C107276,2023-07,20,26.2,536.32,Month-to-month,Electronic check,No,Yes,1,0
C107277,2023-12,11,38.79,413.99,Month-to-month,Bank transfer (automatic),No,No,1,0
C107278,2023-05,19,61.27,1133.3,Month-to-month,Bank transfer (automatic),DSL,No,0,1
C107279,2025-06,8,76.43,602.04,Month-to-month,Credit card (automatic),Fiber optic,No,0,0
C107280,2024-05,8,73.13,603.87,Month-to-month,Credit card (automatic),Fiber optic,Yes,0,1
C107281,2025-05,14,79.59,1154.44,Month-to-month,Bank transfer (automatic),Fiber optic,No,0,1
C107282,2024-08,13,37.64,491.81,Month-to-month,Mailed check,No,No,0,0
C107283,2022-03,38,46.72,1850.92,Two year,Bank transfer (automatic),DSL,Yes,0,0
C107284,2024-02,14,25.52,354.68,One year,Credit card (automatic),No,Yes,0,0
C107285,2024-10,7,72.41,512.19,Month-to-month,Mailed check,Fiber optic,No,1,1
C107286,2023-10,16,42.39,707.35,One year,Bank transfer (automatic),DSL,Yes,0,0
C107287,2023-06,20,76.27,1528.65,Two year,Electronic check,Fiber optic,No,0,0
C107288,2024-02,17,51.5,872.08,Month-to-month,Bank transfer (automatic),DSL,Yes,0,0
C107289,2026-03,7,73.26,488.66,Month-to-month,Electronic check,Fiber optic,Yes,1,0
C107290,2023-03,41,59.34,2525.52,Two year,Bank transfer (automatic),DSL,Yes,0,0
C107291,2025-05,3,26.76,77.78,Month-to-month,Mailed check,No,No,1,0
C107292,2024-01,17,79.6,1347.39,One year,Electronic check,Fiber optic,No,0,0
C107293,2026-01,6,64.51,398.44,Month-to-month,Mailed check,Fiber optic,Yes,0,0
C107294,2023-12,32,33.37,1069.19,Month-to-month,Bank transfer (automatic),No,Yes,0,0
C107295,2024-01,22,26.13,591.01,One year,Credit card (automatic),No,No,0,0
C107296,2023-05,20,62.52,1292.5,One year,Electronic check,Fiber optic,Yes,0,0
C107297,2023-10,13,45.99,619.11,One year,Electronic check,DSL,Yes,0,0
C107298,2023-03,39,30.84,1152.19,Month-to-month,Bank transfer (automatic),No,Yes,1,0
C107299,2024-04,13,49.24,621.34,Month-to-month,Bank transfer (automatic),DSL,Yes,0,0
C107300,2021-02,50,71.3,3710.98,Two year,Electronic check,Fiber optic,Yes,1,0
C107301,2025-08,8,25.53,199.39,Month-to-month,Bank transfer (automatic),No,No,1,0
C107302,2023-11,16,43.08,703.52,One year,Credit card (automatic),DSL,No,0,0
C107303,2023-05,27,58.62,1587.34,One year,Electronic check,DSL,No,1,0
C107304,2023-01,23,76.77,1842.87,Month-to-month,Mailed check,Fiber optic,No,0,0
C107305,2024-08,15,64.18,939.15,Month-to-month,Electronic check,Fiber optic,Yes,1,0
C107306,2026-01,4,75.92,312.98,One year,Credit card (automatic),Fiber optic,No,0,1
C107307,2024-06,18,30.73,548.14,Month-to-month,Credit card (automatic),No,No,1,0
C107308,2025-02,12,27.41,320.38,Month-to-month,Mailed check,No,No,0,0
C107309,2025-11,10,25.25,252.27,Two year,Credit card (automatic),No,No,0,0
C107310,2024-04,28,63.04,1772.34,Month-to-month,Electronic check,DSL,No,0,0
C107311,2025-04,3,73.91,213.09,One year,Bank transfer (automatic),Fiber optic,Yes,0,0
C107312,2024-04,16,38.33,594.4,Month-to-month,Bank transfer (automatic),No,Yes,0,0
C107313,2025-07,1,57.85,60.22,Month-to-month,Credit card (automatic),DSL,No,1,1
C107314,2024-06,23,73.41,1716.41,One year,Bank transfer (automatic),Fiber optic,No,1,0
C107315,2024-04,28,50.46,1441.72,Month-to-month,Electronic check,DSL,Yes,0,0
C107316,2023-08,18,53.75,953.37,One year,Electronic check,DSL,Yes,0,0
C107317,2025-08,11,61.13,675.1,Month-to-month,Electronic check,DSL,Yes,0,1
C107318,2021-11,38,69.49,2518.76,Two year,Credit card (automatic),Fiber optic,Yes,0,0
C107319,2022-07,40,80.62,3109.76,Two year,Mailed check,Fiber optic,Yes,0,0
C107320,2024-03,20,58.92,1234.44,One year,Mailed check,DSL,Yes,1,0
C107321,2022-02,44,64.81,2768.82,One year,Electronic check,Fiber optic,Yes,0,0
C107322,2024-09,8,52.09,416.34,Month-to-month,Mailed check,DSL,No,1,1
C107323,2025-03,15,59.04,923.72,Month-to-month,Mailed check,DSL,No,0,0
C107324,2026-06,2,18.44,37.45,Two year,Mailed check,No,No,0,0
C107325,2024-09,6,74.3,430.92,Month-to-month,Mailed check,Fiber optic,Yes,0,0
C107326,2026-02,6,69.4,414.29,Month-to-month,Electronic check,Fiber optic,Yes,0,0
C107327,2023-06,23,55.24,1265.78,Month-to-month,Electronic check,DSL,No,0,0
C107328,2026-03,6,49.45,295.98,Month-to-month,Credit card (automatic),DSL,No,0,0
C107329,2025-08,9,36.32,338.04,Month-to-month,Bank transfer (automatic),No,No,0,0
C107330,2024-09,10,51.94,522.29,Month-to-month,Bank transfer (automatic),DSL,No,0,0
C107331,2024-10,5,58.99,302.79,Month-to-month,Credit card (automatic),DSL,Yes,0,0
C107332,2025-03,17,66.04,1107.55,Month-to-month,Bank transfer (automatic),Fiber optic,Yes,0,0
C107333,2024-01,19,73.17,1417.46,Month-to-month,Bank transfer (automatic),Fiber optic,No,1,0
C107334,2026-06,4,22.32,88.64,Month-to-month,Mailed check,No,No,0,1
C107335,2024-02,25,35.96,923.04,One year,Electronic check,No,Yes,1,0
C107336,2024-06,8,50.35,412.28,Month-to-month,Electronic check,DSL,Yes,0,0
C107337,2024-05,10,52.28,514.45,One year,Credit card (automatic),DSL,No,1,0
C107338,2023-12,22,74.11,1607.01,One year,Mailed check,Fiber optic,Yes,0,0
C107339,2024-12,10,50.52,521.52,Month-to-month,Electronic check,DSL,No,0,1
C107340,2025-12,6,64.8,392.59,One year,Credit card (automatic),Fiber optic,Yes,1,0
C107341,2024-08,16,73.11,1183.31,One year,Electronic check,Fiber optic,Yes,0,0
C107342,2023-12,32,18.0,602.41,One year,Bank transfer (automatic),No,Yes,0,0
C107343,2024-04,30,35.65,1039.91,Two year,Bank transfer (automatic),No,Yes,1,0
C107344,2025-08,9,54.18,488.69,Month-to-month,Electronic check,DSL,No,0,0
C107345,2024-08,7,46.16,313.29,Month-to-month,Electronic check,DSL,Yes,0,0
C107346,2025-05,8,28.41,221.36,Month-to-month,Mailed check,No,No,1,0
C107347,2023-10,30,58.47,1773.22,Month-to-month,Bank transfer (automatic),DSL,No,0,0
C107348,2025-12,8,50.1,385.38,Month-to-month,Credit card (automatic),DSL,Yes,0,0
C107349,2022-09,43,41.15,1707.36,One year,Credit card (automatic),DSL,No,0,0
C107350,2024-02,22,54.26,1163.1,Month-to-month,Electronic check,DSL,Yes,0,1
C107351,2023-11,15,57.37,861.24,One year,Electronic check,DSL,Yes,0,0
C107352,2025-10,9,56.4,530.9,Month-to-month,Bank transfer (automatic),DSL,Yes,1,0
C107353,2025-04,16,57.42,935.34,Month-to-month,Bank transfer (automatic),DSL,No,0,0
C107354,2026-03,6,35.74,217.73,Month-to-month,Electronic check,No,Yes,1,0
C107355,2024-08,4,64.5,254.64,Month-to-month,Electronic check,DSL,No,0,1
C107356,2023-01,22,18.0,379.74,One year,Electronic check,No,Yes,0,0
C107357,2024-12,15,64.05,989.15,One year,Electronic check,Fiber optic,Yes,0,0
C107358,2024-01,26,73.01,1810.73,One year,Bank transfer (automatic),Fiber optic,Yes,0,0
C107359,2024-07,19,29.26,569.23,Two year,Credit card (automatic),No,Yes,0,0
C107360,2025-11,9,65.71,583.29,Month-to-month,Electronic check,Fiber optic,Yes,0,0
C107361,2022-12,30,50.31,1505.72,Month-to-month,Mailed check,DSL,Yes,0,0
C107362,2024-01,10,82.33,824.95,One year,Mailed check,Fiber optic,Yes,0,0
C107363,2023-03,35,50.68,1728.68,One year,Mailed check,DSL,No,0,0
C107364,2025-07,10,51.86,527.32,Two year,Electronic check,DSL,Yes,1,0
C107365,2025-11,5,40.74,199.2,Month-to-month,Electronic check,No,No,0,1
C107366,2023-01,40,28.17,1086.9,Two year,Electronic check,No,No,0,0
C107367,2025-09,10,79.72,786.04,Month-to-month,Bank transfer (automatic),Fiber optic,No,0,0
C107368,2024-07,10,78.43,810.57,Month-to-month,Bank transfer (automatic),Fiber optic,Yes,0,0
C107369,2025-10,5,72.98,361.84,Month-to-month,Bank transfer (automatic),Fiber optic,Yes,0,0
C107370,2024-08,14,50.44,738.89,One year,Mailed check,DSL,Yes,0,0
C107371,2024-05,6,59.89,342.71,One year,Electronic check,DSL,Yes,0,0
C107372,2022-11,38,68.95,2493.9,Two year,Electronic check,Fiber optic,No,0,0
C107373,2025-08,11,48.95,559.79,Month-to-month,Electronic check,DSL,No,0,1
C107374,2025-11,7,61.49,417.18,Month-to-month,Electronic check,DSL,Yes,0,0
C107375,2023-08,16,51.87,806.39,Two year,Electronic check,Fiber optic,Yes,1,0
C107376,2020-04,61,78.47,4921.59,Two year,Credit card (automatic),Fiber optic,No,0,0
C107377,2024-05,16,49.48,766.41,Two year,Credit card (automatic),DSL,Yes,0,0
C107378,2025-07,13,28.85,379.34,One year,Bank transfer (automatic),No,No,0,0
C107379,2024-03,15,69.5,995.04,Two year,Bank transfer (automatic),Fiber optic,No,0,0
C107380,2024-05,27,82.98,2324.68,Month-to-month,Bank transfer (automatic),Fiber optic,No,0,0
C107381,2023-02,25,56.05,1411.17,Month-to-month,Bank transfer (automatic),DSL,Yes,0,1
C107382,2024-08,18,74.86,1340.61,Month-to-month,Bank transfer (automatic),Fiber optic,Yes,0,0
C107383,2024-03,30,69.29,2050.23,Month-to-month,Electronic check,Fiber optic,No,0,1
C107384,2023-10,16,64.72,1016.11,Two year,Credit card (automatic),Fiber optic,Yes,0,0
C107385,2023-10,13,75.85,962.79,One year,Bank transfer (automatic),Fiber optic,No,0,0
C107386,2024-02,16,54.14,907.4,One year,Electronic check,DSL,No,0,0
C107387,2024-06,10,65.12,638.51,Month-to-month,Mailed check,DSL,Yes,0,1
C107388,2023-09,27,23.91,628.63,One year,Bank transfer (automatic),No,Yes,0,0
C107389,2024-05,10,48.08,478.77,Month-to-month,Credit card (automatic),DSL,No,1,0
C107390,2026-04,2,76.8,149.87,Month-to-month,Mailed check,Fiber optic,Yes,0,0
C107391,2025-08,4,29.49,115.26,Month-to-month,Mailed check,No,No,0,0
C107392,2023-05,20,45.61,890.8,One year,Electronic check,DSL,Yes,0,0
C107393,2024-12,8,26.89,207.33,Month-to-month,Mailed check,No,No,0,1
C107394,2023-06,26,33.03,892.0,One year,Electronic check,No,No,0,0
C107395,2024-06,15,64.08,930.84,One year,Electronic check,Fiber optic,Yes,0,0
C107396,2024-04,27,62.17,1598.34,Two year,Mailed check,Fiber optic,Yes,0,0
C107397,2026-05,3,23.23,71.62,Two year,Mailed check,No,No,0,0
C107398,2025-12,9,50.75,454.54,Month-to-month,Bank transfer (automatic),DSL,No,0,1
C107399,2025-11,7,79.76,550.18,Month-to-month,Mailed check,Fiber optic,Yes,0,0
C107400,2020-10,69,51.67,3577.01,Month-to-month,Electronic check,DSL,Yes,0,0
C107401,2024-05,11,39.79,440.17,Month-to-month,Mailed check,No,No,0,0
C107402,2025-04,4,68.74,271.79,Month-to-month,Bank transfer (automatic),Fiber optic,No,0,1
C107403,2024-04,19,71.19,1400.15,Two year,Mailed check,Fiber optic,Yes,0,0
C107404,2025-06,7,50.36,364.6,Two year,Bank transfer (automatic),DSL,Yes,1,0
C107405,2024-01,29,55.02,1574.1,Month-to-month,Electronic check,DSL,No,0,0
C107406,2022-09,33,18.0,577.49,Two year,Electronic check,No,Yes,0,0
C107407,2024-07,7,65.42,457.32,One year,Credit card (automatic),Fiber optic,No,0,0
C107408,2024-12,9,74.0,643.1,Month-to-month,Electronic check,Fiber optic,No,0,0
C107409,2024-12,18,57.18,1006.84,Two year,Electronic check,Fiber optic,No,0,0
C107410,2023-05,30,33.06,980.21,Two year,Electronic check,DSL,Yes,0,0
C107411,2023-04,20,43.19,853.68,Two year,Mailed check,DSL,Yes,0,0
C107412,2024-06,11,57.02,607.11,Month-to-month,Bank transfer (automatic),DSL,No,0,1
C107413,2024-11,5,32.86,164.46,Month-to-month,Bank transfer (automatic),No,No,0,0
C107414,2022-07,45,45.46,2068.98,One year,Credit card (automatic),DSL,No,0,0
C107415,2023-07,20,67.79,1370.94,Two year,Electronic check,Fiber optic,No,0,0
C107416,2021-01,52,31.34,1678.94,One year,Electronic check,No,No,0,0
C107417,2023-12,22,37.95,799.6,Month-to-month,Credit card (automatic),No,No,0,0
C107418,2020-12,47,79.72,3618.28,One year,Mailed check,Fiber optic,Yes,0,0
C107419,2025-02,8,80.47,639.7,Month-to-month,Credit card (automatic),Fiber optic,No,0,0
C107420,2025-10,8,26.76,213.71,Month-to-month,Bank transfer (automatic),No,Yes,0,0
C107421,2025-07,13,27.3,344.45,Two year,Electronic check,No,No,0,0
C107422,2025-12,7,30.43,208.74,Month-to-month,Credit card (automatic),No,Yes,0,0
C107423,2024-08,4,73.7,284.76,Month-to-month,Electronic check,Fiber optic,No,0,1
C107424,2024-12,9,66.74,603.23,Month-to-month,Bank transfer (automatic),Fiber optic,Yes,0,0
C107425,2024-03,22,80.65,1770.25,One year,Electronic check,Fiber optic,Yes,0,0
C107426,2025-11,5,31.4,159.95,One year,Bank transfer (automatic),No,No,1,0
C107427,2025-03,6,74.22,451.13,Two year,Mailed check,Fiber optic,No,0,0
C107428,2024-03,10,56.76,554.6,One year,Electronic check,DSL,No,0,1
C107429,2026-02,7,72.4,519.99,Month-to-month,Credit card (automatic),Fiber optic,Yes,0,0
C107430,2024-07,10,63.01,608.16,One year,Electronic check,Fiber optic,No,0,0
C107431,2025-04,14,57.3,812.66,One year,Mailed check,DSL,No,1,0
C107432,2025-07,6,59.12,358.98,Month-to-month,Electronic check,DSL,Yes,1,1
C107433,2024-04,10,56.74,552.39,Month-to-month,Bank transfer (automatic),DSL,No,0,0
C107434,2024-03,15,87.91,1278.48,Month-to-month,Mailed check,Fiber optic,Yes,1,0
C107435,2025-04,8,51.6,396.57,Month-to-month,Bank transfer (automatic),DSL,No,0,0
C107436,2024-08,5,73.11,369.95,Month-to-month,Bank transfer (automatic),Fiber optic,Yes,0,1
C107437,2025-05,8,31.24,246.52,Month-to-month,Bank transfer (automatic),No,No,0,0
C107438,2025-04,11,52.02,600.76,Month-to-month,Credit card (automatic),DSL,No,0,1
C107439,2026-01,3,53.59,162.94,Month-to-month,Credit card (automatic),DSL,No,0,1
C107440,2023-05,22,59.0,1234.39,One year,Electronic check,DSL,Yes,0,0
C107441,2023-11,12,24.92,295.27,One year,Bank transfer (automatic),No,Yes,0,0
C107442,2025-07,8,51.52,392.14,Month-to-month,Electronic check,DSL,Yes,0,0
C107443,2025-02,4,58.47,236.84,Month-to-month,Electronic check,DSL,No,0,0
C107444,2023-12,20,44.88,935.09,One year,Mailed check,DSL,No,1,0
C107445,2023-02,33,54.51,1842.89,Month-to-month,Mailed check,DSL,Yes,1,0
C107446,2025-02,9,74.19,652.04,Month-to-month,Mailed check,Fiber optic,Yes,0,0
C107447,2020-11,49,72.76,3450.7,Two year,Mailed check,Fiber optic,Yes,0,0
C107448,2023-12,14,59.82,869.09,Month-to-month,Bank transfer (automatic),DSL,No,0,1
C107449,2024-06,15,71.04,1025.04,One year,Credit card (automatic),Fiber optic,Yes,0,0
C107450,2023-06,27,74.48,2053.16,Month-to-month,Electronic check,Fiber optic,No,0,0
C107451,2023-03,21,29.79,609.6,Month-to-month,Mailed check,No,No,0,0
C107452,2025-12,5,73.15,358.49,Month-to-month,Electronic check,Fiber optic,Yes,1,0
C107453,2025-10,9,35.35,303.73,Two year,Electronic check,No,Yes,1,0
C107454,2022-10,30,31.81,922.8,One year,Credit card (automatic),No,No,0,0
C107455,2024-04,21,82.6,1654.69,Month-to-month,Electronic check,Fiber optic,No,0,0
C107456,2022-08,49,47.54,2334.23,One year,Electronic check,DSL,Yes,0,0
C107457,2024-02,19,79.51,1503.12,One year,Mailed check,Fiber optic,Yes,0,0
C107458,2023-02,22,53.52,1181.26,One year,Electronic check,DSL,No,0,0
C107459,2025-10,8,79.11,605.37,Month-to-month,Mailed check,Fiber optic,Yes,0,0
C107460,2022-05,32,63.55,2095.85,Month-to-month,Credit card (automatic),Fiber optic,Yes,0,0
C107461,2025-05,2,84.76,163.15,Month-to-month,Bank transfer (automatic),Fiber optic,Yes,0,0
C107462,2023-06,17,74.64,1310.99,One year,Mailed check,Fiber optic,Yes,0,0
C107463,2023-07,22,80.18,1732.58,Two year,Bank transfer (automatic),Fiber optic,No,0,1
C107464,2023-05,18,59.47,1064.46,One year,Credit card (automatic),DSL,No,1,0
C107465,2025-03,14,40.52,575.94,One year,Electronic check,DSL,No,1,0
C107466,2024-11,13,81.13,1065.81,One year,Bank transfer (automatic),Fiber optic,No,0,0
C107467,2024-10,15,53.92,814.12,One year,Bank transfer (automatic),DSL,Yes,0,0
C107468,2025-02,6,33.85,201.07,Month-to-month,Bank transfer (automatic),No,Yes,0,0
C107469,2023-06,18,78.25,1405.66,Month-to-month,Electronic check,Fiber optic,Yes,0,0
C107470,2024-12,8,27.01,206.69,Two year,Bank transfer (automatic),No,No,0,0
C107471,2024-11,9,27.57,239.75,Month-to-month,Bank transfer (automatic),No,Yes,0,0
C107472,2024-10,6,79.23,486.45,Month-to-month,Bank transfer (automatic),Fiber optic,Yes,0,0
C107473,2019-06,72,64.01,4688.11,Two year,Electronic check,Fiber optic,Yes,1,0
C107474,2025-02,17,27.77,464.39,Two year,Electronic check,No,Yes,0,0
C107475,2024-10,5,63.41,326.32,Month-to-month,Bank transfer (automatic),DSL,No,1,0
C107476,2024-05,16,61.68,1017.09,Two year,Bank transfer (automatic),Fiber optic,No,1,0
C107477,2023-09,32,53.81,1726.66,Month-to-month,Credit card (automatic),DSL,No,0,0
C107478,2024-12,18,82.01,1547.01,Month-to-month,Mailed check,Fiber optic,Yes,0,0
C107479,2024-03,14,22.69,310.24,Two year,Electronic check,No,Yes,0,0
C107480,2024-07,8,63.55,497.96,Month-to-month,Bank transfer (automatic),Fiber optic,No,0,0
C107481,2023-07,18,60.11,1028.89,One year,Bank transfer (automatic),Fiber optic,No,0,0
C107482,2024-03,25,69.18,1668.94,One year,Mailed check,Fiber optic,No,0,0
C107483,2022-11,25,79.11,2040.63,Two year,Bank transfer (automatic),Fiber optic,Yes,0,0
C107484,2024-12,17,64.42,1109.3,Two year,Electronic check,Fiber optic,No,1,0
C107485,2025-03,17,28.27,465.7,Month-to-month,Electronic check,No,Yes,0,0
C107486,2023-05,36,50.92,1865.62,Two year,Electronic check,DSL,Yes,1,0
C107487,2023-08,33,61.64,1965.68,Month-to-month,Electronic check,DSL,No,0,0
C107488,2025-08,13,57.94,746.19,One year,Bank transfer (automatic),DSL,No,0,0
C107489,2022-12,46,68.08,3287.66,Two year,Electronic check,Fiber optic,Yes,1,0
C107490,2026-05,5,33.6,164.91,Month-to-month,Credit card (automatic),No,No,0,0
C107491,2024-08,17,59.17,1023.92,One year,Electronic check,DSL,Yes,1,0
C107492,2025-02,19,59.13,1067.98,Two year,Bank transfer (automatic),Fiber optic,Yes,0,0
C107493,2025-08,7,27.74,190.29,Month-to-month,Mailed check,No,No,0,0
C107494,2025-07,4,43.4,170.23,Two year,Electronic check,DSL,No,0,0
C107495,2025-01,7,25.64,185.55,Month-to-month,Bank transfer (automatic),No,Yes,0,0
C107496,2024-02,28,33.9,917.92,Month-to-month,Credit card (automatic),No,No,0,1
C107497,2023-12,29,61.8,1760.32,Two year,Credit card (automatic),Fiber optic,Yes,0,0
C107498,2023-03,24,68.86,1596.95,Month-to-month,Electronic check,DSL,No,0,0
C107499,2024-10,8,78.95,630.11,Month-to-month,Mailed check,Fiber optic,No,0,0
C107500,2023-08,29,47.09,1334.47,Two year,Electronic check,DSL,No,1,1
C107501,2024-02,9,54.21,472.19,Month-to-month,Mailed check,DSL,No,0,0
C107502,2024-04,18,47.27,845.03,Month-to-month,Electronic check,DSL,Yes,0,0
C107503,2025-05,15,46.15,690.37,Month-to-month,Credit card (automatic),DSL,No,0,1
C107504,2025-09,11,27.69,298.77,Month-to-month,Bank transfer (automatic),No,No,0,0
C107505,2024-06,23,82.85,1994.51,Month-to-month,Electronic check,Fiber optic,Yes,1,0
C107506,2024-01,26,46.56,1167.66,Month-to-month,Credit card (automatic),DSL,Yes,0,0
C107507,2025-10,8,79.4,648.79,One year,Bank transfer (automatic),Fiber optic,Yes,0,0
C107508,2024-02,15,73.89,1111.38,Month-to-month,Electronic check,Fiber optic,No,0,0
C107509,2022-10,25,52.03,1285.75,Two year,Bank transfer (automatic),DSL,Yes,0,0
C107510,2025-09,1,51.04,51.93,Two year,Bank transfer (automatic),DSL,No,0,0
C107511,2024-01,20,79.65,1537.84,Month-to-month,Mailed check,Fiber optic,Yes,0,0
C107512,2022-11,26,34.19,927.17,Two year,Electronic check,No,No,0,0
C107513,2024-07,20,53.71,1109.99,Month-to-month,Electronic check,DSL,Yes,0,1
C107514,2023-12,21,31.86,685.38,One year,Electronic check,No,No,1,0
C107515,2024-11,14,76.8,1124.47,Two year,Credit card (automatic),Fiber optic,No,0,0
C107516,2022-12,24,73.88,1851.27,Two year,Electronic check,Fiber optic,No,0,0
C107517,2024-10,5,52.52,254.77,Month-to-month,Mailed check,DSL,Yes,1,1
C107518,2025-01,7,73.83,536.79,Month-to-month,Credit card (automatic),Fiber optic,No,0,0
C107519,2023-07,21,69.08,1492.93,Month-to-month,Credit card (automatic),Fiber optic,Yes,1,0
C107520,2023-03,24,61.51,1466.46,Two year,Bank transfer (automatic),DSL,No,0,0
C107521,2023-04,32,31.84,1022.07,Month-to-month,Bank transfer (automatic),No,Yes,0,0
C107522,2022-03,42,60.58,2560.15,Two year,Credit card (automatic),Fiber optic,Yes,1,0
C107523,2025-08,8,49.96,400.4,Month-to-month,Bank transfer (automatic),DSL,No,1,0
C107524,2026-01,6,54.08,322.03,Month-to-month,Mailed check,DSL,No,0,1
C107525,2022-08,28,63.05,1787.02,Month-to-month,Electronic check,DSL,No,0,0
C107526,2025-08,11,28.85,327.62,Month-to-month,Electronic check,No,No,0,0
C107527,2023-12,14,56.42,825.68,One year,Mailed check,DSL,Yes,0,0
C107528,2023-07,26,70.71,1868.98,Month-to-month,Electronic check,Fiber optic,No,1,1
C107529,2025-05,17,78.87,1400.67,Month-to-month,Electronic check,Fiber optic,Yes,0,1
C107530,2023-04,24,60.61,1521.92,One year,Electronic check,DSL,Yes,1,0
C107531,2025-02,8,79.74,647.51,Month-to-month,Bank transfer (automatic),Fiber optic,Yes,0,0
C107532,2024-11,19,54.26,1008.59,Two year,Mailed check,Fiber optic,Yes,0,0
C107533,2025-03,18,27.88,502.77,One year,Electronic check,No,Yes,0,0
C107534,2022-09,32,65.65,2185.7,One year,Bank transfer (automatic),Fiber optic,Yes,0,0
C107535,2022-08,37,56.83,2024.28,One year,Electronic check,DSL,Yes,0,0
C107536,2025-01,10,55.42,567.64,Month-to-month,Mailed check,DSL,No,1,0
C107537,2024-05,7,82.27,601.58,One year,Electronic check,Fiber optic,Yes,0,0
C107538,2022-11,25,67.01,1711.73,Two year,Bank transfer (automatic),Fiber optic,No,1,0
C107539,2026-07,3,30.44,95.41,Month-to-month,Credit card (automatic),No,No,0,0
C107540,2024-02,26,54.26,1442.12,Month-to-month,Electronic check,DSL,No,0,1
C107541,2023-12,27,59.31,1679.26,Month-to-month,Credit card (automatic),DSL,Yes,0,0
C107542,2025-03,10,69.17,723.58,Month-to-month,Credit card (automatic),Fiber optic,Yes,0,0
C107543,2025-09,1,49.0,49.62,Month-to-month,Credit card (automatic),DSL,No,0,0
C107544,2022-12,29,65.62,1922.03,Two year,Credit card (automatic),Fiber optic,Yes,0,0
C107545,2023-02,38,58.51,2311.62,Month-to-month,Bank transfer (automatic),DSL,Yes,0,0
C107546,2023-02,37,33.83,1285.55,Two year,Electronic check,No,Yes,0,0
C107547,2023-06,38,54.44,2088.97,Month-to-month,Electronic check,DSL,No,0,0
C107548,2026-05,5,78.55,401.15,Month-to-month,Electronic check,Fiber optic,No,0,1
C107549,2024-12,16,78.05,1195.17,Month-to-month,Mailed check,Fiber optic,Yes,0,1
C107550,2024-01,18,54.65,1028.48,Month-to-month,Credit card (automatic),DSL,Yes,0,0
C107551,2024-09,16,68.51,1087.94,Two year,Electronic check,Fiber optic,No,0,0
C107552,2024-05,24,76.58,1762.5,One year,Mailed check,Fiber optic,No,0,0
C107553,2025-09,6,41.49,245.92,Month-to-month,Credit card (automatic),No,No,0,0
C107554,2024-08,3,74.93,225.1,Two year,Electronic check,Fiber optic,No,0,0
C107555,2024-09,2,82.22,172.61,Month-to-month,Electronic check,Fiber optic,No,1,1
C107556,2023-02,30,87.23,2643.08,Month-to-month,Electronic check,Fiber optic,Yes,0,0
C107557,2024-06,5,70.81,337.95,Month-to-month,Electronic check,Fiber optic,Yes,0,0
C107558,2023-07,16,76.21,1167.2,One year,Mailed check,Fiber optic,Yes,0,0
C107559,2024-10,9,59.34,529.14,Two year,Mailed check,DSL,Yes,0,0
C107560,2024-06,10,80.64,835.78,Month-to-month,Bank transfer (automatic),Fiber optic,No,0,1
C107561,2025-08,13,25.21,323.15,One year,Electronic check,No,No,0,0
C107562,2025-08,10,70.22,736.22,Month-to-month,Bank transfer (automatic),Fiber optic,No,1,1
C107563,2026-06,3,84.8,242.04,Month-to-month,Electronic check,Fiber optic,Yes,0,0
C107564,2024-04,13,74.49,972.95,One year,Mailed check,Fiber optic,No,1,1
C107565,2024-10,8,76.83,643.94,Month-to-month,Electronic check,Fiber optic,Yes,1,0
C107566,2025-03,8,75.12,599.96,Month-to-month,Bank transfer (automatic),Fiber optic,Yes,1,0
C107567,2021-08,46,61.86,2847.78,One year,Bank transfer (automatic),DSL,No,0,0
C107568,2024-09,4,60.84,238.97,Month-to-month,Electronic check,DSL,Yes,0,1
C107569,2025-06,12,53.88,665.97,Month-to-month,Bank transfer (automatic),DSL,Yes,0,0
C107570,2023-12,17,77.47,1373.66,One year,Mailed check,Fiber optic,Yes,0,0
C107571,2021-03,46,73.07,3336.72,One year,Credit card (automatic),Fiber optic,Yes,0,0
C107572,2024-11,6,35.23,220.11,Month-to-month,Credit card (automatic),No,Yes,0,0
C107573,2022-06,35,58.74,1981.81,Two year,Electronic check,DSL,No,1,0
C107574,2024-04,13,62.42,825.65,Month-to-month,Mailed check,DSL,Yes,1,0
C107575,2025-05,13,61.65,786.02,One year,Electronic check,Fiber optic,Yes,0,0
C107576,2024-06,23,55.88,1234.6,One year,Bank transfer (automatic),DSL,Yes,1,0
C107577,2021-10,39,80.87,3190.85,One year,Electronic check,Fiber optic,Yes,0,0
C107578,2025-06,10,50.69,509.1,Month-to-month,Mailed check,DSL,No,1,0
C107579,2023-11,18,64.74,1173.16,One year,Credit card (automatic),DSL,No,0,0
C107580,2024-07,17,75.72,1317.82,One year,Mailed check,Fiber optic,No,0,0
C107581,2023-09,16,74.75,1193.09,Two year,Credit card (automatic),Fiber optic,No,0,1
C107582,2024-02,26,58.55,1504.17,One year,Electronic check,DSL,No,0,0
C107583,2024-05,8,46.93,384.5,Month-to-month,Credit card (automatic),DSL,Yes,0,0
C107584,2024-02,11,60.97,685.66,Month-to-month,Bank transfer (automatic),DSL,No,0,1
C107585,2026-07,3,57.96,174.35,Month-to-month,Mailed check,DSL,Yes,0,0
C107586,2023-09,22,27.31,608.02,Month-to-month,Electronic check,No,Yes,0,0
C107587,2024-07,15,78.74,1182.12,Two year,Mailed check,Fiber optic,No,0,0
C107588,2022-08,39,43.63,1723.01,Month-to-month,Bank transfer (automatic),DSL,No,0,0
C107589,2026-02,6,71.32,423.62,Month-to-month,Electronic check,Fiber optic,Yes,0,1
C107590,2021-05,50,61.52,3172.54,One year,Credit card (automatic),DSL,No,1,0
C107591,2024-02,24,56.65,1387.73,Two year,Bank transfer (automatic),DSL,No,1,0
C107592,2023-10,24,25.57,626.75,One year,Credit card (automatic),No,No,0,0
C107593,2025-06,9,50.73,478.53,Month-to-month,Electronic check,DSL,No,0,1
C107594,2024-02,12,29.03,348.52,Month-to-month,Mailed check,No,No,0,0
C107595,2024-12,10,29.95,312.99,Two year,Electronic check,No,No,0,0
C107596,2023-02,34,66.94,2252.38,Two year,Electronic check,Fiber optic,No,0,0
C107597,2024-11,3,75.08,234.47,Month-to-month,Electronic check,Fiber optic,Yes,0,0
C107598,2025-07,13,51.76,677.32,Two year,Electronic check,DSL,No,0,0
C107599,2025-05,14,26.27,370.36,Two year,Bank transfer (automatic),No,Yes,0,0
C107600,2025-08,10,28.03,290.8,Month-to-month,Electronic check,No,No,0,1
C107601,2025-04,7,68.7,502.76,Month-to-month,Electronic check,Fiber optic,No,1,1
C107602,2026-06,2,55.6,107.86,Month-to-month,Mailed check,DSL,No,0,1
C107603,2023-12,14,55.49,748.11,Month-to-month,Bank transfer (automatic),DSL,No,0,0
C107604,2023-08,22,45.74,1034.16,Two year,Bank transfer (automatic),DSL,Yes,0,0
C107605,2024-08,15,55.26,817.15,One year,Bank transfer (automatic),DSL,No,0,0
C107606,2025-07,7,82.83,558.83,Month-to-month,Electronic check,Fiber optic,Yes,1,0
C107607,2025-02,14,31.14,424.23,Month-to-month,Bank transfer (automatic),No,No,1,0
C107608,2021-08,39,72.34,2778.52,Two year,Bank transfer (automatic),Fiber optic,Yes,1,0
C107609,2024-12,9,81.68,755.19,Month-to-month,Electronic check,Fiber optic,No,0,1
C107610,2024-07,17,75.55,1229.6,Month-to-month,Electronic check,Fiber optic,Yes,1,1
C107611,2025-03,19,81.11,1542.11,Month-to-month,Credit card (automatic),Fiber optic,No,0,0
C107612,2026-01,4,58.94,224.39,One year,Electronic check,Fiber optic,No,0,1
C107613,2024-12,12,26.51,324.44,Month-to-month,Electronic check,No,No,0,1
C107614,2024-12,12,49.15,617.13,Month-to-month,Electronic check,DSL,No,0,0
C107615,2024-07,15,36.82,544.39,Two year,Credit card (automatic),No,Yes,0,0
C107616,2023-11,33,59.55,2048.28,Month-to-month,Mailed check,DSL,Yes,1,0
C107617,2025-12,5,68.5,355.68,Month-to-month,Credit card (automatic),Fiber optic,No,0,1
C107618,2023-02,35,69.9,2409.38,Month-to-month,Credit card (automatic),Fiber optic,Yes,0,0
C107619,2024-05,23,61.52,1373.68,Two year,Bank transfer (automatic),Fiber optic,No,0,0
C107620,2022-04,51,77.71,3895.89,Month-to-month,Electronic check,Fiber optic,Yes,0,0
C107621,2026-06,2,56.91,118.55,Month-to-month,Electronic check,DSL,Yes,0,0
C107622,2019-05,69,70.21,4808.44,One year,Credit card (automatic),Fiber optic,No,0,0
C107623,2024-09,4,64.49,257.92,Two year,Credit card (automatic),Fiber optic,No,0,0
C107624,2024-08,7,72.56,489.96,One year,Credit card (automatic),Fiber optic,No,0,0
C107625,2026-02,7,46.21,314.68,Month-to-month,Credit card (automatic),No,Yes,0,0
C107626,2023-08,22,73.45,1684.78,Month-to-month,Bank transfer (automatic),Fiber optic,Yes,0,0
C107627,2024-01,12,37.61,470.02,Month-to-month,Mailed check,No,Yes,0,1
C107628,2025-11,8,53.95,422.81,Month-to-month,Mailed check,DSL,No,0,0
C107629,2021-02,45,59.36,2724.68,One year,Mailed check,DSL,No,0,0
C107630,2025-04,2,57.16,116.45,One year,Electronic check,DSL,No,0,0
C107631,2023-04,29,30.54,878.73,Month-to-month,Electronic check,No,No,0,0
C107632,2025-05,14,73.57,1052.0,Two year,Electronic check,Fiber optic,Yes,0,0
C107633,2024-05,8,37.93,315.43,Month-to-month,Electronic check,No,Yes,0,0
C107634,2024-02,9,73.14,676.33,One year,Electronic check,Fiber optic,Yes,1,0
C107635,2024-11,11,54.65,604.19,Month-to-month,Bank transfer (automatic),DSL,No,1,0
C107636,2025-03,7,79.73,565.66,Month-to-month,Bank transfer (automatic),Fiber optic,No,1,0
C107637,2024-08,26,79.52,2137.36,Two year,Bank transfer (automatic),Fiber optic,Yes,0,0
C107638,2025-10,11,47.39,534.31,Month-to-month,Bank transfer (automatic),DSL,No,0,0
C107639,2024-06,23,62.13,1491.73,Two year,Mailed check,Fiber optic,Yes,0,0
C107640,2025-12,9,38.02,353.8,One year,Mailed check,No,No,0,0
C107641,2023-06,17,48.08,781.17,Two year,Mailed check,DSL,Yes,0,0
C107642,2024-07,17,77.2,1340.82,Two year,Electronic check,Fiber optic,No,0,0
C107643,2023-12,15,71.69,1035.98,Month-to-month,Bank transfer (automatic),Fiber optic,No,1,1
C107644,2023-03,35,52.92,1914.02,Month-to-month,Bank transfer (automatic),DSL,Yes,0,0
C107645,2021-09,38,57.57,2100.17,Two year,Electronic check,DSL,No,0,0
C107646,2023-08,25,80.14,1960.95,Month-to-month,Credit card (automatic),Fiber optic,No,1,1
C107647,2023-05,31,65.93,2005.96,One year,Electronic check,Fiber optic,Yes,1,0
C107648,2024-10,24,79.31,1985.83,Month-to-month,Mailed check,Fiber optic,Yes,0,0
C107649,2025-07,10,51.72,542.45,Month-to-month,Credit card (automatic),DSL,Yes,0,0
C107650,2025-03,13,58.35,761.49,Month-to-month,Bank transfer (automatic),DSL,Yes,0,0
C107651,2026-02,2,76.1,152.54,Month-to-month,Bank transfer (automatic),Fiber optic,Yes,1,0
C107652,2025-09,6,68.71,413.92,Two year,Bank transfer (automatic),Fiber optic,Yes,0,0
C107653,2024-11,4,69.03,279.99,One year,Electronic check,Fiber optic,No,0,0
C107654,2024-10,8,45.71,349.91,Month-to-month,Bank transfer (automatic),DSL,No,1,1
C107655,2024-12,18,71.95,1268.74,Month-to-month,Bank transfer (automatic),Fiber optic,Yes,0,1
C107656,2025-01,10,59.91,605.8,Month-to-month,Electronic check,DSL,No,0,0
C107657,2023-05,27,58.48,1537.07,Month-to-month,Electronic check,DSL,Yes,0,1
C107658,2024-08,7,70.74,500.59,Month-to-month,Credit card (automatic),Fiber optic,No,0,0
C107659,2023-02,23,76.38,1827.13,Two year,Electronic check,Fiber optic,Yes,0,0
C107660,2025-08,6,32.95,203.01,Month-to-month,Credit card (automatic),No,Yes,0,1
C107661,2022-05,34,34.49,1176.61,Month-to-month,Electronic check,No,Yes,0,0
C107662,2025-11,7,69.57,476.22,Month-to-month,Mailed check,Fiber optic,No,0,0
C107663,2024-04,20,86.64,1717.48,Month-to-month,Bank transfer (automatic),Fiber optic,No,0,1
C107664,2025-07,8,78.71,603.61,Month-to-month,Bank transfer (automatic),Fiber optic,No,0,0
C107665,2022-07,42,85.07,3446.13,Month-to-month,Mailed check,Fiber optic,Yes,0,1
C107666,2023-01,41,47.67,2051.92,Two year,Electronic check,DSL,No,1,0
C107667,2023-12,20,61.89,1289.39,One year,Mailed check,Fiber optic,Yes,0,0
C107668,2023-06,20,25.2,509.92,Month-to-month,Bank transfer (automatic),No,Yes,0,0
C107669,2023-11,25,59.92,1517.35,One year,Mailed check,DSL,Yes,0,0
C107670,2024-05,22,49.09,1056.29,Month-to-month,Mailed check,DSL,Yes,1,0
C107671,2023-12,28,64.83,1795.54,Month-to-month,Mailed check,DSL,No,1,0
C107672,2025-03,7,71.53,485.94,Month-to-month,Electronic check,Fiber optic,No,0,0
C107673,2025-05,15,78.21,1225.98,Month-to-month,Electronic check,Fiber optic,No,0,0
C107674,2025-08,9,77.29,717.53,Month-to-month,Electronic check,Fiber optic,Yes,1,0
C107675,2022-11,40,74.02,2899.72,Month-to-month,Bank transfer (automatic),Fiber optic,Yes,0,0
C107676,2025-03,5,29.06,143.3,Month-to-month,Credit card (automatic),No,No,0,0
C107677,2022-10,45,45.57,1950.39,Two year,Electronic check,DSL,Yes,0,0
C107678,2023-10,15,81.63,1196.03,Two year,Electronic check,Fiber optic,Yes,0,0
C107679,2024-05,28,75.98,2077.51,One year,Credit card (automatic),Fiber optic,Yes,0,0
C107680,2024-06,10,60.13,580.48,Two year,Electronic check,Fiber optic,No,0,0
C107681,2024-08,5,47.73,248.56,Month-to-month,Mailed check,DSL,Yes,0,0
C107682,2021-08,39,32.86,1220.43,One year,Bank transfer (automatic),No,Yes,0,0
C107683,2023-10,21,69.8,1474.69,Two year,Mailed check,Fiber optic,No,1,0
C107684,2024-09,5,44.97,222.99,Month-to-month,Mailed check,DSL,No,0,1
C107685,2023-09,14,71.1,985.48,Month-to-month,Credit card (automatic),DSL,Yes,0,1
C107686,2025-02,13,18.0,225.82,Two year,Bank transfer (automatic),No,Yes,0,0
C107687,2023-08,21,50.89,1100.02,One year,Bank transfer (automatic),DSL,No,0,0
C107688,2026-01,7,69.97,481.17,Two year,Electronic check,Fiber optic,No,0,0
C107689,2024-12,5,71.77,365.47,Month-to-month,Electronic check,Fiber optic,No,0,0
C107690,2024-01,16,74.98,1177.59,Two year,Credit card (automatic),Fiber optic,Yes,0,0
C107691,2025-04,7,78.94,575.15,Month-to-month,Credit card (automatic),Fiber optic,Yes,1,1
C107692,2023-03,40,54.51,2120.97,One year,Credit card (automatic),DSL,No,0,0
C107693,2023-06,26,69.43,1865.16,Two year,Electronic check,Fiber optic,No,0,0
C107694,2024-06,26,59.08,1573.49,Month-to-month,Credit card (automatic),DSL,Yes,1,0
C107695,2026-06,2,54.6,113.24,Month-to-month,Electronic check,DSL,Yes,1,0
C107696,2024-11,10,44.59,467.6,One year,Bank transfer (automatic),DSL,Yes,0,0
C107697,2024-07,12,78.67,951.38,One year,Bank transfer (automatic),Fiber optic,No,0,1
C107698,2025-07,6,66.36,407.31,Month-to-month,Mailed check,DSL,No,0,0
C107699,2023-09,22,76.37,1691.99,Month-to-month,Mailed check,Fiber optic,Yes,0,0
C107700,2023-11,20,52.09,1082.88,Two year,Bank transfer (automatic),DSL,No,0,0
C107701,2023-10,25,72.65,1837.49,One year,Credit card (automatic),Fiber optic,No,0,0
C107702,2023-02,30,45.76,1420.32,One year,Electronic check,DSL,No,0,0
C107703,2023-02,29,72.6,2055.84,Month-to-month,Electronic check,Fiber optic,Yes,0,0
C107704,2019-07,72,35.64,2449.32,Month-to-month,Bank transfer (automatic),No,No,0,0
C107705,2024-01,14,52.99,712.1,Two year,Electronic check,DSL,Yes,1,0
C107706,2024-07,13,83.17,1097.71,One year,Electronic check,Fiber optic,No,0,0
C107707,2024-03,22,74.36,1690.78,Two year,Electronic check,Fiber optic,Yes,0,0
C107708,2023-08,34,53.44,1770.12,Month-to-month,Electronic check,DSL,No,0,0
C107709,2025-12,3,59.93,181.41,Month-to-month,Mailed check,DSL,No,0,0
C107710,2025-03,8,54.71,438.79,Month-to-month,Credit card (automatic),DSL,Yes,0,1
C107711,2025-06,9,63.02,576.19,One year,Credit card (automatic),Fiber optic,No,1,0
C107712,2025-06,16,62.17,967.91,Month-to-month,Mailed check,DSL,No,0,1
C107713,2024-03,10,33.95,330.07,Month-to-month,Electronic check,No,Yes,0,0
C107714,2022-11,31,90.55,2885.52,One year,Bank transfer (automatic),Fiber optic,Yes,0,0
C107715,2023-06,17,72.69,1179.94,Month-to-month,Mailed check,Fiber optic,Yes,1,1
C107716,2023-12,13,35.31,467.93,Month-to-month,Bank transfer (automatic),No,No,0,0
C107717,2023-06,21,49.27,990.34,One year,Mailed check,DSL,Yes,0,0
C107718,2024-09,3,70.71,203.71,Month-to-month,Bank transfer (automatic),Fiber optic,No,0,0
C107719,2023-10,20,67.7,1319.18,One year,Electronic check,DSL,Yes,1,0
C107720,2024-04,7,63.53,437.66,Month-to-month,Credit card (automatic),Fiber optic,No,0,0
C107721,2022-11,27,53.47,1513.97,One year,Bank transfer (automatic),DSL,No,0,0
C107722,2025-06,3,40.13,119.87,One year,Mailed check,No,No,0,0
C107723,2023-07,21,60.61,1263.77,Two year,Credit card (automatic),Fiber optic,No,0,0
C107724,2025-03,7,72.81,523.47,Month-to-month,Electronic check,Fiber optic,No,0,1
C107725,2023-04,35,35.11,1200.55,One year,Electronic check,No,No,1,0
C107726,2026-03,4,48.64,196.45,Month-to-month,Bank transfer (automatic),DSL,No,0,1
C107727,2025-01,15,32.83,502.29,Month-to-month,Bank transfer (automatic),No,No,0,0
C107728,2023-03,24,71.11,1767.42,Month-to-month,Electronic check,Fiber optic,No,0,1
C107729,2023-07,19,80.89,1478.88,One year,Electronic check,Fiber optic,No,0,0
C107730,2023-04,19,83.67,1614.34,Month-to-month,Electronic check,Fiber optic,No,0,0
C107731,2024-09,5,27.98,132.97,Month-to-month,Electronic check,No,No,0,1
C107732,2026-03,5,18.0,89.97,Month-to-month,Mailed check,No,No,0,0
C107733,2024-10,18,75.95,1348.05,One year,Electronic check,Fiber optic,No,0,0
C107734,2024-03,16,81.99,1353.13,Month-to-month,Mailed check,Fiber optic,No,0,0
C107735,2025-10,6,34.0,208.63,Month-to-month,Bank transfer (automatic),No,No,0,1
C107736,2025-11,6,78.24,478.43,Month-to-month,Bank transfer (automatic),Fiber optic,Yes,0,0
C107737,2023-09,14,30.04,406.66,Two year,Credit card (automatic),No,No,0,0
C107738,2024-04,11,73.8,796.39,Month-to-month,Electronic check,Fiber optic,No,0,1
C107739,2021-08,49,49.06,2352.89,One year,Electronic check,DSL,No,1,0
C107740,2023-08,36,28.65,999.84,Two year,Electronic check,No,No,0,0
C107741,2023-02,26,74.37,1918.4,Month-to-month,Electronic check,Fiber optic,No,0,0
C107742,2022-06,39,57.68,2232.69,One year,Mailed check,DSL,Yes,0,0
C107743,2026-01,9,50.62,448.74,Month-to-month,Electronic check,DSL,No,0,1
C107744,2024-07,10,53.14,547.03,Month-to-month,Bank transfer (automatic),DSL,Yes,1,1
C107745,2023-02,32,73.19,2386.71,One year,Credit card (automatic),Fiber optic,No,0,0
C107746,2024-05,15,68.11,1051.78,One year,Electronic check,Fiber optic,Yes,0,0
C107747,2024-09,16,19.9,328.21,Two year,Electronic check,No,Yes,0,0
C107748,2025-04,6,59.5,347.03,Month-to-month,Bank transfer (automatic),DSL,No,0,1
C107749,2023-09,31,47.79,1547.6,Month-to-month,Bank transfer (automatic),DSL,No,0,0
C107750,2024-04,22,54.54,1217.94,One year,Electronic check,DSL,Yes,0,0
C107751,2025-03,12,78.82,974.05,Month-to-month,Bank transfer (automatic),Fiber optic,No,1,1
C107752,2025-08,10,39.14,408.17,Month-to-month,Electronic check,No,Yes,0,0
C107753,2022-03,35,44.45,1604.8,Month-to-month,Bank transfer (automatic),No,Yes,0,0
C107754,2025-06,9,63.52,575.09,Month-to-month,Bank transfer (automatic),DSL,Yes,1,0
C107755,2026-06,4,71.37,284.91,Month-to-month,Electronic check,Fiber optic,Yes,1,1
C107756,2022-12,36,73.82,2670.26,Month-to-month,Electronic check,Fiber optic,No,0,0
C107757,2022-05,37,30.02,1152.33,Two year,Bank transfer (automatic),No,No,0,0
C107758,2024-08,9,75.23,647.7,Month-to-month,Bank transfer (automatic),Fiber optic,No,0,0
C107759,2021-02,56,76.52,4236.68,Month-to-month,Credit card (automatic),Fiber optic,No,1,0
C107760,2025-08,14,80.08,1096.94,One year,Mailed check,Fiber optic,Yes,0,1
C107761,2025-04,9,54.17,484.92,One year,Bank transfer (automatic),DSL,No,0,0
C107762,2023-09,22,78.08,1735.31,One year,Bank transfer (automatic),Fiber optic,No,0,0
C107763,2024-08,5,68.8,353.37,Month-to-month,Bank transfer (automatic),Fiber optic,No,0,0
C107764,2024-12,7,31.07,206.8,Two year,Electronic check,No,No,0,0
C107765,2023-10,18,45.53,813.93,Month-to-month,Electronic check,DSL,Yes,0,0
C107766,2023-09,16,37.28,583.97,Month-to-month,Bank transfer (automatic),No,Yes,0,0
C107767,2023-04,28,52.24,1497.27,One year,Electronic check,DSL,Yes,0,0
C107768,2025-05,5,67.27,328.76,Month-to-month,Electronic check,Fiber optic,No,0,1
C107769,2021-10,50,26.47,1288.32,Two year,Electronic check,No,Yes,0,0
C107770,2025-03,11,53.99,574.46,Two year,Credit card (automatic),DSL,No,0,1
C107771,2023-09,16,68.11,1090.11,Month-to-month,Bank transfer (automatic),Fiber optic,No,1,1
C107772,2025-10,10,70.27,671.23,Month-to-month,Credit card (automatic),Fiber optic,Yes,0,0
C107773,2024-07,5,28.16,143.58,Month-to-month,Credit card (automatic),No,No,0,1
C107774,2024-05,14,58.34,848.15,One year,Bank transfer (automatic),DSL,Yes,0,0
C107775,2023-05,24,18.0,418.86,One year,Mailed check,No,No,0,0
C107776,2024-06,13,30.89,401.37,Two year,Mailed check,No,Yes,0,0
C107777,2025-05,7,74.01,537.77,Month-to-month,Bank transfer (automatic),Fiber optic,No,0,0
C107778,2022-10,29,75.97,2280.79,Two year,Credit card (automatic),Fiber optic,Yes,0,0
C107779,2022-05,30,77.95,2404.43,Month-to-month,Credit card (automatic),Fiber optic,No,0,0
C107780,2025-03,12,63.69,740.33,Month-to-month,Mailed check,DSL,No,0,0
C107781,2025-02,19,78.0,1472.67,Month-to-month,Bank transfer (automatic),Fiber optic,Yes,0,0
C107782,2023-08,29,43.87,1333.71,Two year,Mailed check,DSL,Yes,1,0
C107783,2023-02,24,58.11,1358.67,Month-to-month,Mailed check,DSL,Yes,0,1
C107784,2025-01,19,58.49,1070.56,Month-to-month,Electronic check,DSL,No,0,0
C107785,2024-04,23,71.34,1626.58,Month-to-month,Electronic check,Fiber optic,No,0,0
C107786,2023-07,20,72.25,1394.59,Month-to-month,Electronic check,Fiber optic,Yes,0,0
C107787,2024-08,15,58.05,868.21,One year,Bank transfer (automatic),Fiber optic,Yes,1,0
C107788,2025-05,5,57.68,291.84,One year,Electronic check,DSL,No,0,0
C107789,2026-01,7,74.61,516.79,Month-to-month,Credit card (automatic),Fiber optic,Yes,0,1
C107790,2023-06,21,69.01,1413.38,One year,Electronic check,Fiber optic,No,0,0
C107791,2025-01,10,69.38,691.05,Month-to-month,Electronic check,Fiber optic,Yes,0,1
C107792,2024-01,20,52.43,1079.09,Month-to-month,Mailed check,DSL,Yes,0,0
C107793,2025-12,5,78.03,402.54,Month-to-month,Electronic check,Fiber optic,Yes,0,1
C107794,2026-02,8,76.48,581.63,Month-to-month,Electronic check,Fiber optic,No,0,1
C107795,2025-02,13,27.19,337.39,One year,Electronic check,No,No,0,0
C107796,2026-04,2,68.03,141.74,Month-to-month,Mailed check,Fiber optic,Yes,0,0
C107797,2025-02,7,51.12,348.1,One year,Electronic check,DSL,No,0,0
C107798,2025-06,9,50.35,448.9,Month-to-month,Bank transfer (automatic),DSL,Yes,0,1
C107799,2023-06,17,51.82,846.8,One year,Electronic check,DSL,No,0,0
C107800,2025-04,12,59.05,696.87,Month-to-month,Electronic check,DSL,Yes,0,0
C107801,2024-11,18,72.07,1331.15,Month-to-month,Electronic check,Fiber optic,No,0,1
C107802,2025-01,15,85.33,1222.73,Month-to-month,Electronic check,Fiber optic,No,1,1
C107803,2025-02,12,51.87,619.23,Month-to-month,Bank transfer (automatic),DSL,Yes,1,1
C107804,2024-07,9,19.99,181.99,Month-to-month,Mailed check,No,No,0,1
C107805,2025-01,16,53.94,844.62,Month-to-month,Bank transfer (automatic),DSL,No,0,1
C107806,2022-06,34,71.64,2514.0,Month-to-month,Credit card (automatic),Fiber optic,No,0,0
C107807,2025-01,9,71.34,610.19,Two year,Electronic check,DSL,No,1,0
C107808,2021-03,48,66.48,3167.79,Two year,Credit card (automatic),Fiber optic,No,0,0
C107809,2024-12,16,63.08,1044.81,One year,Bank transfer (automatic),Fiber optic,Yes,1,0
C107810,2023-09,27,53.05,1377.44,One year,Bank transfer (automatic),DSL,No,1,0
C107811,2024-11,19,49.62,913.74,Two year,Credit card (automatic),DSL,Yes,0,0
C107812,2024-02,22,68.01,1519.44,Month-to-month,Electronic check,Fiber optic,No,0,0
C107813,2024-12,7,77.16,530.1,Month-to-month,Mailed check,Fiber optic,No,0,0
C107814,2024-11,10,33.4,325.55,Month-to-month,Mailed check,No,No,0,0
C107815,2026-03,3,69.49,208.93,Two year,Bank transfer (automatic),Fiber optic,No,0,0
C107816,2024-05,13,49.0,645.41,Two year,Electronic check,DSL,No,0,0
C107817,2023-10,23,72.79,1710.18,Month-to-month,Electronic check,Fiber optic,No,0,0
C107818,2024-08,13,25.06,321.94,One year,Credit card (automatic),No,No,0,0
C107819,2024-05,28,47.31,1336.49,Month-to-month,Mailed check,DSL,Yes,0,0
C107820,2025-02,11,63.91,732.39,Month-to-month,Electronic check,DSL,No,1,1
C107821,2024-09,8,89.63,749.34,Month-to-month,Electronic check,Fiber optic,Yes,0,0
C107822,2025-03,10,68.84,697.52,Month-to-month,Bank transfer (automatic),Fiber optic,No,1,0
C107823,2024-10,24,71.38,1719.62,Month-to-month,Electronic check,Fiber optic,Yes,1,0
C107824,2022-10,42,65.51,2818.12,One year,Electronic check,Fiber optic,No,0,0
C107825,2021-02,52,55.94,3027.72,Two year,Credit card (automatic),DSL,No,0,0
C107826,2024-06,23,68.91,1541.35,Month-to-month,Electronic check,Fiber optic,No,0,1
C107827,2024-04,27,73.19,1950.96,Two year,Electronic check,Fiber optic,Yes,0,0
C107828,2025-01,4,57.57,219.28,Month-to-month,Bank transfer (automatic),DSL,No,0,0
C107829,2025-01,5,54.08,283.04,Month-to-month,Electronic check,DSL,Yes,0,0
C107830,2025-01,7,83.16,600.61,Month-to-month,Electronic check,Fiber optic,No,1,1
C107831,2023-10,35,48.5,1625.62,Two year,Bank transfer (automatic),DSL,No,0,0
C107832,2023-04,35,27.61,1002.01,Two year,Bank transfer (automatic),No,Yes,0,0
C107833,2021-04,59,22.7,1367.08,Month-to-month,Mailed check,No,No,0,0
C107834,2025-06,7,60.35,437.77,Month-to-month,Bank transfer (automatic),Fiber optic,No,0,0
C107835,2024-03,14,75.36,1092.09,Two year,Credit card (automatic),Fiber optic,No,0,0
C107836,2024-10,3,26.29,76.88,Month-to-month,Bank transfer (automatic),No,No,0,1
C107837,2025-04,4,81.94,320.93,Month-to-month,Bank transfer (automatic),Fiber optic,Yes,0,0
C107838,2025-07,12,69.89,825.11,One year,Credit card (automatic),Fiber optic,No,1,0
C107839,2025-08,8,54.35,443.3,Month-to-month,Electronic check,DSL,No,1,1
C107840,2025-12,8,28.84,234.41,Two year,Mailed check,No,No,0,0
C107841,2025-03,9,51.76,465.28,Month-to-month,Electronic check,DSL,No,0,1
C107842,2023-03,38,40.91,1561.46,Two year,Electronic check,DSL,No,0,0
C107843,2023-08,31,63.77,1967.16,Two year,Credit card (automatic),Fiber optic,No,0,0
C107844,2025-05,7,49.3,339.06,Month-to-month,Electronic check,DSL,No,0,0
C107845,2024-04,30,54.8,1695.63,Month-to-month,Electronic check,DSL,No,0,0
C107846,2024-12,8,81.7,658.26,Month-to-month,Electronic check,Fiber optic,Yes,0,0
C107847,2025-05,4,48.45,198.95,One year,Bank transfer (automatic),DSL,No,0,0
C107848,2025-02,9,29.4,255.58,Month-to-month,Credit card (automatic),No,No,1,0
C107849,2023-05,18,31.43,551.41,Month-to-month,Mailed check,No,No,0,0
C107850,2025-06,7,67.23,466.16,One year,Credit card (automatic),Fiber optic,Yes,0,1
C107851,2023-12,22,57.31,1226.07,Month-to-month,Mailed check,DSL,Yes,0,0
C107852,2024-12,10,81.6,825.0,Month-to-month,Credit card (automatic),Fiber optic,No,0,0
C107853,2024-07,19,55.16,1070.51,One year,Credit card (automatic),DSL,Yes,1,0
C107854,2024-06,6,68.7,400.95,Two year,Electronic check,Fiber optic,Yes,0,0
C107855,2024-08,15,49.95,712.77,Month-to-month,Credit card (automatic),DSL,No,1,1
C107856,2024-05,7,68.29,483.13,Two year,Electronic check,Fiber optic,Yes,0,0
C107857,2024-05,12,50.48,634.91,Month-to-month,Mailed check,DSL,No,0,1
C107858,2020-11,49,24.08,1159.54,Two year,Electronic check,No,Yes,0,0
C107859,2025-09,11,54.27,604.99,Month-to-month,Mailed check,DSL,Yes,0,0
C107860,2025-03,5,73.75,352.08,Month-to-month,Credit card (automatic),Fiber optic,No,0,0
C107861,2024-08,16,56.8,915.05,Two year,Bank transfer (automatic),DSL,No,0,0
C107862,2024-07,16,65.47,1053.81,Two year,Bank transfer (automatic),Fiber optic,No,0,0
C107863,2025-02,16,32.33,520.76,Month-to-month,Credit card (automatic),No,No,0,0
C107864,2023-05,22,50.01,1098.65,One year,Mailed check,DSL,No,0,0
C107865,2024-09,10,49.53,492.85,Month-to-month,Electronic check,DSL,Yes,1,1
C107866,2023-12,23,58.64,1397.94,Month-to-month,Credit card (automatic),DSL,Yes,0,1
C107867,2023-10,14,74.51,992.37,One year,Electronic check,Fiber optic,Yes,0,0
C107868,2025-07,5,65.4,322.9,Two year,Credit card (automatic),Fiber optic,Yes,0,0
C107869,2024-04,25,18.0,446.25,One year,Electronic check,No,No,0,0
C107870,2024-04,17,36.72,644.77,Month-to-month,Electronic check,No,No,0,0
C107871,2024-03,22,59.66,1298.04,Month-to-month,Mailed check,DSL,No,0,0
C107872,2025-06,5,36.93,177.07,Month-to-month,Electronic check,No,No,0,0
C107873,2024-02,26,37.25,931.94,Month-to-month,Electronic check,No,Yes,0,0
C107874,2020-12,57,69.09,3788.61,Two year,Electronic check,Fiber optic,No,1,0
C107875,2025-08,5,52.5,265.23,Month-to-month,Electronic check,DSL,No,0,1
C107876,2022-08,29,64.25,1868.87,Month-to-month,Bank transfer (automatic),Fiber optic,Yes,0,0
C107877,2024-06,17,72.81,1206.74,One year,Mailed check,Fiber optic,No,0,0
C107878,2025-07,14,72.3,980.71,Month-to-month,Electronic check,Fiber optic,Yes,0,1
C107879,2023-01,27,50.3,1413.72,Month-to-month,Electronic check,DSL,No,0,0
C107880,2023-08,25,63.85,1609.97,One year,Electronic check,Fiber optic,No,0,0
C107881,2022-11,34,68.82,2420.22,Month-to-month,Mailed check,Fiber optic,No,0,0
C107882,2026-01,6,46.92,274.89,Month-to-month,Mailed check,DSL,No,0,0
C107883,2022-11,35,34.76,1213.52,One year,Electronic check,No,Yes,0,0
C107884,2023-09,19,59.49,1102.84,One year,Credit card (automatic),DSL,Yes,0,0
C107885,2026-07,3,50.55,146.49,Month-to-month,Electronic check,DSL,No,0,1
C107886,2024-10,11,82.35,895.81,Month-to-month,Mailed check,Fiber optic,No,0,1
C107887,2025-04,17,72.62,1173.2,One year,Bank transfer (automatic),Fiber optic,No,0,0
C107888,2025-10,10,63.81,662.98,Month-to-month,Electronic check,DSL,No,1,1
C107889,2024-01,13,78.58,1016.42,Month-to-month,Electronic check,Fiber optic,No,0,1
C107890,2024-12,9,78.79,682.42,Month-to-month,Mailed check,Fiber optic,No,0,0
C107891,2019-03,72,56.47,4052.42,Month-to-month,Bank transfer (automatic),DSL,No,1,0
C107892,2024-04,23,50.67,1208.59,Month-to-month,Credit card (automatic),DSL,No,0,0
C107893,2025-04,15,61.08,958.1,Two year,Mailed check,Fiber optic,Yes,0,1
C107894,2026-02,6,76.23,434.59,Month-to-month,Credit card (automatic),Fiber optic,Yes,0,1
C107895,2022-03,34,52.23,1860.12,One year,Mailed check,DSL,No,0,0
C107896,2023-04,21,90.6,1869.04,Month-to-month,Bank transfer (automatic),Fiber optic,No,0,1
C107897,2024-04,7,79.49,567.95,Month-to-month,Electronic check,Fiber optic,No,0,1
C107898,2025-03,7,23.73,170.31,One year,Credit card (automatic),No,Yes,0,0
C107899,2024-04,13,71.49,967.15,One year,Electronic check,Fiber optic,No,1,0
C107900,2025-02,16,48.39,767.25,Two year,Electronic check,DSL,No,0,0
C107901,2023-12,23,74.76,1765.27,Month-to-month,Mailed check,Fiber optic,No,1,0
C107902,2024-10,14,47.13,672.04,Month-to-month,Credit card (automatic),DSL,Yes,0,0
C107903,2024-05,24,77.45,1826.35,One year,Electronic check,Fiber optic,Yes,0,0
C107904,2025-09,10,52.63,543.46,Month-to-month,Electronic check,DSL,Yes,0,1
C107905,2023-11,14,33.93,493.63,Month-to-month,Credit card (automatic),No,Yes,1,0
C107906,2023-02,35,71.38,2515.0,Month-to-month,Credit card (automatic),Fiber optic,No,1,0
C107907,2024-01,25,27.61,712.28,Month-to-month,Bank transfer (automatic),No,Yes,0,0
C107908,2024-07,15,72.56,1101.99,Two year,Mailed check,Fiber optic,No,1,0
C107909,2024-10,19,56.57,1105.91,Two year,Mailed check,Fiber optic,No,0,0
C107910,2025-05,14,58.72,831.79,One year,Credit card (automatic),DSL,Yes,0,0
C107911,2025-04,5,63.82,325.26,Month-to-month,Electronic check,DSL,No,0,0
C107912,2021-07,43,77.7,3186.6,Two year,Bank transfer (automatic),Fiber optic,No,0,0
C107913,2024-06,7,25.79,173.24,Month-to-month,Bank transfer (automatic),No,No,0,0
C107914,2025-07,11,54.61,595.51,One year,Credit card (automatic),DSL,Yes,0,0
C107915,2019-05,69,66.32,4708.5,Two year,Bank transfer (automatic),Fiber optic,No,0,0
C107916,2025-08,6,41.68,239.17,Two year,Electronic check,DSL,No,0,0
C107917,2024-01,14,75.53,1005.99,Month-to-month,Bank transfer (automatic),Fiber optic,No,0,0
C107918,2023-03,36,20.06,701.8,One year,Credit card (automatic),No,No,0,0
C107919,2022-02,49,54.2,2751.5,Two year,Credit card (automatic),DSL,Yes,0,0
C107920,2024-03,21,55.51,1210.84,Two year,Electronic check,DSL,Yes,0,0
C107921,2022-06,34,76.75,2555.84,Two year,Electronic check,Fiber optic,No,0,0
C107922,2024-12,13,58.07,768.64,Month-to-month,Bank transfer (automatic),DSL,No,0,0
C107923,2024-12,1,52.52,53.59,Month-to-month,Bank transfer (automatic),DSL,Yes,0,0
C107924,2022-05,32,73.87,2245.87,Month-to-month,Electronic check,Fiber optic,Yes,0,0
C107925,2023-11,15,72.74,1077.37,One year,Electronic check,Fiber optic,Yes,1,0
C107926,2025-07,11,38.78,411.65,Month-to-month,Electronic check,No,Yes,1,1
C107927,2024-09,11,38.84,420.67,Month-to-month,Electronic check,No,Yes,0,0
C107928,2024-04,24,68.5,1605.4,Two year,Electronic check,Fiber optic,Yes,0,0
C107929,2023-09,24,74.9,1721.43,Two year,Credit card (automatic),Fiber optic,Yes,0,0
C107930,2025-05,15,68.9,1083.73,One year,Bank transfer (automatic),Fiber optic,No,1,0
C107931,2023-06,20,77.62,1552.58,Month-to-month,Electronic check,Fiber optic,No,0,0
C107932,2025-08,6,52.9,306.13,Month-to-month,Bank transfer (automatic),DSL,Yes,0,0
C107933,2024-09,13,56.46,714.49,Month-to-month,Mailed check,DSL,No,1,0
C107934,2025-09,6,70.07,400.95,Month-to-month,Bank transfer (automatic),Fiber optic,Yes,1,0
C107935,2025-11,6,19.08,112.19,Two year,Credit card (automatic),No,No,0,0
C107936,2024-10,19,64.52,1172.48,One year,Electronic check,Fiber optic,No,0,0
C107937,2024-09,15,33.5,489.82,Month-to-month,Credit card (automatic),No,Yes,0,0
C107938,2024-06,10,48.31,479.98,Month-to-month,Electronic check,DSL,No,0,0
C107939,2024-02,12,52.95,646.31,Month-to-month,Bank transfer (automatic),DSL,Yes,0,0
C107940,2024-08,20,35.34,730.3,Month-to-month,Credit card (automatic),No,Yes,0,0
C107941,2024-10,24,61.72,1415.38,Month-to-month,Bank transfer (automatic),DSL,Yes,0,0
C107942,2024-08,22,69.12,1482.11,Month-to-month,Electronic check,Fiber optic,Yes,0,1
C107943,2025-10,3,40.6,117.36,Month-to-month,Electronic check,DSL,Yes,0,1
C107944,2025-06,2,25.18,49.6,Month-to-month,Electronic check,No,No,0,1
C107945,2024-06,8,56.2,435.05,Month-to-month,Electronic check,DSL,Yes,0,0
C107946,2025-10,2,32.83,63.92,One year,Electronic check,No,No,1,0
C107947,2022-05,40,43.52,1813.48,Two year,Electronic check,DSL,Yes,0,0
C107948,2025-01,12,42.2,513.56,One year,Bank transfer (automatic),DSL,Yes,0,1
C107949,2025-08,5,22.15,114.81,Two year,Electronic check,No,No,0,0
C107950,2024-04,12,65.88,794.0,Two year,Mailed check,Fiber optic,No,1,1
C107951,2025-02,3,65.33,202.26,One year,Bank transfer (automatic),DSL,No,0,0
C107952,2024-12,5,75.66,372.61,Month-to-month,Electronic check,Fiber optic,No,1,0
C107953,2024-09,11,58.89,631.24,Month-to-month,Bank transfer (automatic),DSL,No,0,0
C107954,2024-05,10,61.6,619.01,Month-to-month,Bank transfer (automatic),DSL,No,1,1
C107955,2024-10,11,50.1,575.47,One year,Mailed check,DSL,Yes,0,0
C107956,2023-02,21,69.6,1510.57,Two year,Mailed check,Fiber optic,No,0,0
C107957,2023-12,29,54.32,1534.82,One year,Bank transfer (automatic),DSL,Yes,0,0
C107958,2024-03,16,31.24,522.57,Two year,Mailed check,No,Yes,0,0
C107959,2022-06,30,71.23,2142.24,One year,Mailed check,Fiber optic,Yes,0,0
C107960,2025-08,10,61.26,607.76,Month-to-month,Credit card (automatic),DSL,No,0,0
C107961,2023-12,32,81.62,2556.51,Month-to-month,Credit card (automatic),Fiber optic,No,0,0
C107962,2025-06,16,70.3,1139.1,One year,Mailed check,Fiber optic,Yes,0,0
C107963,2023-03,27,79.55,2164.79,Month-to-month,Mailed check,Fiber optic,Yes,0,0
C107964,2025-11,10,77.34,798.54,Month-to-month,Credit card (automatic),Fiber optic,No,0,1
C107965,2024-02,16,87.97,1465.9,One year,Mailed check,Fiber optic,No,0,0
C107966,2021-05,53,60.38,3279.01,Month-to-month,Bank transfer (automatic),DSL,No,0,0
C107967,2025-03,16,71.32,1105.17,Two year,Electronic check,Fiber optic,No,1,0
C107968,2023-11,28,49.38,1331.82,One year,Electronic check,DSL,No,1,0
C107969,2024-01,31,22.59,702.82,One year,Mailed check,No,No,0,0
C107970,2024-04,23,78.17,1735.63,Month-to-month,Credit card (automatic),Fiber optic,No,0,0
C107971,2023-12,26,58.75,1545.39,Two year,Electronic check,Fiber optic,No,0,0
C107972,2024-05,10,84.74,818.73,Month-to-month,Credit card (automatic),Fiber optic,No,1,1
C107973,2026-01,8,42.64,331.99,Month-to-month,Bank transfer (automatic),DSL,No,0,0
C107974,2025-01,6,48.82,280.73,Month-to-month,Bank transfer (automatic),DSL,Yes,0,0
C107975,2023-04,20,58.8,1215.64,One year,Credit card (automatic),DSL,No,0,0
C107976,2025-01,15,71.79,1086.49,One year,Electronic check,Fiber optic,No,0,0
C107977,2023-07,19,73.1,1367.58,One year,Electronic check,Fiber optic,Yes,0,0
C107978,2024-10,5,48.68,240.89,One year,Electronic check,DSL,No,1,1
C107979,2024-03,9,74.23,643.66,Month-to-month,Mailed check,Fiber optic,Yes,0,1
C107980,2023-11,28,73.11,2118.31,Two year,Electronic check,Fiber optic,Yes,0,0
C107981,2023-06,17,70.01,1166.97,Month-to-month,Bank transfer (automatic),Fiber optic,No,0,0
C107982,2023-11,16,53.43,818.23,Month-to-month,Credit card (automatic),DSL,No,0,0
C107983,2025-04,13,30.03,384.89,Month-to-month,Electronic check,No,No,0,0
C107984,2024-08,8,73.38,571.96,Month-to-month,Mailed check,Fiber optic,No,0,1
C107985,2022-07,33,79.51,2599.58,Month-to-month,Bank transfer (automatic),Fiber optic,Yes,0,0
C107986,2023-07,37,71.76,2750.78,Two year,Bank transfer (automatic),Fiber optic,Yes,0,0
C107987,2024-08,16,71.37,1169.89,One year,Credit card (automatic),Fiber optic,Yes,0,0
C107988,2023-11,14,58.76,801.55,Two year,Electronic check,Fiber optic,No,1,0
C107989,2023-06,39,62.09,2378.26,Month-to-month,Electronic check,DSL,Yes,0,0
C107990,2024-02,9,49.46,442.16,Month-to-month,Credit card (automatic),DSL,Yes,0,0
C107991,2024-11,11,65.66,697.81,Month-to-month,Electronic check,DSL,No,0,0
C107992,2023-11,27,66.93,1768.26,One year,Bank transfer (automatic),Fiber optic,Yes,0,0
C107993,2025-11,10,76.52,750.54,Month-to-month,Electronic check,Fiber optic,No,0,0
C107994,2024-05,15,56.62,822.88,One year,Mailed check,DSL,No,0,0
C107995,2024-09,2,53.82,105.2,Month-to-month,Bank transfer (automatic),DSL,No,0,0
C107996,2022-12,37,73.87,2712.6,One year,Bank transfer (automatic),Fiber optic,Yes,0,0
C107997,2023-02,25,73.3,1896.23,Month-to-month,Electronic check,Fiber optic,Yes,1,0
C107998,2023-07,32,86.34,2812.61,Month-to-month,Credit card (automatic),Fiber optic,Yes,0,0
C107999,2024-08,7,76.21,510.37,Month-to-month,Credit card (automatic),Fiber optic,Yes,1,0
